date_ad,date_bs,metal,rate_type,source_per_tola,source_per_10g,calculated_per_gram,calculated_per_kg,source,source_url,status
2026-09-28,,Gold,"Fine Gold (9999)",294300,252315,25231.48,25231480,"FENEGOSIDA",https://fenegosida.org,Verified
2026-09-28,,Silver,"Silver",4510,3866.5,386.66,386660,"FENEGOSIDA",https://fenegosida.org,Verified
2026-09-27,,Gold,"Fine Gold (9999)",299300,256600,25660.15,25660150,"FENEGOSIDA",https://fenegosida.org,Verified
2026-09-27,,Silver,"Silver",4655,3991,399.09,399090,"FENEGOSIDA",https://fenegosida.org,Verified
2026-09-25,2083/06/09,Silver,"Silver Rate Per Tola",4620,3961,396.09,396090,"FENEGOSIDA",https://api.fenegosida.org/api/website/v1/Dashboard/monthwisehistory?date=2026-09,Verified
2026-09-25,2083/06/09,Gold,"Fine Gold (9999)",298600,256000,25600.14,25600140,"FENEGOSIDA",https://api.fenegosida.org/api/website/v1/Dashboard/monthwisehistory?date=2026-09,Verified
2026-09-24,2083/06/08,Silver,"Silver Rate Per Tola",4650,3986,398.66,398660,"FENEGOSIDA",https://api.fenegosida.org/api/website/v1/Dashboard/monthwisehistory?date=2026-09,Verified
2026-09-24,2083/06/08,Gold,"Fine Gold (9999)",299100,256430,25643,25643000,"FENEGOSIDA",https://api.fenegosida.org/api/website/v1/Dashboard/monthwisehistory?date=2026-09,Verified
2026-09-23,2083/06/07,Silver,"Silver Rate Per Tola",4815,4128,412.81,412810,"FENEGOSIDA",https://api.fenegosida.org/api/website/v1/Dashboard/monthwisehistory?date=2026-09,Verified
2026-09-23,2083/06/07,Gold,"Fine Gold (9999)",302300,259175,25917.35,25917350,"FENEGOSIDA",https://api.fenegosida.org/api/website/v1/Dashboard/monthwisehistory?date=2026-09,Verified
2026-09-22,2083/06/06,Silver,"Silver Rate Per Tola",4775,4094,409.38,409380,"FENEGOSIDA",https://api.fenegosida.org/api/website/v1/Dashboard/monthwisehistory?date=2026-09,Verified
2026-09-22,2083/06/06,Gold,"Fine Gold (9999)",302200,259090,25908.78,25908780,"FENEGOSIDA",https://api.fenegosida.org/api/website/v1/Dashboard/monthwisehistory?date=2026-09,Verified
2026-09-21,2083/06/05,Silver,"Silver Rate Per Tola",4805,4119,411.95,411950,"FENEGOSIDA",https://api.fenegosida.org/api/website/v1/Dashboard/monthwisehistory?date=2026-09,Verified
2026-09-21,2083/06/05,Gold,"Fine Gold (9999)",303900,260545,26054.53,26054530,"FENEGOSIDA",https://api.fenegosida.org/api/website/v1/Dashboard/monthwisehistory?date=2026-09,Verified
2026-09-20,2083/06/04,Silver,"Silver Rate Per Tola",4795,4111,411.09,411090,"FENEGOSIDA",https://api.fenegosida.org/api/website/v1/Dashboard/monthwisehistory?date=2026-09,Verified
2026-09-20,2083/06/04,Gold,"Fine Gold (9999)",305200,261660,26165.98,26165980,"FENEGOSIDA",https://api.fenegosida.org/api/website/v1/Dashboard/monthwisehistory?date=2026-09,Verified
2026-09-18,2083/06/02,Silver,"Silver Rate Per Tola",4775,4094,409.38,409380,"FENEGOSIDA",https://api.fenegosida.org/api/website/v1/Dashboard/monthwisehistory?date=2026-09,Verified
2026-09-18,2083/06/02,Gold,"Fine Gold (9999)",303100,259860,25985.94,25985940,"FENEGOSIDA",https://api.fenegosida.org/api/website/v1/Dashboard/monthwisehistory?date=2026-09,Verified
2026-09-17,2083/06/01,Silver,"Silver Rate Per Tola",4625,3965,396.52,396520,"FENEGOSIDA",https://api.fenegosida.org/api/website/v1/Dashboard/monthwisehistory?date=2026-09,Verified
2026-09-17,2083/06/01,Gold,"Fine Gold (9999)",299500,256775,25677.3,25677300,"FENEGOSIDA",https://api.fenegosida.org/api/website/v1/Dashboard/monthwisehistory?date=2026-09,Verified
2026-09-16,2083/05/31,Silver,"Silver Rate Per Tola",4685,4016,401.66,401660,"FENEGOSIDA",https://api.fenegosida.org/api/website/v1/Dashboard/monthwisehistory?date=2026-09,Verified
2026-09-16,2083/05/31,Gold,"Fine Gold (9999)",301800,258745,25874.49,25874490,"FENEGOSIDA",https://api.fenegosida.org/api/website/v1/Dashboard/monthwisehistory?date=2026-09,Verified
2026-09-15,2083/05/30,Silver,"Silver Rate Per Tola",4600,3944,394.38,394380,"FENEGOSIDA",https://api.fenegosida.org/api/website/v1/Dashboard/monthwisehistory?date=2026-09,Verified
2026-09-15,2083/05/30,Gold,"Fine Gold (9999)",300100,257290,25728.74,25728740,"FENEGOSIDA",https://api.fenegosida.org/api/website/v1/Dashboard/monthwisehistory?date=2026-09,Verified
2026-09-14,2083/05/29,Silver,"Silver Rate Per Tola",4620,3961,396.09,396090,"FENEGOSIDA",https://api.fenegosida.org/api/website/v1/Dashboard/monthwisehistory?date=2026-09,Verified
2026-09-14,2083/05/29,Gold,"Fine Gold (9999)",301000,258060,25805.9,25805900,"FENEGOSIDA",https://api.fenegosida.org/api/website/v1/Dashboard/monthwisehistory?date=2026-09,Verified
2026-09-13,2083/05/28,Silver,"Silver Rate Per Tola",4660,3995,399.52,399520,"FENEGOSIDA",https://api.fenegosida.org/api/website/v1/Dashboard/monthwisehistory?date=2026-09,Verified
2026-09-13,2083/05/28,Gold,"Fine Gold (9999)",302200,259090,25908.78,25908780,"FENEGOSIDA",https://api.fenegosida.org/api/website/v1/Dashboard/monthwisehistory?date=2026-09,Verified
2026-09-11,2083/05/26,Silver,"Silver Rate Per Tola",4600,3944,394.38,394380,"FENEGOSIDA",https://api.fenegosida.org/api/website/v1/Dashboard/monthwisehistory?date=2026-09,Verified
2026-09-11,2083/05/26,Gold,"Fine Gold (9999)",301000,258060,25805.9,25805900,"FENEGOSIDA",https://api.fenegosida.org/api/website/v1/Dashboard/monthwisehistory?date=2026-09,Verified
2026-09-10,2083/05/25,Silver,"Silver Rate Per Tola",4855,4162,416.24,416240,"FENEGOSIDA",https://api.fenegosida.org/api/website/v1/Dashboard/monthwisehistory?date=2026-09,Verified
2026-09-10,2083/05/25,Gold,"Fine Gold (9999)",305800,262175,26217.42,26217420,"FENEGOSIDA",https://api.fenegosida.org/api/website/v1/Dashboard/monthwisehistory?date=2026-09,Verified
2026-09-09,2083/05/24,Silver,"Silver Rate Per Tola",4750,4072,407.24,407240,"FENEGOSIDA",https://api.fenegosida.org/api/website/v1/Dashboard/monthwisehistory?date=2026-09,Verified
2026-09-09,2083/05/24,Gold,"Fine Gold (9999)",302400,259260,25925.93,25925930,"FENEGOSIDA",https://api.fenegosida.org/api/website/v1/Dashboard/monthwisehistory?date=2026-09,Verified
2026-09-08,2083/05/23,Silver,"Silver Rate Per Tola",4790,4106,410.67,410670,"FENEGOSIDA",https://api.fenegosida.org/api/website/v1/Dashboard/monthwisehistory?date=2026-09,Verified
2026-09-08,2083/05/23,Gold,"Fine Gold (9999)",305400,261830,26183.13,26183130,"FENEGOSIDA",https://api.fenegosida.org/api/website/v1/Dashboard/monthwisehistory?date=2026-09,Verified
2026-09-07,2083/05/22,Silver,"Silver Rate Per Tola",4690,4021,402.09,402090,"FENEGOSIDA",https://api.fenegosida.org/api/website/v1/Dashboard/monthwisehistory?date=2026-09,Verified
2026-09-07,2083/05/22,Gold,"Fine Gold (9999)",301900,258830,25883.06,25883060,"FENEGOSIDA",https://api.fenegosida.org/api/website/v1/Dashboard/monthwisehistory?date=2026-09,Verified
2026-09-06,2083/05/21,Silver,"Silver Rate Per Tola",4725,4051,405.09,405090,"FENEGOSIDA",https://api.fenegosida.org/api/website/v1/Dashboard/monthwisehistory?date=2026-09,Verified
2026-09-06,2083/05/21,Gold,"Fine Gold (9999)",304300,260890,26088.82,26088820,"FENEGOSIDA",https://api.fenegosida.org/api/website/v1/Dashboard/monthwisehistory?date=2026-09,Verified
2026-09-04,2083/05/19,Silver,"Silver Rate Per Tola",4765,4085,408.52,408520,"FENEGOSIDA",https://api.fenegosida.org/api/website/v1/Dashboard/monthwisehistory?date=2026-09,Verified
2026-09-04,2083/05/19,Gold,"Fine Gold (9999)",307400,263545,26354.6,26354600,"FENEGOSIDA",https://api.fenegosida.org/api/website/v1/Dashboard/monthwisehistory?date=2026-09,Verified
2026-09-03,2083/05/18,Silver,"Silver Rate Per Tola",4725,4051,405.09,405090,"FENEGOSIDA",https://api.fenegosida.org/api/website/v1/Dashboard/monthwisehistory?date=2026-09,Verified
2026-09-03,2083/05/18,Gold,"Fine Gold (9999)",304900,261405,26140.26,26140260,"FENEGOSIDA",https://api.fenegosida.org/api/website/v1/Dashboard/monthwisehistory?date=2026-09,Verified
2026-09-02,2083/05/17,Silver,"Silver Rate Per Tola",4580,3926,392.66,392660,"FENEGOSIDA",https://api.fenegosida.org/api/website/v1/Dashboard/monthwisehistory?date=2026-09,Verified
2026-09-02,2083/05/17,Gold,"Fine Gold (9999)",297300,254885,25488.68,25488680,"FENEGOSIDA",https://api.fenegosida.org/api/website/v1/Dashboard/monthwisehistory?date=2026-09,Verified
2026-09-01,2083/05/16,Silver,"Silver Rate Per Tola",4765,4085,408.52,408520,"FENEGOSIDA",https://api.fenegosida.org/api/website/v1/Dashboard/monthwisehistory?date=2026-09,Verified
2026-09-01,2083/05/16,Gold,"Fine Gold (9999)",306100,262430,26243.14,26243140,"FENEGOSIDA",https://api.fenegosida.org/api/website/v1/Dashboard/monthwisehistory?date=2026-09,Verified
2026-08-31,2083/05/15,Silver,"Silver Rate Per Tola",4780,4098,409.81,409810,"FENEGOSIDA",https://api.fenegosida.org/api/website/v1/Dashboard/monthwisehistory?date=2026-08,Verified
2026-08-31,2083/05/15,Gold,"Fine Gold (9999)",306600,262860,26286.01,26286010,"FENEGOSIDA",https://api.fenegosida.org/api/website/v1/Dashboard/monthwisehistory?date=2026-08,Verified
2026-08-30,2083/05/14,Silver,"Silver Rate Per Tola",4780,4098,409.81,409810,"FENEGOSIDA",https://api.fenegosida.org/api/website/v1/Dashboard/monthwisehistory?date=2026-08,Verified
2026-08-30,2083/05/14,Gold,"Fine Gold (9999)",309000,264920,26491.77,26491770,"FENEGOSIDA",https://api.fenegosida.org/api/website/v1/Dashboard/monthwisehistory?date=2026-08,Verified
2026-08-28,2083/05/12,Silver,"Silver Rate Per Tola",4965,4256,425.67,425670,"FENEGOSIDA",https://api.fenegosida.org/api/website/v1/Dashboard/monthwisehistory?date=2026-08,Verified
2026-08-28,2083/05/12,Gold,"Fine Gold (9999)",318500,273060,27306.24,27306240,"FENEGOSIDA",https://api.fenegosida.org/api/website/v1/Dashboard/monthwisehistory?date=2026-08,Verified
2026-08-27,2083/05/11,Silver,"Silver Rate Per Tola",4965,4256,425.67,425670,"FENEGOSIDA",https://api.fenegosida.org/api/website/v1/Dashboard/monthwisehistory?date=2026-08,Verified
2026-08-27,2083/05/11,Gold,"Fine Gold (9999)",320900,275120,27512,27512000,"FENEGOSIDA",https://api.fenegosida.org/api/website/v1/Dashboard/monthwisehistory?date=2026-08,Verified
2026-08-26,2083/05/10,Silver,"Silver Rate Per Tola",4975,4265,426.53,426530,"FENEGOSIDA",https://api.fenegosida.org/api/website/v1/Dashboard/monthwisehistory?date=2026-08,Verified
2026-08-26,2083/05/10,Gold,"Fine Gold (9999)",322100,276150,27614.88,27614880,"FENEGOSIDA",https://api.fenegosida.org/api/website/v1/Dashboard/monthwisehistory?date=2026-08,Verified
2026-08-25,2083/05/09,Silver,"Silver Rate Per Tola",4900,4201,420.1,420100,"FENEGOSIDA",https://api.fenegosida.org/api/website/v1/Dashboard/monthwisehistory?date=2026-08,Verified
2026-08-25,2083/05/09,Gold,"Fine Gold (9999)",322200,276235,27623.46,27623460,"FENEGOSIDA",https://api.fenegosida.org/api/website/v1/Dashboard/monthwisehistory?date=2026-08,Verified
2026-08-24,2083/05/08,Silver,"Silver Rate Per Tola",4965,4256,425.67,425670,"FENEGOSIDA",https://api.fenegosida.org/api/website/v1/Dashboard/monthwisehistory?date=2026-08,Verified
2026-08-24,2083/05/08,Gold,"Fine Gold (9999)",322700,276665,27666.32,27666320,"FENEGOSIDA",https://api.fenegosida.org/api/website/v1/Dashboard/monthwisehistory?date=2026-08,Verified
2026-08-23,2083/05/07,Silver,"Silver Rate Per Tola",4975,4265,426.53,426530,"FENEGOSIDA",https://api.fenegosida.org/api/website/v1/Dashboard/monthwisehistory?date=2026-08,Verified
2026-08-23,2083/05/07,Gold,"Fine Gold (9999)",319500,273920,27391.98,27391980,"FENEGOSIDA",https://api.fenegosida.org/api/website/v1/Dashboard/monthwisehistory?date=2026-08,Verified
2026-08-21,2083/05/05,Silver,"Silver Rate Per Tola",4985,4274,427.38,427380,"FENEGOSIDA",https://api.fenegosida.org/api/website/v1/Dashboard/monthwisehistory?date=2026-08,Verified
2026-08-21,2083/05/05,Gold,"Fine Gold (9999)",316700,271520,27151.92,27151920,"FENEGOSIDA",https://api.fenegosida.org/api/website/v1/Dashboard/monthwisehistory?date=2026-08,Verified
2026-08-20,2083/05/04,Silver,"Silver Rate Per Tola",4855,4162,416.24,416240,"FENEGOSIDA",https://api.fenegosida.org/api/website/v1/Dashboard/monthwisehistory?date=2026-08,Verified
2026-08-20,2083/05/04,Gold,"Fine Gold (9999)",313400,268690,26869,26869000,"FENEGOSIDA",https://api.fenegosida.org/api/website/v1/Dashboard/monthwisehistory?date=2026-08,Verified
2026-08-19,2083/05/03,Silver,"Silver Rate Per Tola",4595,3939,393.95,393950,"FENEGOSIDA",https://api.fenegosida.org/api/website/v1/Dashboard/monthwisehistory?date=2026-08,Verified
2026-08-19,2083/05/03,Gold,"Fine Gold (9999)",304100,260715,26071.67,26071670,"FENEGOSIDA",https://api.fenegosida.org/api/website/v1/Dashboard/monthwisehistory?date=2026-08,Verified
2026-08-18,2083/05/02,Silver,"Silver Rate Per Tola",4755,4076,407.66,407660,"FENEGOSIDA",https://api.fenegosida.org/api/website/v1/Dashboard/monthwisehistory?date=2026-08,Verified
2026-08-18,2083/05/02,Gold,"Fine Gold (9999)",306800,263030,26303.16,26303160,"FENEGOSIDA",https://api.fenegosida.org/api/website/v1/Dashboard/monthwisehistory?date=2026-08,Verified
2026-08-17,2083/05/01,Silver,"Silver Rate Per Tola",4770,4089,408.95,408950,"FENEGOSIDA",https://api.fenegosida.org/api/website/v1/Dashboard/monthwisehistory?date=2026-08,Verified
2026-08-17,2083/05/01,Gold,"Fine Gold (9999)",306800,263030,26303.16,26303160,"FENEGOSIDA",https://api.fenegosida.org/api/website/v1/Dashboard/monthwisehistory?date=2026-08,Verified
2026-08-16,2083/04/31,Silver,"Silver Rate Per Tola",4710,4038,403.81,403810,"FENEGOSIDA",https://api.fenegosida.org/api/website/v1/Dashboard/monthwisehistory?date=2026-08,Verified
2026-08-16,2083/04/31,Gold,"Fine Gold (9999)",305200,261660,26165.98,26165980,"FENEGOSIDA",https://api.fenegosida.org/api/website/v1/Dashboard/monthwisehistory?date=2026-08,Verified
2026-08-14,2083/04/29,Silver,"Silver Rate Per Tola",4660,3995,399.52,399520,"FENEGOSIDA",https://api.fenegosida.org/api/website/v1/Dashboard/monthwisehistory?date=2026-08,Verified
2026-08-14,2083/04/29,Gold,"Fine Gold (9999)",301600,258575,25857.34,25857340,"FENEGOSIDA",https://api.fenegosida.org/api/website/v1/Dashboard/monthwisehistory?date=2026-08,Verified
2026-08-13,2083/04/28,Silver,"Silver Rate Per Tola",4750,4072,407.24,407240,"FENEGOSIDA",https://api.fenegosida.org/api/website/v1/Dashboard/monthwisehistory?date=2026-08,Verified
2026-08-13,2083/04/28,Gold,"Fine Gold (9999)",306200,262515,26251.71,26251710,"FENEGOSIDA",https://api.fenegosida.org/api/website/v1/Dashboard/monthwisehistory?date=2026-08,Verified
2026-08-12,2083/04/27,Silver,"Silver Rate Per Tola",4745,4068,406.81,406810,"FENEGOSIDA",https://api.fenegosida.org/api/website/v1/Dashboard/monthwisehistory?date=2026-08,Verified
2026-08-12,2083/04/27,Gold,"Fine Gold (9999)",306700,262945,26294.58,26294580,"FENEGOSIDA",https://api.fenegosida.org/api/website/v1/Dashboard/monthwisehistory?date=2026-08,Verified
2026-08-11,2083/04/26,Silver,"Silver Rate Per Tola",4780,4098,409.81,409810,"FENEGOSIDA",https://api.fenegosida.org/api/website/v1/Dashboard/monthwisehistory?date=2026-08,Verified
2026-08-11,2083/04/26,Gold,"Fine Gold (9999)",307900,263975,26397.46,26397460,"FENEGOSIDA",https://api.fenegosida.org/api/website/v1/Dashboard/monthwisehistory?date=2026-08,Verified
2026-08-10,2083/04/25,Silver,"Silver Rate Per Tola",4670,4004,400.38,400380,"FENEGOSIDA",https://api.fenegosida.org/api/website/v1/Dashboard/monthwisehistory?date=2026-08,Verified
2026-08-10,2083/04/25,Gold,"Fine Gold (9999)",301500,258490,25848.77,25848770,"FENEGOSIDA",https://api.fenegosida.org/api/website/v1/Dashboard/monthwisehistory?date=2026-08,Verified
2026-08-09,2083/04/24,Silver,"Silver Rate Per Tola",4645,3982,398.23,398230,"FENEGOSIDA",https://api.fenegosida.org/api/website/v1/Dashboard/monthwisehistory?date=2026-08,Verified
2026-08-09,2083/04/24,Gold,"Fine Gold (9999)",301700,258660,25865.91,25865910,"FENEGOSIDA",https://api.fenegosida.org/api/website/v1/Dashboard/monthwisehistory?date=2026-08,Verified
2026-08-07,2083/04/22,Silver,"Silver Rate Per Tola",4580,3926,392.66,392660,"FENEGOSIDA",https://api.fenegosida.org/api/website/v1/Dashboard/monthwisehistory?date=2026-08,Verified
2026-08-07,2083/04/22,Gold,"Fine Gold (9999)",296900,254545,25454.39,25454390,"FENEGOSIDA",https://api.fenegosida.org/api/website/v1/Dashboard/monthwisehistory?date=2026-08,Verified
2026-08-06,2083/04/21,Silver,"Silver Rate Per Tola",4570,3918,391.8,391800,"FENEGOSIDA",https://api.fenegosida.org/api/website/v1/Dashboard/monthwisehistory?date=2026-08,Verified
2026-08-06,2083/04/21,Gold,"Fine Gold (9999)",296000,253770,25377.23,25377230,"FENEGOSIDA",https://api.fenegosida.org/api/website/v1/Dashboard/monthwisehistory?date=2026-08,Verified
2026-08-05,2083/04/20,Silver,"Silver Rate Per Tola",4475,3836,383.66,383660,"FENEGOSIDA",https://api.fenegosida.org/api/website/v1/Dashboard/monthwisehistory?date=2026-08,Verified
2026-08-05,2083/04/20,Gold,"Fine Gold (9999)",288000,246915,24691.36,24691360,"FENEGOSIDA",https://api.fenegosida.org/api/website/v1/Dashboard/monthwisehistory?date=2026-08,Verified
2026-08-04,2083/04/19,Silver,"Silver Rate Per Tola",4380,3755,375.51,375510,"FENEGOSIDA",https://api.fenegosida.org/api/website/v1/Dashboard/monthwisehistory?date=2026-08,Verified
2026-08-04,2083/04/19,Gold,"Fine Gold (9999)",283800,243315,24331.28,24331280,"FENEGOSIDA",https://api.fenegosida.org/api/website/v1/Dashboard/monthwisehistory?date=2026-08,Verified
2026-08-03,2083/04/18,Silver,"Silver Rate Per Tola",4350,3729,372.94,372940,"FENEGOSIDA",https://api.fenegosida.org/api/website/v1/Dashboard/monthwisehistory?date=2026-08,Verified
2026-08-03,2083/04/18,Gold,"Fine Gold (9999)",284000,243485,24348.42,24348420,"FENEGOSIDA",https://api.fenegosida.org/api/website/v1/Dashboard/monthwisehistory?date=2026-08,Verified
2026-08-02,2083/04/17,Gold,"Gold Rate Per Tola",283200,242802.44,24279.84,24279840,"Gahana",https://gahanaonline.com/gold-rate-history/,Secondary-only
2026-07-31,2083/04/15,Gold,"Gold Rate Per Tola",285000,244345.67,24434.16,24434160,"Gahana",https://gahanaonline.com/gold-rate-history/,Secondary-only
2026-07-30,2083/04/14,Silver,"Silver Rate Per Tola",4310,3695,369.51,369510,"FENEGOSIDA",https://api.fenegosida.org/api/website/v1/Dashboard/monthwisehistory?date=2026-07,Verified
2026-07-30,2083/04/14,Gold,"Fine Gold (9999)",284000,243485,24348.42,24348420,"FENEGOSIDA",https://api.fenegosida.org/api/website/v1/Dashboard/monthwisehistory?date=2026-07,Verified
2026-07-29,2083/04/13,Silver,"Silver Rate Per Tola",4320,3703,370.37,370370,"FENEGOSIDA",https://api.fenegosida.org/api/website/v1/Dashboard/monthwisehistory?date=2026-07,Verified
2026-07-29,2083/04/13,Gold,"Fine Gold (9999)",283200,242800,24279.84,24279840,"FENEGOSIDA",https://api.fenegosida.org/api/website/v1/Dashboard/monthwisehistory?date=2026-07,Verified
2026-07-28,2083/04/12,Silver,"Silver Rate Per Tola",4310,3695,369.51,369510,"FENEGOSIDA",https://api.fenegosida.org/api/website/v1/Dashboard/monthwisehistory?date=2026-07,Verified
2026-07-28,2083/04/12,Gold,"Fine Gold (9999)",284200,243655,24365.57,24365570,"FENEGOSIDA",https://api.fenegosida.org/api/website/v1/Dashboard/monthwisehistory?date=2026-07,Verified
2026-07-27,2083/04/11,Silver,"Silver Rate Per Tola",4445,3811,381.09,381090,"FENEGOSIDA",https://api.fenegosida.org/api/website/v1/Dashboard/monthwisehistory?date=2026-07,Verified
2026-07-27,2083/04/11,Gold,"Fine Gold (9999)",288500,247345,24734.22,24734220,"FENEGOSIDA",https://api.fenegosida.org/api/website/v1/Dashboard/monthwisehistory?date=2026-07,Verified
2026-07-26,2083/04/10,Silver,"Silver Rate Per Tola",4410,3781,378.09,378090,"FENEGOSIDA",https://api.fenegosida.org/api/website/v1/Dashboard/monthwisehistory?date=2026-07,Verified
2026-07-26,2083/04/10,Gold,"Fine Gold (9999)",287100,246140,24614.2,24614200,"FENEGOSIDA",https://api.fenegosida.org/api/website/v1/Dashboard/monthwisehistory?date=2026-07,Verified
2026-07-24,2083/04/08,Silver,"Silver Rate Per Tola",4350,3729,372.94,372940,"FENEGOSIDA",https://api.fenegosida.org/api/website/v1/Dashboard/monthwisehistory?date=2026-07,Verified
2026-07-24,2083/04/08,Gold,"Fine Gold (9999)",285500,244770,24477.02,24477020,"FENEGOSIDA",https://api.fenegosida.org/api/website/v1/Dashboard/monthwisehistory?date=2026-07,Verified
2026-07-23,2083/04/07,Silver,"Silver Rate Per Tola",4505,3862,386.23,386230,"FENEGOSIDA",https://api.fenegosida.org/api/website/v1/Dashboard/monthwisehistory?date=2026-07,Verified
2026-07-23,2083/04/07,Gold,"Fine Gold (9999)",291300,249745,24974.28,24974280,"FENEGOSIDA",https://api.fenegosida.org/api/website/v1/Dashboard/monthwisehistory?date=2026-07,Verified
2026-07-22,2083/04/06,Silver,"Silver Rate Per Tola",4480,3840.88,384.09,384090,"NotifyNepal",https://notifynepal.com/en/silver-price-history-nepal,Secondary-only
2026-07-22,2083/04/06,Gold,"Gold Rate Per Tola",291000,249489.79,24948.56,24948560,"Gahana",https://gahanaonline.com/gold-rate-history/,Secondary-only
2026-07-21,2083/04/05,Silver,"Silver Rate Per Tola",4370,3746.57,374.66,374660,"NotifyNepal",https://notifynepal.com/en/silver-price-history-nepal,Secondary-only
2026-07-21,2083/04/05,Gold,"Gold Rate Per Tola",285600,244860.09,24485.6,24485600,"Gahana",https://gahanaonline.com/gold-rate-history/,Secondary-only
2026-07-20,2083/04/04,Gold,"Gold Rate Per Tola",284600,244002.73,24399.86,24399860,"Gahana",https://gahanaonline.com/gold-rate-history/,Secondary-only
2026-07-18,2083/04/03,Gold,"Gold Rate Per Tola",284000,243488.32,24348.42,24348420,"Gahana",https://gahanaonline.com/gold-rate-history/,Secondary-only
2026-07-17,2083/04/01,Silver,"Silver Rate Per Tola",4200,3600.82,360.08,360080,"NotifyNepal",https://notifynepal.com/en/silver-price-history-nepal,Secondary-only
2026-07-17,2083/04/01,Gold,"Gold Rate Per Tola",282100,241859.35,24185.53,24185530,"Gahana",https://gahanaonline.com/gold-rate-history/,Secondary-only
2026-07-16,2083/03/32,Silver,"Silver Rate Per Tola",4325,3707.99,370.8,370800,"NotifyNepal",https://notifynepal.com/en/silver-price-history-nepal,Secondary-only
2026-07-16,2083/03/32,Gold,"Gold Rate Per Tola",285200,244517.14,24451.3,24451300,"Gahana",https://gahanaonline.com/gold-rate-history/,Secondary-only
2026-07-15,2083/03/31,Silver,"Silver Rate Per Tola",4415,3785.15,378.52,378520,"NotifyNepal",https://notifynepal.com/en/silver-price-history-nepal,Secondary-only
2026-07-15,2083/03/31,Gold,"Gold Rate Per Tola",284800,244174.2,24417.01,24417010,"Gahana",https://gahanaonline.com/gold-rate-history/,Secondary-only
2026-07-14,2083/03/30,Silver,"Silver Rate Per Tola",4360,3738,373.8,373800,"NotifyNepal",https://notifynepal.com/en/silver-price-history-nepal,Secondary-only
2026-07-14,2083/03/30,Gold,"Gold Rate Per Tola",284000,243488.32,24348.42,24348420,"Gahana",https://gahanaonline.com/gold-rate-history/,Secondary-only
2026-07-13,2083/03/29,Silver,"Silver Rate Per Tola",4375,3750.86,375.09,375090,"NotifyNepal",https://notifynepal.com/en/silver-price-history-nepal,Secondary-only
2026-07-13,2083/03/29,Gold,"Gold Rate Per Tola",285200,244517.14,24451.3,24451300,"Gahana",https://gahanaonline.com/gold-rate-history/,Secondary-only
2026-07-12,2083/03/28,Silver,"Silver Rate Per Tola",4475,3836.59,383.66,383660,"NotifyNepal",https://notifynepal.com/en/silver-price-history-nepal,Secondary-only
2026-07-12,2083/03/28,Gold,"Gold Rate Per Tola",288000,246917.73,24691.36,24691360,"Gahana",https://gahanaonline.com/gold-rate-history/,Secondary-only
2026-07-10,2083/03/26,Silver,"Silver Rate Per Tola",4510,3866.6,386.66,386660,"NotifyNepal",https://notifynepal.com/en/silver-price-history-nepal,Secondary-only
2026-07-10,2083/03/26,Gold,"Gold Rate Per Tola",287400,246403.32,24639.92,24639920,"Gahana",https://gahanaonline.com/gold-rate-history/,Secondary-only
2026-07-09,,Silver,"Silver Rate Per Tola",4340,3720.85,372.09,372090,"NotifyNepal",https://notifynepal.com/en/silver-price-history-nepal,Secondary-only
2026-07-08,2083/03/24,Silver,"Silver Rate Per Tola",4500,3858.02,385.8,385800,"NotifyNepal",https://notifynepal.com/en/silver-price-history-nepal,Secondary-only
2026-07-08,2083/03/24,Gold,"Gold Rate Per Tola",287100,246146.12,24614.2,24614200,"Gahana",https://gahanaonline.com/gold-rate-history/,Secondary-only
2026-07-07,2083/03/23,Silver,"Silver Rate Per Tola",4555,3905.18,390.52,390520,"NotifyNepal",https://notifynepal.com/en/silver-price-history-nepal,Secondary-only
2026-07-07,2083/03/23,Gold,"Gold Rate Per Tola",288000,246917.73,24691.36,24691360,"Gahana",https://gahanaonline.com/gold-rate-history/,Secondary-only
2026-07-06,,Silver,"Silver Rate Per Tola",4585,3930.9,393.09,393090,"NotifyNepal",https://notifynepal.com/en/silver-price-history-nepal,Secondary-only
2026-07-05,2083/03/21,Silver,"Silver Rate Per Tola",4605,3948.05,394.8,394800,"NotifyNepal",https://notifynepal.com/en/silver-price-history-nepal,Secondary-only
2026-07-05,2083/03/21,Gold,"Gold Rate Per Tola",290300,248889.65,24888.55,24888550,"Gahana",https://gahanaonline.com/gold-rate-history/,Secondary-only
2026-07-03,2083/03/19,Silver,"Silver Rate Per Tola",4615,3956.62,395.66,395660,"NotifyNepal",https://notifynepal.com/en/silver-price-history-nepal,Secondary-only
2026-07-03,2083/03/19,Gold,"Gold Rate Per Tola",290700,249232.59,24922.84,24922840,"Gahana",https://gahanaonline.com/gold-rate-history/,Secondary-only
2026-07-02,2083/03/18,Silver,"Silver Rate Per Tola",4450,3815.16,381.52,381520,"NotifyNepal",https://notifynepal.com/en/silver-price-history-nepal,Secondary-only
2026-07-02,2083/03/18,Gold,"Gold Rate Per Tola",283500,243059.64,24305.56,24305560,"Gahana",https://gahanaonline.com/gold-rate-history/,Secondary-only
2026-07-01,2083/03/17,Silver,"Silver Rate Per Tola",4270,3660.84,366.08,366080,"NotifyNepal",https://notifynepal.com/en/silver-price-history-nepal,Secondary-only
2026-07-01,2083/03/17,Gold,"Gold Rate Per Tola",277300,237744.05,23774.01,23774010,"Gahana",https://gahanaonline.com/gold-rate-history/,Secondary-only
2026-06-30,2083/03/16,Silver,"Silver Rate Per Tola",4285,3673.7,367.37,367370,"NotifyNepal",https://notifynepal.com/en/silver-price-history-nepal,Secondary-only
2026-06-30,2083/03/16,Gold,"Gold Rate Per Tola",277900,238258.47,23825.45,23825450,"Gahana",https://gahanaonline.com/gold-rate-history/,Secondary-only
2026-06-29,2083/03/15,Silver,"Silver Rate Per Tola",4310,3695.13,369.51,369510,"NotifyNepal",https://notifynepal.com/en/silver-price-history-nepal,Secondary-only
2026-06-29,2083/03/15,Gold,"Gold Rate Per Tola",282400,242116.56,24211.25,24211250,"Gahana",https://gahanaonline.com/gold-rate-history/,Secondary-only
2026-06-28,2083/03/14,Silver,"Silver Rate Per Tola",4325,3707.99,370.8,370800,"NotifyNepal",https://notifynepal.com/en/silver-price-history-nepal,Secondary-only
2026-06-28,2083/03/14,Gold,"Gold Rate Per Tola",283800,243316.85,24331.28,24331280,"Gahana",https://gahanaonline.com/gold-rate-history/,Secondary-only
2026-06-26,2083/03/12,Silver,"Silver Rate Per Tola",4180,3583.68,358.37,358370,"NotifyNepal",https://notifynepal.com/en/silver-price-history-nepal,Secondary-only
2026-06-26,2083/03/12,Gold,"Gold Rate Per Tola",279100,239287.29,23928.33,23928330,"Gahana",https://gahanaonline.com/gold-rate-history/,Secondary-only
2026-06-25,2083/03/11,Silver,"Silver Rate Per Tola",4235,3630.83,363.08,363080,"NotifyNepal",https://notifynepal.com/en/silver-price-history-nepal,Secondary-only
2026-06-25,2083/03/11,Gold,"Gold Rate Per Tola",278300,238601.41,23859.74,23859740,"Gahana",https://gahanaonline.com/gold-rate-history/,Secondary-only
2026-06-24,2083/03/10,Silver,"Silver Rate Per Tola",4485,3845.16,384.52,384520,"NotifyNepal",https://notifynepal.com/en/silver-price-history-nepal,Secondary-only
2026-06-24,2083/03/10,Gold,"Gold Rate Per Tola",283500,243059.64,24305.56,24305560,"Gahana",https://gahanaonline.com/gold-rate-history/,Secondary-only
2026-06-23,2083/03/09,Silver,"Silver Rate Per Tola",4590,3935.19,393.52,393520,"NotifyNepal",https://notifynepal.com/en/silver-price-history-nepal,Secondary-only
2026-06-23,2083/03/09,Gold,"Gold Rate Per Tola",287100,246146.12,24614.2,24614200,"Gahana",https://gahanaonline.com/gold-rate-history/,Secondary-only
2026-06-22,2083/03/08,Silver,"Silver Rate Per Tola",4730,4055.21,405.52,405520,"NotifyNepal",https://notifynepal.com/en/silver-price-history-nepal,Secondary-only
2026-06-22,2083/03/08,Gold,"Gold Rate Per Tola",288700,247517.88,24751.37,24751370,"Gahana",https://gahanaonline.com/gold-rate-history/,Secondary-only
2026-06-21,2083/03/07,Silver,"Silver Rate Per Tola",4690,4020.92,402.09,402090,"NotifyNepal",https://notifynepal.com/en/silver-price-history-nepal,Secondary-only
2026-06-21,2083/03/07,Gold,"Gold Rate Per Tola",287300,246317.59,24631.34,24631340,"Gahana",https://gahanaonline.com/gold-rate-history/,Secondary-only
2026-06-19,2083/03/05,Gold,"Gold Rate Per Tola",286700,245803.17,24579.9,24579900,"Gahana",https://gahanaonline.com/gold-rate-history/,Secondary-only
2026-06-18,2083/03/04,Gold,"Gold Rate Per Tola",297200,254805.38,25480.11,25480110,"Gahana",https://gahanaonline.com/gold-rate-history/,Secondary-only
2026-06-17,2083/03/03,Gold,"Gold Rate Per Tola",297300,254891.12,25488.68,25488680,"Gahana",https://gahanaonline.com/gold-rate-history/,Secondary-only
2026-06-16,2083/03/02,Gold,"Gold Rate Per Tola",298500,255919.94,25591.56,25591560,"Gahana",https://gahanaonline.com/gold-rate-history/,Secondary-only
2026-06-15,2083/03/01,Gold,"Gold Rate Per Tola",298200,255662.74,25565.84,25565840,"Gahana",https://gahanaonline.com/gold-rate-history/,Secondary-only
2026-06-14,2083/02/31,Gold,"Gold Rate Per Tola",293500,251633.18,25162.89,25162890,"Gahana",https://gahanaonline.com/gold-rate-history/,Secondary-only
2026-06-12,2083/02/29,Silver,"Silver",4840,4149.5,414.95,414950,"FENEGOSIDA",https://www.fenegosida.org/uploads/weekly/260612100156q9yz49.pdf,Verified
2026-06-12,2083/02/29,Gold,"Gold",292000,250345,25034.29,25034290,"FENEGOSIDA",https://www.fenegosida.org/uploads/weekly/260612100156q9yz49.pdf,Verified
2026-06-11,2083/02/28,Silver,"Silver",4650,3986.5,398.66,398660,"FENEGOSIDA",https://www.fenegosida.org/uploads/weekly/260612100156q9yz49.pdf,Verified
2026-06-11,2083/02/28,Gold,"Gold",286700,245800,24579.9,24579900,"FENEGOSIDA",https://www.fenegosida.org/uploads/weekly/260612100156q9yz49.pdf,Verified
2026-06-10,2083/02/27,Silver,"Silver",4740,4064,406.38,406380,"FENEGOSIDA",https://www.fenegosida.org/uploads/weekly/260612100156q9yz49.pdf,Verified
2026-06-10,2083/02/27,Gold,"Gold",291800,250170,25017.15,25017150,"FENEGOSIDA",https://www.fenegosida.org/uploads/weekly/260612100156q9yz49.pdf,Verified
2026-06-09,2083/02/26,Silver,"Silver",4925,4222.5,422.24,422240,"FENEGOSIDA",https://www.fenegosida.org/uploads/weekly/260612100156q9yz49.pdf,Verified
2026-06-09,2083/02/26,Gold,"Gold",301900,258830,25883.06,25883060,"FENEGOSIDA",https://www.fenegosida.org/uploads/weekly/260612100156q9yz49.pdf,Verified
2026-06-08,2083/02/25,Silver,"Silver",4905,4205.25,420.52,420520,"FENEGOSIDA",https://www.fenegosida.org/uploads/weekly/260612100156q9yz49.pdf,Verified
2026-06-08,2083/02/25,Gold,"Gold",299900,257115,25711.59,25711590,"FENEGOSIDA",https://www.fenegosida.org/uploads/weekly/260612100156q9yz49.pdf,Verified
2026-06-07,2083/02/24,Silver,"Silver",4895,4196.5,419.67,419670,"FENEGOSIDA",https://www.fenegosida.org/uploads/weekly/260612100156q9yz49.pdf,Verified
2026-06-07,2083/02/24,Gold,"Gold",300800,257890,25788.75,25788750,"FENEGOSIDA",https://www.fenegosida.org/uploads/weekly/260612100156q9yz49.pdf,Verified
2026-06-05,2083/02/22,Silver,"Silver Rate Per Tola",5230,4483.88,448.39,448390,"NotifyNepal",https://notifynepal.com/en/silver-price-history-nepal,Secondary-only
2026-06-05,2083/02/22,Gold,"Gold Rate Per Tola",309000,264922.15,26491.77,26491770,"Gahana",https://gahanaonline.com/gold-rate-history/,Secondary-only
2026-06-04,2083/02/21,Silver,"Silver Rate Per Tola",5285,4531.04,453.1,453100,"NotifyNepal",https://notifynepal.com/en/silver-price-history-nepal,Secondary-only
2026-06-04,2083/02/21,Gold,"Gold Rate Per Tola",311100,266722.59,26671.81,26671810,"Gahana",https://gahanaonline.com/gold-rate-history/,Secondary-only
2026-06-03,2083/02/20,Silver,"Silver Rate Per Tola",5370,4603.91,460.39,460390,"NotifyNepal",https://notifynepal.com/en/silver-price-history-nepal,Secondary-only
2026-06-03,2083/02/20,Gold,"Gold Rate Per Tola",311300,266894.06,26688.96,26688960,"Gahana",https://gahanaonline.com/gold-rate-history/,Secondary-only
2026-06-02,2083/02/19,Silver,"Silver Rate Per Tola",5405,4633.92,463.39,463390,"NotifyNepal",https://notifynepal.com/en/silver-price-history-nepal,Secondary-only
2026-06-02,2083/02/19,Gold,"Gold Rate Per Tola",311300,266894.06,26688.96,26688960,"Gahana",https://gahanaonline.com/gold-rate-history/,Secondary-only
2026-06-01,2083/02/18,Silver,"Silver Rate Per Tola",5355,4591.05,459.1,459100,"NotifyNepal",https://notifynepal.com/en/silver-price-history-nepal,Secondary-only
2026-06-01,2083/02/18,Gold,"Gold Rate Per Tola",310900,266551.12,26654.66,26654660,"Gahana",https://gahanaonline.com/gold-rate-history/,Secondary-only
2026-05-31,2083/02/17,Silver,"Silver Rate Per Tola",5345,4582.48,458.25,458250,"NotifyNepal",https://notifynepal.com/en/silver-price-history-nepal,Secondary-only
2026-05-31,2083/02/17,Gold,"Gold Rate Per Tola",311100,266722.59,26671.81,26671810,"Gahana",https://gahanaonline.com/gold-rate-history/,Secondary-only
2026-05-29,2083/02/15,Silver,"Silver Rate Per Tola",5040,4320.99,432.1,432100,"NotifyNepal",https://notifynepal.com/en/silver-price-history-nepal,Secondary-only
2026-05-29,2083/02/15,Gold,"Gold Rate Per Tola",290600,249146.85,24914.27,24914270,"Gahana",https://gahanaonline.com/gold-rate-history/,Secondary-only
2026-05-28,2083/02/14,Silver,"Silver Rate Per Tola",4865,4170.95,417.1,417100,"NotifyNepal",https://notifynepal.com/en/silver-price-history-nepal,Secondary-only
2026-05-28,2083/02/14,Gold,"Gold Rate Per Tola",285000,244345.67,24434.16,24434160,"Gahana",https://gahanaonline.com/gold-rate-history/,Secondary-only
2026-05-27,2083/02/13,Silver,"Silver Rate Per Tola",5080,4355.28,435.53,435530,"NotifyNepal",https://notifynepal.com/en/silver-price-history-nepal,Secondary-only
2026-05-27,2083/02/13,Gold,"Gold Rate Per Tola",290500,249061.12,24905.69,24905690,"Gahana",https://gahanaonline.com/gold-rate-history/,Secondary-only
2026-05-26,2083/02/12,Silver,"Silver Rate Per Tola",5060,4338.13,433.81,433810,"NotifyNepal",https://notifynepal.com/en/silver-price-history-nepal,Secondary-only
2026-05-26,2083/02/12,Gold,"Gold Rate Per Tola",291500,249918.47,24991.43,24991430,"Gahana",https://gahanaonline.com/gold-rate-history/,Secondary-only
2026-05-25,2083/02/11,Silver,"Silver Rate Per Tola",5150,4415.29,441.53,441530,"NotifyNepal",https://notifynepal.com/en/silver-price-history-nepal,Secondary-only
2026-05-25,2083/02/11,Gold,"Gold Rate Per Tola",292800,251033.03,25102.88,25102880,"Gahana",https://gahanaonline.com/gold-rate-history/,Secondary-only
2026-05-24,2083/02/010,Silver,"Silver Rate Per Tola",5010,4295.27,429.53,429530,"NotifyNepal",https://notifynepal.com/en/silver-price-history-nepal,Secondary-only
2026-05-24,2083/02/010,Gold,"Gold Rate Per Tola",290900,249404.06,24939.99,24939990,"Gahana",https://gahanaonline.com/gold-rate-history/,Secondary-only
2026-05-22,2083/02/08,Silver,"Silver Rate Per Tola",5115,4385.29,438.53,438530,"NotifyNepal",https://notifynepal.com/en/silver-price-history-nepal,Secondary-only
2026-05-22,2083/02/08,Gold,"Gold Rate Per Tola",293700,251804.65,25180.04,25180040,"Gahana",https://gahanaonline.com/gold-rate-history/,Secondary-only
2026-05-21,2083/02/07,Silver,"Silver Rate Per Tola",5050,4329.56,432.96,432960,"NotifyNepal",https://notifynepal.com/en/silver-price-history-nepal,Secondary-only
2026-05-21,2083/02/07,Gold,"Gold Rate Per Tola",293800,251890.38,25188.61,25188610,"Gahana",https://gahanaonline.com/gold-rate-history/,Secondary-only
2026-05-20,2083/02/06,Silver,"Silver Rate Per Tola",4960,4252.4,425.24,425240,"NotifyNepal",https://notifynepal.com/en/silver-price-history-nepal,Secondary-only
2026-05-20,2083/02/06,Gold,"Gold Rate Per Tola",292000,250347.15,25034.29,25034290,"Gahana",https://gahanaonline.com/gold-rate-history/,Secondary-only
2026-05-19,2083/02/05,Silver,"Silver Rate Per Tola",5085,4359.57,435.96,435960,"NotifyNepal",https://notifynepal.com/en/silver-price-history-nepal,Secondary-only
2026-05-19,2083/02/05,Gold,"Gold Rate Per Tola",295300,253176.41,25317.22,25317220,"Gahana",https://gahanaonline.com/gold-rate-history/,Secondary-only
2026-05-18,2083/02/04,Silver,"Silver Rate Per Tola",5040,4320.99,432.1,432100,"NotifyNepal",https://notifynepal.com/en/silver-price-history-nepal,Secondary-only
2026-05-18,2083/02/04,Gold,"Gold Rate Per Tola",294800,252747.74,25274.35,25274350,"Gahana",https://gahanaonline.com/gold-rate-history/,Secondary-only
2026-05-17,2083/02/03,Silver,"Silver Rate Per Tola",5060,4338.13,433.81,433810,"NotifyNepal",https://notifynepal.com/en/silver-price-history-nepal,Secondary-only
2026-05-17,2083/02/03,Gold,"Gold Rate Per Tola",294000,252061.85,25205.76,25205760,"Gahana",https://gahanaonline.com/gold-rate-history/,Secondary-only
2026-05-15,2083/02/01,Silver,"Silver Rate Per Tola",5390,4621.06,462.11,462110,"NotifyNepal",https://notifynepal.com/en/silver-price-history-nepal,Secondary-only
2026-05-15,2083/02/01,Gold,"Gold Rate Per Tola",298500,255919.94,25591.56,25591560,"Gahana",https://gahanaonline.com/gold-rate-history/,Secondary-only
2026-05-14,2083/01/31,Silver,"Silver Rate Per Tola",5745,4925.41,492.54,492540,"NotifyNepal",https://notifynepal.com/en/silver-price-history-nepal,Secondary-only
2026-05-14,2083/01/31,Gold,"Gold Rate Per Tola",302500,259349.36,25934.5,25934500,"Gahana",https://gahanaonline.com/gold-rate-history/,Secondary-only
2026-05-13,2083/01/30,Silver,"Silver Rate Per Tola",5710,4895.4,489.54,489540,"NotifyNepal",https://notifynepal.com/en/silver-price-history-nepal,Secondary-only
2026-05-13,2083/01/30,Gold,"Gold Rate Per Tola",302200,259092.15,25908.78,25908780,"Gahana",https://gahanaonline.com/gold-rate-history/,Secondary-only
2026-05-12,2083/01/29,Silver,"Silver Rate Per Tola",5695,4882.54,488.25,488250,"NotifyNepal",https://notifynepal.com/en/silver-price-history-nepal,Secondary-only
2026-05-12,2083/01/29,Gold,"Gold Rate Per Tola",302900,259692.3,25968.79,25968790,"Gahana",https://gahanaonline.com/gold-rate-history/,Secondary-only
2026-05-11,2083/01/28,Silver,"Silver Rate Per Tola",5340,4578.19,457.82,457820,"NotifyNepal",https://notifynepal.com/en/silver-price-history-nepal,Secondary-only
2026-05-11,2083/01/28,Gold,"Gold Rate Per Tola",298500,255919.94,25591.56,25591560,"Gahana",https://gahanaonline.com/gold-rate-history/,Secondary-only
2026-05-10,2083/01/27,Silver,"Silver Rate Per Tola",5300,4543.9,454.39,454390,"NotifyNepal",https://notifynepal.com/en/silver-price-history-nepal,Secondary-only
2026-05-10,2083/01/27,Gold,"Gold Rate Per Tola",298900,256262.88,25625.86,25625860,"Gahana",https://gahanaonline.com/gold-rate-history/,Secondary-only
2026-05-08,2083/01/25,Silver,"Silver Rate Per Tola",5275,4522.46,452.25,452250,"NotifyNepal",https://notifynepal.com/en/silver-price-history-nepal,Secondary-only
2026-05-08,2083/01/25,Gold,"Gold Rate Per Tola",299900,257120.24,25711.59,25711590,"Gahana",https://gahanaonline.com/gold-rate-history/,Secondary-only
2026-05-07,2083/01/24,Silver,"Silver Rate Per Tola",5155,4419.58,441.96,441960,"NotifyNepal",https://notifynepal.com/en/silver-price-history-nepal,Secondary-only
2026-05-07,2083/01/24,Gold,"Gold Rate Per Tola",298600,256005.68,25600.14,25600140,"Gahana",https://gahanaonline.com/gold-rate-history/,Secondary-only
2026-05-06,2083/01/23,Silver,"Silver Rate Per Tola",5055,4333.85,433.38,433380,"NotifyNepal",https://notifynepal.com/en/silver-price-history-nepal,Secondary-only
2026-05-06,2083/01/23,Gold,"Gold Rate Per Tola",296800,254462.44,25445.82,25445820,"Gahana",https://gahanaonline.com/gold-rate-history/,Secondary-only
2026-05-05,2083/01/22,Silver,"Silver Rate Per Tola",4880,4183.81,418.38,418380,"NotifyNepal",https://notifynepal.com/en/silver-price-history-nepal,Secondary-only
2026-05-05,2083/01/22,Gold,"Gold Rate Per Tola",291000,249489.79,24948.56,24948560,"Gahana",https://gahanaonline.com/gold-rate-history/,Secondary-only
2026-05-04,2083/01/21,Silver,"Silver Rate Per Tola",5030,4312.41,431.24,431240,"NotifyNepal",https://notifynepal.com/en/silver-price-history-nepal,Secondary-only
2026-05-04,2083/01/21,Gold,"Gold Rate Per Tola",294800,252747.74,25274.35,25274350,"Gahana",https://gahanaonline.com/gold-rate-history/,Secondary-only
2026-05-03,2083/01/20,Silver,"Silver Rate Per Tola",5010,4295.27,429.53,429530,"NotifyNepal",https://notifynepal.com/en/silver-price-history-nepal,Secondary-only
2026-05-03,2083/01/20,Gold,"Gold Rate Per Tola",295100,253004.94,25300.07,25300070,"Gahana",https://gahanaonline.com/gold-rate-history/,Secondary-only
2026-05-01,2083/01/18,Silver,"Silver Rate Per Tola",4945,4239.54,423.95,423950,"NotifyNepal",https://notifynepal.com/en/silver-price-history-nepal,Secondary-only
2026-05-01,2083/01/18,Gold,"Gold Rate Per Tola",296100,253862.29,25385.8,25385800,"Gahana",https://gahanaonline.com/gold-rate-history/,Secondary-only
2026-04-30,2083/01/17,Silver,"Silver Rate Per Tola",4810,4123.8,412.38,412380,"NotifyNepal",https://notifynepal.com/en/silver-price-history-nepal,Secondary-only
2026-04-30,2083/01/17,Gold,"Gold Rate Per Tola",292700,250947.29,25094.31,25094310,"Gahana",https://gahanaonline.com/gold-rate-history/,Secondary-only
2026-04-29,2083/01/16,Silver,"Silver Rate Per Tola",4915,4213.82,421.38,421380,"NotifyNepal",https://notifynepal.com/en/silver-price-history-nepal,Secondary-only
2026-04-29,2083/01/16,Gold,"Gold Rate Per Tola",294500,252490.53,25248.63,25248630,"Gahana",https://gahanaonline.com/gold-rate-history/,Secondary-only
2026-04-28,2083/01/15,Silver,"Silver Rate Per Tola",4945,4239.54,423.95,423950,"NotifyNepal",https://notifynepal.com/en/silver-price-history-nepal,Secondary-only
2026-04-28,2083/01/15,Gold,"Gold Rate Per Tola",297500,255062.59,25505.83,25505830,"Gahana",https://gahanaonline.com/gold-rate-history/,Secondary-only
2026-04-27,2083/01/14,Silver,"Silver Rate Per Tola",5045,4325.27,432.53,432530,"NotifyNepal",https://notifynepal.com/en/silver-price-history-nepal,Secondary-only
2026-04-27,2083/01/14,Gold,"Gold Rate Per Tola",300500,257634.65,25763.03,25763030,"Gahana",https://gahanaonline.com/gold-rate-history/,Secondary-only
2026-04-26,2083/01/13,Silver,"Silver Rate Per Tola",4995,4282.41,428.24,428240,"NotifyNepal",https://notifynepal.com/en/silver-price-history-nepal,Secondary-only
2026-04-26,2083/01/13,Gold,"Gold Rate Per Tola",299200,256520.09,25651.58,25651580,"Gahana",https://gahanaonline.com/gold-rate-history/,Secondary-only
2026-04-24,2083/01/11,Silver,"Silver Rate Per Tola",4945,4239.54,423.95,423950,"NotifyNepal",https://notifynepal.com/en/silver-price-history-nepal,Secondary-only
2026-04-24,2083/01/11,Gold,"Gold Rate Per Tola",296500,254205.24,25420.1,25420100,"Gahana",https://gahanaonline.com/gold-rate-history/,Secondary-only
2026-04-23,2083/01/10,Silver,"Silver Rate Per Tola",5020,4303.84,430.38,430380,"NotifyNepal",https://notifynepal.com/en/silver-price-history-nepal,Secondary-only
2026-04-23,2083/01/10,Gold,"Gold Rate Per Tola",298700,256091.41,25608.71,25608710,"Gahana",https://gahanaonline.com/gold-rate-history/,Secondary-only
2026-04-22,2083/01/09,Silver,"Silver Rate Per Tola",5130,4398.15,439.81,439810,"NotifyNepal",https://notifynepal.com/en/silver-price-history-nepal,Secondary-only
2026-04-22,2083/01/09,Gold,"Gold Rate Per Tola",300500,257634.65,25763.03,25763030,"Gahana",https://gahanaonline.com/gold-rate-history/,Secondary-only
2026-04-21,2083/01/08,Silver,"Silver Rate Per Tola",5160,4423.87,442.39,442390,"NotifyNepal",https://notifynepal.com/en/silver-price-history-nepal,Secondary-only
2026-04-21,2083/01/08,Gold,"Gold Rate Per Tola",301300,258320.53,25831.62,25831620,"Gahana",https://gahanaonline.com/gold-rate-history/,Secondary-only
2026-04-20,2083/01/07,Silver,"Silver Rate Per Tola",5190,4449.59,444.96,444960,"NotifyNepal",https://notifynepal.com/en/silver-price-history-nepal,Secondary-only
2026-04-20,2083/01/07,Gold,"Gold Rate Per Tola",299700,256948.77,25694.44,25694440,"Gahana",https://gahanaonline.com/gold-rate-history/,Secondary-only
2026-04-19,2083/01/06,Silver,"Silver Rate Per Tola",5225,4479.6,447.96,447960,"NotifyNepal",https://notifynepal.com/en/silver-price-history-nepal,Secondary-only
2026-04-19,2083/01/06,Gold,"Gold Rate Per Tola",301000,258063.33,25805.9,25805900,"Gahana",https://gahanaonline.com/gold-rate-history/,Secondary-only
2026-04-17,2083/01/04,Silver,"Silver Rate Per Tola",5130,4398.15,439.81,439810,"NotifyNepal",https://notifynepal.com/en/silver-price-history-nepal,Secondary-only
2026-04-17,2083/01/04,Gold,"Gold Rate Per Tola",299800,257034.5,25703.02,25703020,"Gahana",https://gahanaonline.com/gold-rate-history/,Secondary-only
2026-04-16,2083/01/03,Silver,"Silver Rate Per Tola",5250,4501.03,450.1,450100,"NotifyNepal",https://notifynepal.com/en/silver-price-history-nepal,Secondary-only
2026-04-16,2083/01/03,Gold,"Gold Rate Per Tola",302800,259606.56,25960.22,25960220,"Gahana",https://gahanaonline.com/gold-rate-history/,Secondary-only
2026-04-15,2083/01/02,Silver,"Silver Rate Per Tola",5220,4475.31,447.53,447530,"NotifyNepal",https://notifynepal.com/en/silver-price-history-nepal,Secondary-only
2026-04-15,2083/01/02,Gold,"Gold Rate Per Tola",302700,259520.83,25951.65,25951650,"Gahana",https://gahanaonline.com/gold-rate-history/,Secondary-only
2026-04-14,2083/01/01,Silver,"Silver Rate Per Tola",5065,4342.42,434.24,434240,"NotifyNepal",https://notifynepal.com/en/silver-price-history-nepal,Secondary-only
2026-04-14,2083/01/01,Gold,"Gold Rate Per Tola",299800,257034.5,25703.02,25703020,"Gahana",https://gahanaonline.com/gold-rate-history/,Secondary-only
2026-04-13,2082/12/30,Silver,"Silver Rate Per Tola",4900,4200.96,420.1,420100,"NotifyNepal",https://notifynepal.com/en/silver-price-history-nepal,Secondary-only
2026-04-13,2082/12/30,Gold,"Gold Rate Per Tola",296700,254376.71,25437.24,25437240,"Gahana",https://gahanaonline.com/gold-rate-history/,Secondary-only
2026-04-12,2082/12/29,Silver,"Silver Rate Per Tola",4975,4265.26,426.53,426530,"NotifyNepal",https://notifynepal.com/en/silver-price-history-nepal,Secondary-only
2026-04-12,2082/12/29,Gold,"Gold Rate Per Tola",297100,254719.65,25471.54,25471540,"Gahana",https://gahanaonline.com/gold-rate-history/,Secondary-only
2026-04-10,2082/12/27,Silver,"Silver Rate Per Tola",4960,4252.4,425.24,425240,"NotifyNepal",https://notifynepal.com/en/silver-price-history-nepal,Secondary-only
2026-04-10,2082/12/27,Gold,"Gold Rate Per Tola",296900,254548.18,25454.39,25454390,"Gahana",https://gahanaonline.com/gold-rate-history/,Secondary-only
2026-04-09,2082/12/26,Silver,"Silver Rate Per Tola",4875,4179.53,417.95,417950,"NotifyNepal",https://notifynepal.com/en/silver-price-history-nepal,Secondary-only
2026-04-09,2082/12/26,Gold,"Gold Rate Per Tola",294700,252662,25265.78,25265780,"Gahana",https://gahanaonline.com/gold-rate-history/,Secondary-only
2026-04-08,2082/12/25,Silver,"Silver Rate Per Tola",5025,4308.13,430.81,430810,"NotifyNepal",https://notifynepal.com/en/silver-price-history-nepal,Secondary-only
2026-04-08,2082/12/25,Gold,"Gold Rate Per Tola",299000,256348.62,25634.43,25634430,"Gahana",https://gahanaonline.com/gold-rate-history/,Secondary-only
2026-04-07,2082/12/24,Silver,"Silver Rate Per Tola",4820,4132.37,413.24,413240,"NotifyNepal",https://notifynepal.com/en/silver-price-history-nepal,Secondary-only
2026-04-07,2082/12/24,Gold,"Gold Rate Per Tola",291800,250175.68,25017.15,25017150,"Gahana",https://gahanaonline.com/gold-rate-history/,Secondary-only
2026-04-06,2082/12/23,Silver,"Silver Rate Per Tola",4780,4098.08,409.81,409810,"NotifyNepal",https://notifynepal.com/en/silver-price-history-nepal,Secondary-only
2026-04-06,2082/12/23,Gold,"Gold Rate Per Tola",291400,249832.73,24982.85,24982850,"Gahana",https://gahanaonline.com/gold-rate-history/,Secondary-only
2026-04-05,2082/12/22,Silver,"Silver Rate Per Tola",4830,4140.95,414.09,414090,"NotifyNepal",https://notifynepal.com/en/silver-price-history-nepal,Secondary-only
2026-04-05,2082/12/22,Gold,"Gold Rate Per Tola",294000,252061.85,25205.76,25205760,"Gahana",https://gahanaonline.com/gold-rate-history/,Secondary-only
2026-04-03,2082/12/20,Silver,"Silver Rate Per Tola",4830,4140.95,414.09,414090,"NotifyNepal",https://notifynepal.com/en/silver-price-history-nepal,Secondary-only
2026-04-03,2082/12/20,Gold,"Gold Rate Per Tola",294000,252061.85,25205.76,25205760,"Gahana",https://gahanaonline.com/gold-rate-history/,Secondary-only
2026-04-02,2082/12/19,Silver,"Silver Rate Per Tola",4780,4098.08,409.81,409810,"NotifyNepal",https://notifynepal.com/en/silver-price-history-nepal,Secondary-only
2026-04-02,2082/12/19,Gold,"Gold Rate Per Tola",294000,252061.85,25205.76,25205760,"Gahana",https://gahanaonline.com/gold-rate-history/,Secondary-only
2026-04-01,2082/12/18,Silver,"Silver Rate Per Tola",4945,4239.54,423.95,423950,"NotifyNepal",https://notifynepal.com/en/silver-price-history-nepal,Secondary-only
2026-04-01,2082/12/18,Gold,"Gold Rate Per Tola",297600,255148.32,25514.4,25514400,"Gahana",https://gahanaonline.com/gold-rate-history/,Secondary-only
2026-03-31,2082/12/17,Silver,"Silver Rate Per Tola",4845,4153.81,415.38,415380,"NotifyNepal",https://notifynepal.com/en/silver-price-history-nepal,Secondary-only
2026-03-31,2082/12/17,Gold,"Gold Rate Per Tola",290200,248803.91,24879.97,24879970,"Gahana",https://gahanaonline.com/gold-rate-history/,Secondary-only
2026-03-30,2082/12/16,Silver,"Silver Rate Per Tola",4700,4029.49,402.95,402950,"NotifyNepal",https://notifynepal.com/en/silver-price-history-nepal,Secondary-only
2026-03-30,2082/12/16,Gold,"Gold Rate Per Tola",283500,243059.64,24305.56,24305560,"Gahana",https://gahanaonline.com/gold-rate-history/,Secondary-only
2026-03-29,2082/12/15,Silver,"Silver Rate Per Tola",4720,4046.64,404.66,404660,"NotifyNepal",https://notifynepal.com/en/silver-price-history-nepal,Secondary-only
2026-03-29,2082/12/15,Gold,"Gold Rate Per Tola",286000,245203.03,24519.89,24519890,"Gahana",https://gahanaonline.com/gold-rate-history/,Secondary-only
2026-03-27,2082/12/13,Silver,"Silver Rate Per Tola",4670,4003.77,400.38,400380,"NotifyNepal",https://notifynepal.com/en/silver-price-history-nepal,Secondary-only
2026-03-27,2082/12/13,Gold,"Gold Rate Per Tola",281000,240916.26,24091.22,24091220,"Gahana",https://gahanaonline.com/gold-rate-history/,Secondary-only
2026-03-26,2082/12/12,Silver,"Silver Rate Per Tola",4820,4132.37,413.24,413240,"NotifyNepal",https://notifynepal.com/en/silver-price-history-nepal,Secondary-only
2026-03-26,2082/12/12,Gold,"Gold Rate Per Tola",285600,244860.09,24485.6,24485600,"Gahana",https://gahanaonline.com/gold-rate-history/,Secondary-only
2026-03-25,2082/12/11,Silver,"Silver Rate Per Tola",4920,4218.11,421.81,421810,"NotifyNepal",https://notifynepal.com/en/silver-price-history-nepal,Secondary-only
2026-03-25,2082/12/11,Gold,"Gold Rate Per Tola",288500,247346.41,24734.22,24734220,"Gahana",https://gahanaonline.com/gold-rate-history/,Secondary-only
2026-03-24,2082/12/10,Silver,"Silver Rate Per Tola",4505,3862.31,386.23,386230,"NotifyNepal",https://notifynepal.com/en/silver-price-history-nepal,Secondary-only
2026-03-24,2082/12/10,Gold,"Gold Rate Per Tola",273900,234829.05,23482.51,23482510,"Gahana",https://gahanaonline.com/gold-rate-history/,Secondary-only
2026-03-23,2082/12/09,Silver,"Silver Rate Per Tola",4425,3793.72,379.37,379370,"NotifyNepal",https://notifynepal.com/en/silver-price-history-nepal,Secondary-only
2026-03-23,2082/12/09,Gold,"Gold Rate Per Tola",275500,236200.82,23619.68,23619680,"Gahana",https://gahanaonline.com/gold-rate-history/,Secondary-only
2026-03-22,2082/12/08,Silver,"Silver Rate Per Tola",4540,3892.32,389.23,389230,"NotifyNepal",https://notifynepal.com/en/silver-price-history-nepal,Secondary-only
2026-03-22,2082/12/08,Gold,"Gold Rate Per Tola",282000,241773.61,24176.95,24176950,"Gahana",https://gahanaonline.com/gold-rate-history/,Secondary-only
2026-03-20,2082/12/06,Silver,"Silver Rate Per Tola",4895,4196.67,419.67,419670,"NotifyNepal",https://notifynepal.com/en/silver-price-history-nepal,Secondary-only
2026-03-20,2082/12/06,Gold,"Gold Rate Per Tola",294500,252490.53,25248.63,25248630,"Gahana",https://gahanaonline.com/gold-rate-history/,Secondary-only
2026-03-19,2082/12/05,Silver,"Silver Rate Per Tola",5010,4295.27,429.53,429530,"NotifyNepal",https://notifynepal.com/en/silver-price-history-nepal,Secondary-only
2026-03-19,2082/12/05,Gold,"Gold Rate Per Tola",302300,259177.89,25917.35,25917350,"Gahana",https://gahanaonline.com/gold-rate-history/,Secondary-only
2026-03-18,2082/12/04,Silver,"Silver Rate Per Tola",5150,4415.29,441.53,441530,"NotifyNepal",https://notifynepal.com/en/silver-price-history-nepal,Secondary-only
2026-03-18,2082/12/04,Gold,"Gold Rate Per Tola",307700,263807.59,26380.32,26380320,"Gahana",https://gahanaonline.com/gold-rate-history/,Secondary-only
2026-03-17,2082/12/03,Silver,"Silver Rate Per Tola",5335,4573.9,457.39,457390,"NotifyNepal",https://notifynepal.com/en/silver-price-history-nepal,Secondary-only
2026-03-17,2082/12/03,Gold,"Gold Rate Per Tola",309900,265693.77,26568.93,26568930,"Gahana",https://gahanaonline.com/gold-rate-history/,Secondary-only
2026-03-16,2082/12/02,Silver,"Silver Rate Per Tola",5265,4513.89,451.39,451390,"NotifyNepal",https://notifynepal.com/en/silver-price-history-nepal,Secondary-only
2026-03-16,2082/12/02,Gold,"Gold Rate Per Tola",309500,265350.83,26534.64,26534640,"Gahana",https://gahanaonline.com/gold-rate-history/,Secondary-only
2026-03-15,2082/12/01,Silver,"Silver Rate Per Tola",5270,4518.18,451.82,451820,"NotifyNepal",https://notifynepal.com/en/silver-price-history-nepal,Secondary-only
2026-03-15,2082/12/01,Gold,"Gold Rate Per Tola",309400,265265.09,26526.06,26526060,"Gahana",https://gahanaonline.com/gold-rate-history/,Secondary-only
2026-03-13,2082/11/29,Silver,"Silver Rate Per Tola",5495,4711.08,471.11,471110,"NotifyNepal",https://notifynepal.com/en/silver-price-history-nepal,Secondary-only
2026-03-13,2082/11/29,Gold,"Gold Rate Per Tola",314200,269380.39,26937.59,26937590,"Gahana",https://gahanaonline.com/gold-rate-history/,Secondary-only
2026-03-12,2082/11/28,Silver,"Silver Rate Per Tola",5515,4728.22,472.82,472820,"NotifyNepal",https://notifynepal.com/en/silver-price-history-nepal,Secondary-only
2026-03-12,2082/11/28,Gold,"Gold Rate Per Tola",317000,271780.98,27177.64,27177640,"Gahana",https://gahanaonline.com/gold-rate-history/,Secondary-only
2026-03-11,2082/11/27,Silver,"Silver Rate Per Tola",5720,4903.98,490.4,490400,"NotifyNepal",https://notifynepal.com/en/silver-price-history-nepal,Secondary-only
2026-03-11,2082/11/27,Gold,"Gold Rate Per Tola",319000,273495.68,27349.11,27349110,"Gahana",https://gahanaonline.com/gold-rate-history/,Secondary-only
2026-03-10,2082/11/26,Silver,"Silver Rate Per Tola",5720,4903.98,490.4,490400,"NotifyNepal",https://notifynepal.com/en/silver-price-history-nepal,Secondary-only
2026-03-10,2082/11/26,Gold,"Gold Rate Per Tola",317000,271780.98,27177.64,27177640,"Gahana",https://gahanaonline.com/gold-rate-history/,Secondary-only
2026-03-09,,Silver,"Silver Rate Per Tola",5410,4638.2,463.82,463820,"NotifyNepal",https://notifynepal.com/en/silver-price-history-nepal,Secondary-only
2026-03-08,2082/11/24,Silver,"Silver Rate Per Tola",5475,4693.93,469.39,469390,"NotifyNepal",https://notifynepal.com/en/silver-price-history-nepal,Secondary-only
2026-03-08,2082/11/24,Gold,"Gold Rate Per Tola",316900,271695.24,27169.07,27169070,"Gahana",https://gahanaonline.com/gold-rate-history/,Secondary-only
2026-03-06,2082/11/22,Silver,"Silver Rate Per Tola",5445,4668.21,466.82,466820,"NotifyNepal",https://notifynepal.com/en/silver-price-history-nepal,Secondary-only
2026-03-06,2082/11/22,Gold,"Gold Rate Per Tola",313400,268694.51,26869,26869000,"Gahana",https://gahanaonline.com/gold-rate-history/,Secondary-only
2026-03-04,2082/11/20,Silver,"Silver Rate Per Tola",5540,4749.66,474.97,474970,"NotifyNepal",https://notifynepal.com/en/silver-price-history-nepal,Secondary-only
2026-03-04,2082/11/20,Gold,"Gold Rate Per Tola",317600,272295.39,27229.08,27229080,"Gahana",https://gahanaonline.com/gold-rate-history/,Secondary-only
2026-03-03,2082/11/19,Silver,"Silver Rate Per Tola",5815,4985.43,498.54,498540,"NotifyNepal",https://notifynepal.com/en/silver-price-history-nepal,Secondary-only
2026-03-03,2082/11/19,Gold,"Gold Rate Per Tola",328600,281726.28,28172.15,28172150,"Gahana",https://gahanaonline.com/gold-rate-history/,Secondary-only
2026-03-02,,Silver,"Silver Rate Per Tola",6020,5161.18,516.12,516120,"NotifyNepal",https://notifynepal.com/en/silver-price-history-nepal,Secondary-only
2026-03-01,,Silver,"Silver Rate Per Tola",5985,5131.17,513.12,513120,"NotifyNepal",https://notifynepal.com/en/silver-price-history-nepal,Secondary-only
2026-02-27,2082/11/15,Silver,"Silver Rate Per Tola",5740,4921.12,492.11,492110,"NotifyNepal",https://notifynepal.com/en/silver-price-history-nepal,Secondary-only
2026-02-27,2082/11/15,Gold,"Gold Rate Per Tola",314900,269980.54,26997.6,26997600,"Gahana",https://gahanaonline.com/gold-rate-history/,Secondary-only
2026-02-26,2082/11/14,Silver,"Silver Rate Per Tola",5725,4908.26,490.83,490830,"NotifyNepal",https://notifynepal.com/en/silver-price-history-nepal,Secondary-only
2026-02-26,2082/11/14,Gold,"Gold Rate Per Tola",315400,270409.21,27040.47,27040470,"Gahana",https://gahanaonline.com/gold-rate-history/,Secondary-only
2026-02-25,2082/11/13,Silver,"Silver Rate Per Tola",5715,4899.69,489.97,489970,"NotifyNepal",https://notifynepal.com/en/silver-price-history-nepal,Secondary-only
2026-02-25,2082/11/13,Gold,"Gold Rate Per Tola",314800,269894.8,26989.03,26989030,"Gahana",https://gahanaonline.com/gold-rate-history/,Secondary-only
2026-02-24,2082/11/12,Silver,"Silver Rate Per Tola",5585,4788.24,478.82,478820,"NotifyNepal",https://notifynepal.com/en/silver-price-history-nepal,Secondary-only
2026-02-24,2082/11/12,Gold,"Gold Rate Per Tola",314800,269894.8,26989.03,26989030,"Gahana",https://gahanaonline.com/gold-rate-history/,Secondary-only
2026-02-23,2082/11/11,Silver,"Silver Rate Per Tola",5595,4796.81,479.68,479680,"NotifyNepal",https://notifynepal.com/en/silver-price-history-nepal,Secondary-only
2026-02-23,2082/11/11,Gold,"Gold Rate Per Tola",313500,268780.24,26877.57,26877570,"Gahana",https://gahanaonline.com/gold-rate-history/,Secondary-only
2026-02-22,2082/11/10,Silver,"Silver Rate Per Tola",5425,4651.06,465.11,465110,"NotifyNepal",https://notifynepal.com/en/silver-price-history-nepal,Secondary-only
2026-02-22,2082/11/10,Gold,"Gold Rate Per Tola",310300,266036.71,26603.22,26603220,"Gahana",https://gahanaonline.com/gold-rate-history/,Secondary-only
2026-02-20,2082/11/08,Silver,"Silver Rate Per Tola",5060,4338.13,433.81,433810,"NotifyNepal",https://notifynepal.com/en/silver-price-history-nepal,Secondary-only
2026-02-20,2082/11/08,Gold,"Gold Rate Per Tola",304700,261235.53,26123.11,26123110,"Gahana",https://gahanaonline.com/gold-rate-history/,Secondary-only
2026-02-19,2082/11/07,Silver,"Silver Rate Per Tola",4880,4183.81,418.38,418380,"NotifyNepal",https://notifynepal.com/en/silver-price-history-nepal,Secondary-only
2026-02-19,2082/11/07,Gold,"Gold Rate Per Tola",304700,261235.53,26123.11,26123110,"Gahana",https://gahanaonline.com/gold-rate-history/,Secondary-only
2026-02-18,2082/11/06,Silver,"Silver Rate Per Tola",4885,4188.1,418.81,418810,"NotifyNepal",https://notifynepal.com/en/silver-price-history-nepal,Secondary-only
2026-02-18,2082/11/06,Gold,"Gold Rate Per Tola",300400,257548.91,25754.46,25754460,"Gahana",https://gahanaonline.com/gold-rate-history/,Secondary-only
2026-02-17,2082/11/05,Silver,"Silver Rate Per Tola",4860,4166.67,416.67,416670,"NotifyNepal",https://notifynepal.com/en/silver-price-history-nepal,Secondary-only
2026-02-17,2082/11/05,Gold,"Gold Rate Per Tola",301900,258834.94,25883.06,25883060,"Gahana",https://gahanaonline.com/gold-rate-history/,Secondary-only
2026-02-16,2082/11/04,Silver,"Silver Rate Per Tola",4985,4273.83,427.38,427380,"NotifyNepal",https://notifynepal.com/en/silver-price-history-nepal,Secondary-only
2026-02-16,2082/11/04,Gold,"Gold Rate Per Tola",302800,259606.56,25960.22,25960220,"Gahana",https://gahanaonline.com/gold-rate-history/,Secondary-only
2026-02-15,2082/11/03,Silver,"Silver Rate Per Tola",5000,4286.69,428.67,428670,"NotifyNepal",https://notifynepal.com/en/silver-price-history-nepal,Secondary-only
2026-02-15,2082/11/03,Gold,"Gold Rate Per Tola",305800,262178.62,26217.42,26217420,"Gahana",https://gahanaonline.com/gold-rate-history/,Secondary-only
2026-02-13,2082/11/01,Silver,"Silver Rate Per Tola",5000,4286.69,428.67,428670,"NotifyNepal",https://notifynepal.com/en/silver-price-history-nepal,Secondary-only
2026-02-13,2082/11/01,Gold,"Gold Rate Per Tola",303500,260206.71,26020.23,26020230,"Gahana",https://gahanaonline.com/gold-rate-history/,Secondary-only
2026-02-12,2082/10/29,Silver,"Silver Rate Per Tola",5340,4578.19,457.82,457820,"NotifyNepal",https://notifynepal.com/en/silver-price-history-nepal,Secondary-only
2026-02-12,2082/10/29,Gold,"Gold Rate Per Tola",306500,262778.77,26277.43,26277430,"Gahana",https://gahanaonline.com/gold-rate-history/,Secondary-only
2026-02-11,2082/10/28,Silver,"Silver Rate Per Tola",5290,4535.32,453.53,453530,"NotifyNepal",https://notifynepal.com/en/silver-price-history-nepal,Secondary-only
2026-02-11,2082/10/28,Gold,"Gold Rate Per Tola",306600,262864.5,26286.01,26286010,"Gahana",https://gahanaonline.com/gold-rate-history/,Secondary-only
2026-02-10,2082/10/27,Silver,"Silver Rate Per Tola",5240,4492.46,449.25,449250,"NotifyNepal",https://notifynepal.com/en/silver-price-history-nepal,Secondary-only
2026-02-10,2082/10/27,Gold,"Gold Rate Per Tola",305500,261921.42,26191.7,26191700,"Gahana",https://gahanaonline.com/gold-rate-history/,Secondary-only
2026-02-09,2082/10/26,Silver,"Silver Rate Per Tola",5250,4501.03,450.1,450100,"NotifyNepal",https://notifynepal.com/en/silver-price-history-nepal,Secondary-only
2026-02-09,2082/10/26,Gold,"Gold Rate Per Tola",304600,261149.8,26114.54,26114540,"Gahana",https://gahanaonline.com/gold-rate-history/,Secondary-only
2026-02-08,2082/10/25,Silver,"Silver Rate Per Tola",5010,4295.27,429.53,429530,"NotifyNepal",https://notifynepal.com/en/silver-price-history-nepal,Secondary-only
2026-02-08,2082/10/25,Gold,"Gold Rate Per Tola",300500,257634.65,25763.03,25763030,"Gahana",https://gahanaonline.com/gold-rate-history/,Secondary-only
2026-02-06,2082/10/23,Silver,"Silver Rate Per Tola",4710,4038.07,403.81,403810,"NotifyNepal",https://notifynepal.com/en/silver-price-history-nepal,Secondary-only
2026-02-06,2082/10/23,Gold,"Gold Rate Per Tola",291000,249489.79,24948.56,24948560,"Gahana",https://gahanaonline.com/gold-rate-history/,Secondary-only
2026-02-05,2082/10/22,Silver,"Silver Rate Per Tola",4980,4269.55,426.95,426950,"NotifyNepal",https://notifynepal.com/en/silver-price-history-nepal,Secondary-only
2026-02-05,2082/10/22,Gold,"Gold Rate Per Tola",295200,253090.68,25308.64,25308640,"Gahana",https://gahanaonline.com/gold-rate-history/,Secondary-only
2026-02-04,2082/10/21,Silver,"Silver Rate Per Tola",5600,4801.1,480.11,480110,"NotifyNepal",https://notifynepal.com/en/silver-price-history-nepal,Secondary-only
2026-02-04,2082/10/21,Gold,"Gold Rate Per Tola",304700,261235.53,26123.11,26123110,"Gahana",https://gahanaonline.com/gold-rate-history/,Secondary-only
2026-02-03,2082/10/20,Silver,"Silver Rate Per Tola",5335,4573.9,457.39,457390,"NotifyNepal",https://notifynepal.com/en/silver-price-history-nepal,Secondary-only
2026-02-03,2082/10/20,Gold,"Gold Rate Per Tola",290300,248889.65,24888.55,24888550,"Gahana",https://gahanaonline.com/gold-rate-history/,Secondary-only
2026-02-02,2082/10/19,Silver,"Silver Rate Per Tola",5200,4458.16,445.82,445820,"NotifyNepal",https://notifynepal.com/en/silver-price-history-nepal,Secondary-only
2026-02-02,2082/10/19,Gold,"Gold Rate Per Tola",286600,245717.44,24571.33,24571330,"Gahana",https://gahanaonline.com/gold-rate-history/,Secondary-only
2026-02-01,2082/10/18,Silver,"Silver Rate Per Tola",5500,4715.36,471.54,471540,"NotifyNepal",https://notifynepal.com/en/silver-price-history-nepal,Secondary-only
2026-02-01,2082/10/18,Gold,"Gold Rate Per Tola",300000,257205.97,25720.16,25720160,"Gahana",https://gahanaonline.com/gold-rate-history/,Secondary-only
2026-01-30,2082/10/16,Silver,"Silver Rate Per Tola",7065,6057.1,605.71,605710,"NotifyNepal",https://notifynepal.com/en/silver-price-history-nepal,Secondary-only
2026-01-30,2082/10/16,Gold,"Gold Rate Per Tola",318800,273324.21,27331.96,27331960,"Gahana",https://gahanaonline.com/gold-rate-history/,Secondary-only
2026-01-29,2082/10/15,Silver,"Silver Rate Per Tola",7505,6434.33,643.43,643430,"NotifyNepal",https://notifynepal.com/en/silver-price-history-nepal,Secondary-only
2026-01-29,2082/10/15,Gold,"Gold Rate Per Tola",339300,290899.95,29089.51,29089510,"Gahana",https://gahanaonline.com/gold-rate-history/,Secondary-only
2026-01-28,2082/10/14,Silver,"Silver Rate Per Tola",7300,6258.57,625.86,625860,"NotifyNepal",https://notifynepal.com/en/silver-price-history-nepal,Secondary-only
2026-01-28,2082/10/14,Gold,"Gold Rate Per Tola",318800,273324.21,27331.96,27331960,"Gahana",https://gahanaonline.com/gold-rate-history/,Secondary-only
2026-01-27,2082/10/13,Silver,"Silver Rate Per Tola",6870,5889.92,588.99,588990,"NotifyNepal",https://notifynepal.com/en/silver-price-history-nepal,Secondary-only
2026-01-27,2082/10/13,Gold,"Gold Rate Per Tola",309300,265179.36,26517.49,26517490,"Gahana",https://gahanaonline.com/gold-rate-history/,Secondary-only
2026-01-26,2082/10/12,Silver,"Silver Rate Per Tola",6765,5799.9,579.99,579990,"NotifyNepal",https://notifynepal.com/en/silver-price-history-nepal,Secondary-only
2026-01-26,2082/10/12,Gold,"Gold Rate Per Tola",309005,264926.44,26492.2,26492200,"Gahana",https://gahanaonline.com/gold-rate-history/,Secondary-only
2026-01-25,2082/10/11,Silver,"Silver Rate Per Tola",6480,5555.56,555.56,555560,"NotifyNepal",https://notifynepal.com/en/silver-price-history-nepal,Secondary-only
2026-01-25,2082/10/11,Gold,"Gold Rate Per Tola",303800,260463.91,26045.95,26045950,"Gahana",https://gahanaonline.com/gold-rate-history/,Secondary-only
2026-01-23,2082/10/09,Silver,"Silver Rate Per Tola",6190,5306.93,530.69,530690,"NotifyNepal",https://notifynepal.com/en/silver-price-history-nepal,Secondary-only
2026-01-23,2082/10/09,Gold,"Gold Rate Per Tola",301400,258406.27,25840.19,25840190,"Gahana",https://gahanaonline.com/gold-rate-history/,Secondary-only
2026-01-22,2082/10/08,Silver,"Silver Rate Per Tola",5870,5032.58,503.26,503260,"NotifyNepal",https://notifynepal.com/en/silver-price-history-nepal,Secondary-only
2026-01-22,2082/10/08,Gold,"Gold Rate Per Tola",292200,250518.62,25051.44,25051440,"Gahana",https://gahanaonline.com/gold-rate-history/,Secondary-only
2026-01-21,2082/10/07,Silver,"Silver Rate Per Tola",5920,5075.45,507.54,507540,"NotifyNepal",https://notifynepal.com/en/silver-price-history-nepal,Secondary-only
2026-01-21,2082/10/07,Gold,"Gold Rate Per Tola",295100,253004.94,25300.07,25300070,"Gahana",https://gahanaonline.com/gold-rate-history/,Secondary-only
2026-01-20,2082/10/06,Silver,"Silver Rate Per Tola",5880,5041.15,504.12,504120,"NotifyNepal",https://notifynepal.com/en/silver-price-history-nepal,Secondary-only
2026-01-20,2082/10/06,Gold,"Gold Rate Per Tola",284700,244088.47,24408.44,24408440,"Gahana",https://gahanaonline.com/gold-rate-history/,Secondary-only
2026-01-19,2082/10/05,Silver,"Silver Rate Per Tola",5810,4981.14,498.11,498110,"NotifyNepal",https://notifynepal.com/en/silver-price-history-nepal,Secondary-only
2026-01-19,2082/10/05,Gold,"Gold Rate Per Tola",282000,241773.61,24176.95,24176950,"Gahana",https://gahanaonline.com/gold-rate-history/,Secondary-only
2026-01-18,2082/10/04,Silver,"Silver Rate Per Tola",5625,4822.53,482.25,482250,"NotifyNepal",https://notifynepal.com/en/silver-price-history-nepal,Secondary-only
2026-01-18,2082/10/04,Gold,"Gold Rate Per Tola",277800,238172.73,23816.87,23816870,"Gahana",https://gahanaonline.com/gold-rate-history/,Secondary-only
2026-01-16,2082/10/02,Silver,"Silver Rate Per Tola",5645,4839.68,483.97,483970,"NotifyNepal",https://notifynepal.com/en/silver-price-history-nepal,Secondary-only
2026-01-16,2082/10/02,Gold,"Gold Rate Per Tola",277200,237658.32,23765.43,23765430,"Gahana",https://gahanaonline.com/gold-rate-history/,Secondary-only
2026-01-15,2082/10/01,Silver,"Silver Rate Per Tola",5485,4702.5,470.25,470250,"NotifyNepal",https://notifynepal.com/en/silver-price-history-nepal,Secondary-only
2026-01-15,2082/10/01,Gold,"Gold Rate Per Tola",276500,237058.17,23705.42,23705420,"Gahana",https://gahanaonline.com/gold-rate-history/,Secondary-only
2026-01-14,2082/09/30,Silver,"Silver Rate Per Tola",5655,4848.25,484.83,484830,"NotifyNepal",https://notifynepal.com/en/silver-price-history-nepal,Secondary-only
2026-01-14,2082/09/30,Gold,"Gold Rate Per Tola",278000,238344.2,23834.02,23834020,"Gahana",https://gahanaonline.com/gold-rate-history/,Secondary-only
2026-01-13,2082/09/29,Silver,"Silver Rate Per Tola",5340,4578.19,457.82,457820,"NotifyNepal",https://notifynepal.com/en/silver-price-history-nepal,Secondary-only
2026-01-13,2082/09/29,Gold,"Gold Rate Per Tola",276500,237058.17,23705.42,23705420,"Gahana",https://gahanaonline.com/gold-rate-history/,Secondary-only
2026-01-12,2082/09/28,Silver,"Silver Rate Per Tola",5195,4453.88,445.39,445390,"NotifyNepal",https://notifynepal.com/en/silver-price-history-nepal,Secondary-only
2026-01-12,2082/09/28,Gold,"Gold Rate Per Tola",274700,235514.94,23551.1,23551100,"Gahana",https://gahanaonline.com/gold-rate-history/,Secondary-only
2026-01-11,2082/09/27,Silver,"Silver Rate Per Tola",4990,4278.12,427.81,427810,"NotifyNepal",https://notifynepal.com/en/silver-price-history-nepal,Secondary-only
2026-01-11,2082/09/27,Gold,"Gold Rate Per Tola",270600,231999.79,23199.59,23199590,"Gahana",https://gahanaonline.com/gold-rate-history/,Secondary-only
2026-01-09,2082/09/25,Silver,"Silver Rate Per Tola",4780,4098.08,409.81,409810,"NotifyNepal",https://notifynepal.com/en/silver-price-history-nepal,Secondary-only
2026-01-09,2082/09/25,Gold,"Gold Rate Per Tola",267800,229599.2,22959.53,22959530,"Gahana",https://gahanaonline.com/gold-rate-history/,Secondary-only
2026-01-08,2082/09/24,Silver,"Silver Rate Per Tola",4835,4145.23,414.52,414520,"NotifyNepal",https://notifynepal.com/en/silver-price-history-nepal,Secondary-only
2026-01-08,2082/09/24,Gold,"Gold Rate Per Tola",265700,227798.76,22779.49,22779490,"Gahana",https://gahanaonline.com/gold-rate-history/,Secondary-only
2026-01-07,2082/09/23,Silver,"Silver Rate Per Tola",4935,4230.97,423.1,423100,"NotifyNepal",https://notifynepal.com/en/silver-price-history-nepal,Secondary-only
2026-01-07,2082/09/23,Gold,"Gold Rate Per Tola",267700,229513.46,22950.96,22950960,"Gahana",https://gahanaonline.com/gold-rate-history/,Secondary-only
2026-01-06,2082/09/22,Silver,"Silver Rate Per Tola",4880,4183.81,418.38,418380,"NotifyNepal",https://notifynepal.com/en/silver-price-history-nepal,Secondary-only
2026-01-06,2082/09/22,Gold,"Gold Rate Per Tola",268100,229856.4,22985.25,22985250,"Gahana",https://gahanaonline.com/gold-rate-history/,Secondary-only
2026-01-05,2082/09/21,Silver,"Silver Rate Per Tola",4685,4016.63,401.66,401660,"NotifyNepal",https://notifynepal.com/en/silver-price-history-nepal,Secondary-only
2026-01-05,2082/09/21,Gold,"Gold Rate Per Tola",265000,227198.61,22719.48,22719480,"Gahana",https://gahanaonline.com/gold-rate-history/,Secondary-only
2026-01-04,2082/09/20,Silver,"Silver Rate Per Tola",4500,3858.02,385.8,385800,"NotifyNepal",https://notifynepal.com/en/silver-price-history-nepal,Secondary-only
2026-01-04,2082/09/20,Gold,"Gold Rate Per Tola",260400,223254.78,22325.1,22325100,"Gahana",https://gahanaonline.com/gold-rate-history/,Secondary-only
2026-01-02,2082/09/18,Silver,"Silver Rate Per Tola",4525,3879.46,387.95,387950,"NotifyNepal",https://notifynepal.com/en/silver-price-history-nepal,Secondary-only
2026-01-02,2082/09/18,Gold,"Gold Rate Per Tola",262500,225055.23,22505.14,22505140,"Gahana",https://gahanaonline.com/gold-rate-history/,Secondary-only
2026-01-01,2082/09/17,Silver,"Silver Rate Per Tola",4415,3785.15,378.52,378520,"NotifyNepal",https://notifynepal.com/en/silver-price-history-nepal,Secondary-only
2026-01-01,2082/09/17,Gold,"Gold Rate Per Tola",259600,222568.9,22256.52,22256520,"Gahana",https://gahanaonline.com/gold-rate-history/,Secondary-only
2025-12-31,2082/09/16,Silver,"Silver Rate Per Tola",4470,3832.3,383.23,383230,"NotifyNepal",https://notifynepal.com/en/silver-price-history-nepal,Secondary-only
2025-12-31,2082/09/16,Gold,"Gold Rate Per Tola",261000,223769.2,22376.54,22376540,"Gahana",https://gahanaonline.com/gold-rate-history/,Secondary-only
2025-12-30,2082/09/15,Silver,"Silver Rate Per Tola",4590,3935.19,393.52,393520,"NotifyNepal",https://notifynepal.com/en/silver-price-history-nepal,Secondary-only
2025-12-30,2082/09/15,Gold,"Gold Rate Per Tola",262100,224712.28,22470.85,22470850,"Gahana",https://gahanaonline.com/gold-rate-history/,Secondary-only
2025-12-29,2082/09/14,Silver,"Silver Rate Per Tola",4895,4196.67,419.67,419670,"NotifyNepal",https://notifynepal.com/en/silver-price-history-nepal,Secondary-only
2025-12-29,2082/09/14,Gold,"Gold Rate Per Tola",270000,231485.38,23148.15,23148150,"Gahana",https://gahanaonline.com/gold-rate-history/,Secondary-only
2025-12-28,2082/09/13,Silver,"Silver Rate Per Tola",4835,4145.23,414.52,414520,"NotifyNepal",https://notifynepal.com/en/silver-price-history-nepal,Secondary-only
2025-12-28,2082/09/13,Gold,"Gold Rate Per Tola",270600,231999.79,23199.59,23199590,"Gahana",https://gahanaonline.com/gold-rate-history/,Secondary-only
2025-12-26,2082/09/11,Silver,"Silver Rate Per Tola",4565,3913.75,391.38,391380,"NotifyNepal",https://notifynepal.com/en/silver-price-history-nepal,Secondary-only
2025-12-26,2082/09/11,Gold,"Gold Rate Per Tola",269300,230885.23,23088.13,23088130,"Gahana",https://gahanaonline.com/gold-rate-history/,Secondary-only
2025-12-25,2082/09/10,Silver,"Silver Rate Per Tola",4400,3772.29,377.23,377230,"NotifyNepal",https://notifynepal.com/en/silver-price-history-nepal,Secondary-only
2025-12-25,2082/09/10,Gold,"Gold Rate Per Tola",267500,229341.99,22933.81,22933810,"Gahana",https://gahanaonline.com/gold-rate-history/,Secondary-only
2025-12-24,2082/09/09,Silver,"Silver Rate Per Tola",4420,3789.44,378.94,378940,"NotifyNepal",https://notifynepal.com/en/silver-price-history-nepal,Secondary-only
2025-12-24,2082/09/09,Gold,"Gold Rate Per Tola",268100,229856.4,22985.25,22985250,"Gahana",https://gahanaonline.com/gold-rate-history/,Secondary-only
2025-12-23,2082/09/08,Silver,"Silver Rate Per Tola",4255,3647.98,364.8,364800,"NotifyNepal",https://notifynepal.com/en/silver-price-history-nepal,Secondary-only
2025-12-23,2082/09/08,Gold,"Gold Rate Per Tola",267200,229084.79,22908.09,22908090,"Gahana",https://gahanaonline.com/gold-rate-history/,Secondary-only
2025-12-22,2082/09/07,Silver,"Silver Rate Per Tola",4235,3630.83,363.08,363080,"NotifyNepal",https://notifynepal.com/en/silver-price-history-nepal,Secondary-only
2025-12-22,2082/09/07,Gold,"Gold Rate Per Tola",261700,224369.34,22436.56,22436560,"Gahana",https://gahanaonline.com/gold-rate-history/,Secondary-only
2025-12-21,2082/09/06,Silver,"Silver Rate Per Tola",4105,3519.38,351.94,351940,"NotifyNepal",https://notifynepal.com/en/silver-price-history-nepal,Secondary-only
2025-12-21,2082/09/06,Gold,"Gold Rate Per Tola",258300,221454.34,22145.06,22145060,"Gahana",https://gahanaonline.com/gold-rate-history/,Secondary-only
2025-12-19,2082/09/04,Silver,"Silver Rate Per Tola",4005,3433.64,343.36,343360,"NotifyNepal",https://notifynepal.com/en/silver-price-history-nepal,Secondary-only
2025-12-19,2082/09/04,Gold,"Gold Rate Per Tola",258400,221540.08,22153.64,22153640,"Gahana",https://gahanaonline.com/gold-rate-history/,Secondary-only
2025-12-18,2082/09/03,Silver,"Silver Rate Per Tola",4080,3497.94,349.79,349790,"NotifyNepal",https://notifynepal.com/en/silver-price-history-nepal,Secondary-only
2025-12-18,2082/09/03,Gold,"Gold Rate Per Tola",260400,223254.78,22325.1,22325100,"Gahana",https://gahanaonline.com/gold-rate-history/,Secondary-only
2025-12-17,2082/09/02,Silver,"Silver Rate Per Tola",4055,3476.51,347.65,347650,"NotifyNepal",https://notifynepal.com/en/silver-price-history-nepal,Secondary-only
2025-12-17,2082/09/02,Gold,"Gold Rate Per Tola",259700,222654.64,22265.09,22265090,"Gahana",https://gahanaonline.com/gold-rate-history/,Secondary-only
2025-12-16,2082/09/01,Silver,"Silver Rate Per Tola",3885,3330.76,333.08,333080,"NotifyNepal",https://notifynepal.com/en/silver-price-history-nepal,Secondary-only
2025-12-16,2082/09/01,Gold,"Gold Rate Per Tola",259000,222054.49,22205.08,22205080,"Gahana",https://gahanaonline.com/gold-rate-history/,Secondary-only
2025-12-15,2082/08/29,Silver,"Silver Rate Per Tola",3870,3317.9,331.79,331790,"NotifyNepal",https://notifynepal.com/en/silver-price-history-nepal,Secondary-only
2025-12-15,2082/08/29,Gold,"Gold Rate Per Tola",260700,223511.99,22350.82,22350820,"Gahana",https://gahanaonline.com/gold-rate-history/,Secondary-only
2025-12-14,2082/08/28,Silver,"Silver Rate Per Tola",3825,3279.32,327.93,327930,"NotifyNepal",https://notifynepal.com/en/silver-price-history-nepal,Secondary-only
2025-12-14,2082/08/28,Gold,"Gold Rate Per Tola",258800,221883.02,22187.93,22187930,"Gahana",https://gahanaonline.com/gold-rate-history/,Secondary-only
2025-12-12,2082/08/26,Silver,"Silver Rate Per Tola",3905,3347.91,334.79,334790,"NotifyNepal",https://notifynepal.com/en/silver-price-history-nepal,Secondary-only
2025-12-12,2082/08/26,Gold,"Gold Rate Per Tola",256600,219996.84,21999.31,21999310,"Gahana",https://gahanaonline.com/gold-rate-history/,Secondary-only
2025-12-11,2082/08/25,Silver,"Silver Rate Per Tola",3805,3262.17,326.22,326220,"NotifyNepal",https://notifynepal.com/en/silver-price-history-nepal,Secondary-only
2025-12-11,2082/08/25,Gold,"Gold Rate Per Tola",253100,216996.11,21699.25,21699250,"Gahana",https://gahanaonline.com/gold-rate-history/,Secondary-only
2025-12-10,2082/08/24,Silver,"Silver Rate Per Tola",3750,3215.02,321.5,321500,"NotifyNepal",https://notifynepal.com/en/silver-price-history-nepal,Secondary-only
2025-12-10,2082/08/24,Gold,"Gold Rate Per Tola",252100,216138.75,21613.51,21613510,"Gahana",https://gahanaonline.com/gold-rate-history/,Secondary-only
2025-12-09,2082/08/23,Silver,"Silver Rate Per Tola",3600,3086.42,308.64,308640,"NotifyNepal",https://notifynepal.com/en/silver-price-history-nepal,Secondary-only
2025-12-09,2082/08/23,Gold,"Gold Rate Per Tola",251900,215967.28,21596.36,21596360,"Gahana",https://gahanaonline.com/gold-rate-history/,Secondary-only
2025-12-08,2082/08/22,Silver,"Silver Rate Per Tola",3585,3073.56,307.36,307360,"NotifyNepal",https://notifynepal.com/en/silver-price-history-nepal,Secondary-only
2025-12-08,2082/08/22,Gold,"Gold Rate Per Tola",252900,216824.63,21682.1,21682100,"Gahana",https://gahanaonline.com/gold-rate-history/,Secondary-only
2025-12-07,2082/08/21,Silver,"Silver Rate Per Tola",3605,3090.71,309.07,309070,"NotifyNepal",https://notifynepal.com/en/silver-price-history-nepal,Secondary-only
2025-12-07,2082/08/21,Gold,"Gold Rate Per Tola",252200,216224.49,21622.09,21622090,"Gahana",https://gahanaonline.com/gold-rate-history/,Secondary-only
2025-12-05,2082/08/19,Silver,"Silver Rate Per Tola",3555,3047.84,304.78,304780,"NotifyNepal",https://notifynepal.com/en/silver-price-history-nepal,Secondary-only
2025-12-05,2082/08/19,Gold,"Gold Rate Per Tola",252400,216395.96,21639.23,21639230,"Gahana",https://gahanaonline.com/gold-rate-history/,Secondary-only
2025-12-04,2082/08/18,Silver,"Silver Rate Per Tola",3625,3107.85,310.79,310790,"NotifyNepal",https://notifynepal.com/en/silver-price-history-nepal,Secondary-only
2025-12-04,2082/08/18,Gold,"Gold Rate Per Tola",253300,217167.58,21716.39,21716390,"Gahana",https://gahanaonline.com/gold-rate-history/,Secondary-only
2025-12-03,2082/08/17,Silver,"Silver Rate Per Tola",3655,3133.57,313.36,313360,"NotifyNepal",https://notifynepal.com/en/silver-price-history-nepal,Secondary-only
2025-12-03,2082/08/17,Gold,"Gold Rate Per Tola",254100,217853.46,21784.98,21784980,"Gahana",https://gahanaonline.com/gold-rate-history/,Secondary-only
2025-12-02,2082/08/16,Silver,"Silver Rate Per Tola",3545,3039.27,303.93,303930,"NotifyNepal",https://notifynepal.com/en/silver-price-history-nepal,Secondary-only
2025-12-02,2082/08/16,Gold,"Gold Rate Per Tola",253300,217167.58,21716.39,21716390,"Gahana",https://gahanaonline.com/gold-rate-history/,Secondary-only
2025-12-01,2082/08/15,Silver,"Silver Rate Per Tola",3535,3030.69,303.07,303070,"NotifyNepal",https://notifynepal.com/en/silver-price-history-nepal,Secondary-only
2025-12-01,2082/08/15,Gold,"Gold Rate Per Tola",253600,217424.78,21742.11,21742110,"Gahana",https://gahanaonline.com/gold-rate-history/,Secondary-only
2025-11-30,2082/08/14,Silver,"Silver Rate Per Tola",3490,2992.11,299.21,299210,"NotifyNepal",https://notifynepal.com/en/silver-price-history-nepal,Secondary-only
2025-11-30,2082/08/14,Gold,"Gold Rate Per Tola",252200,216224.49,21622.09,21622090,"Gahana",https://gahanaonline.com/gold-rate-history/,Secondary-only
2025-11-28,2082/08/12,Silver,"Silver Rate Per Tola",3345,2867.8,286.78,286780,"NotifyNepal",https://notifynepal.com/en/silver-price-history-nepal,Secondary-only
2025-11-28,2082/08/12,Gold,"Gold Rate Per Tola",250600,214852.72,21484.91,21484910,"Gahana",https://gahanaonline.com/gold-rate-history/,Secondary-only
2025-11-27,2082/08/11,Silver,"Silver Rate Per Tola",3280,2812.07,281.21,281210,"NotifyNepal",https://notifynepal.com/en/silver-price-history-nepal,Secondary-only
2025-11-27,2082/08/11,Gold,"Gold Rate Per Tola",248400,212966.55,21296.3,21296300,"Gahana",https://gahanaonline.com/gold-rate-history/,Secondary-only
2025-11-26,2082/08/10,Silver,"Silver Rate Per Tola",3220,2760.63,276.06,276060,"NotifyNepal",https://notifynepal.com/en/silver-price-history-nepal,Secondary-only
2025-11-26,2082/08/10,Gold,"Gold Rate Per Tola",248800,213309.49,21330.59,21330590,"Gahana",https://gahanaonline.com/gold-rate-history/,Secondary-only
2025-11-25,2082/08/09,Silver,"Silver Rate Per Tola",3200,2743.48,274.35,274350,"NotifyNepal",https://notifynepal.com/en/silver-price-history-nepal,Secondary-only
2025-11-25,2082/08/09,Gold,"Gold Rate Per Tola",247900,212537.87,21253.43,21253430,"Gahana",https://gahanaonline.com/gold-rate-history/,Secondary-only
2025-11-24,2082/08/08,Silver,"Silver Rate Per Tola",3115,2670.61,267.06,267060,"NotifyNepal",https://notifynepal.com/en/silver-price-history-nepal,Secondary-only
2025-11-24,2082/08/08,Gold,"Gold Rate Per Tola",242700,208079.63,20807.61,20807610,"Gahana",https://gahanaonline.com/gold-rate-history/,Secondary-only
2025-11-23,2082/08/07,Silver,"Silver Rate Per Tola",3135,2687.76,268.78,268780,"NotifyNepal",https://notifynepal.com/en/silver-price-history-nepal,Secondary-only
2025-11-23,2082/08/07,Gold,"Gold Rate Per Tola",244600,209708.6,20970.51,20970510,"Gahana",https://gahanaonline.com/gold-rate-history/,Secondary-only
2025-11-21,2082/08/05,Silver,"Silver Rate Per Tola",3100,2657.75,265.78,265780,"NotifyNepal",https://notifynepal.com/en/silver-price-history-nepal,Secondary-only
2025-11-21,2082/08/05,Gold,"Gold Rate Per Tola",241700,207222.28,20721.88,20721880,"Gahana",https://gahanaonline.com/gold-rate-history/,Secondary-only
2025-11-20,2082/08/04,Silver,"Silver Rate Per Tola",3185,2730.62,273.06,273060,"NotifyNepal",https://notifynepal.com/en/silver-price-history-nepal,Secondary-only
2025-11-20,2082/08/04,Gold,"Gold Rate Per Tola",243000,208336.84,20833.33,20833330,"Gahana",https://gahanaonline.com/gold-rate-history/,Secondary-only
2025-11-19,2082/08/03,Silver,"Silver Rate Per Tola",3150,2700.62,270.06,270060,"NotifyNepal",https://notifynepal.com/en/silver-price-history-nepal,Secondary-only
2025-11-19,2082/08/03,Gold,"Gold Rate Per Tola",242300,207736.69,20773.32,20773320,"Gahana",https://gahanaonline.com/gold-rate-history/,Secondary-only
2025-11-18,2082/08/02,Silver,"Silver Rate Per Tola",3090,2649.18,264.92,264920,"NotifyNepal",https://notifynepal.com/en/silver-price-history-nepal,Secondary-only
2025-11-18,2082/08/02,Gold,"Gold Rate Per Tola",239500,205336.1,20533.26,20533260,"Gahana",https://gahanaonline.com/gold-rate-history/,Secondary-only
2025-11-17,2082/08/01,Silver,"Silver Rate Per Tola",3155,2704.9,270.49,270490,"NotifyNepal",https://notifynepal.com/en/silver-price-history-nepal,Secondary-only
2025-11-17,2082/08/01,Gold,"Gold Rate Per Tola",243300,208594.04,20859.05,20859050,"Gahana",https://gahanaonline.com/gold-rate-history/,Secondary-only
2025-11-16,2082/07/30,Silver,"Silver Rate Per Tola",3135,2687.76,268.78,268780,"NotifyNepal",https://notifynepal.com/en/silver-price-history-nepal,Secondary-only
2025-11-16,2082/07/30,Gold,"Gold Rate Per Tola",242800,208165.37,20816.19,20816190,"Gahana",https://gahanaonline.com/gold-rate-history/,Secondary-only
2025-11-14,2082/07/28,Silver,"Silver Rate Per Tola",3285,2816.36,281.64,281640,"NotifyNepal",https://notifynepal.com/en/silver-price-history-nepal,Secondary-only
2025-11-14,2082/07/28,Gold,"Gold Rate Per Tola",249700,214081.1,21407.75,21407750,"Gahana",https://gahanaonline.com/gold-rate-history/,Secondary-only
2025-11-13,2082/07/27,Silver,"Silver Rate Per Tola",3345,2867.8,286.78,286780,"NotifyNepal",https://notifynepal.com/en/silver-price-history-nepal,Secondary-only
2025-11-13,2082/07/27,Gold,"Gold Rate Per Tola",250200,214509.78,21450.62,21450620,"Gahana",https://gahanaonline.com/gold-rate-history/,Secondary-only
2025-11-12,2082/07/26,Silver,"Silver Rate Per Tola",3175,2722.05,272.21,272210,"NotifyNepal",https://notifynepal.com/en/silver-price-history-nepal,Secondary-only
2025-11-12,2082/07/26,Gold,"Gold Rate Per Tola",244300,209451.4,20944.79,20944790,"Gahana",https://gahanaonline.com/gold-rate-history/,Secondary-only
2025-11-11,2082/07/25,Silver,"Silver Rate Per Tola",3170,2717.76,271.78,271780,"NotifyNepal",https://notifynepal.com/en/silver-price-history-nepal,Secondary-only
2025-11-11,2082/07/25,Gold,"Gold Rate Per Tola",246400,211251.84,21124.83,21124830,"Gahana",https://gahanaonline.com/gold-rate-history/,Secondary-only
2025-11-10,2082/07/24,Silver,"Silver Rate Per Tola",3065,2627.74,262.77,262770,"NotifyNepal",https://notifynepal.com/en/silver-price-history-nepal,Secondary-only
2025-11-10,2082/07/24,Gold,"Gold Rate Per Tola",241500,207050.81,20704.73,20704730,"Gahana",https://gahanaonline.com/gold-rate-history/,Secondary-only
2025-11-09,2082/07/23,Silver,"Silver Rate Per Tola",3015,2584.88,258.49,258490,"NotifyNepal",https://notifynepal.com/en/silver-price-history-nepal,Secondary-only
2025-11-09,2082/07/23,Gold,"Gold Rate Per Tola",238600,204564.48,20456.1,20456100,"Gahana",https://gahanaonline.com/gold-rate-history/,Secondary-only
2025-11-07,2082/07/21,Silver,"Silver Rate Per Tola",3020,2589.16,258.92,258920,"NotifyNepal",https://notifynepal.com/en/silver-price-history-nepal,Secondary-only
2025-11-07,2082/07/21,Gold,"Gold Rate Per Tola",238400,204393.01,20438.96,20438960,"Gahana",https://gahanaonline.com/gold-rate-history/,Secondary-only
2025-11-06,2082/07/20,Silver,"Silver Rate Per Tola",3010,2580.59,258.06,258060,"NotifyNepal",https://notifynepal.com/en/silver-price-history-nepal,Secondary-only
2025-11-06,2082/07/20,Gold,"Gold Rate Per Tola",237800,203878.6,20387.52,20387520,"Gahana",https://gahanaonline.com/gold-rate-history/,Secondary-only
2025-11-05,2082/07/19,Silver,"Silver Rate Per Tola",2990,2563.44,256.34,256340,"NotifyNepal",https://notifynepal.com/en/silver-price-history-nepal,Secondary-only
2025-11-05,2082/07/19,Gold,"Gold Rate Per Tola",237200,203364.19,20336.08,20336080,"Gahana",https://gahanaonline.com/gold-rate-history/,Secondary-only
2025-11-04,2082/07/18,Silver,"Silver Rate Per Tola",3015,2584.88,258.49,258490,"NotifyNepal",https://notifynepal.com/en/silver-price-history-nepal,Secondary-only
2025-11-04,2082/07/18,Gold,"Gold Rate Per Tola",238300,204307.28,20430.38,20430380,"Gahana",https://gahanaonline.com/gold-rate-history/,Secondary-only
2025-11-03,2082/07/17,Silver,"Silver Rate Per Tola",3060,2623.46,262.35,262350,"NotifyNepal",https://notifynepal.com/en/silver-price-history-nepal,Secondary-only
2025-11-03,2082/07/17,Gold,"Gold Rate Per Tola",239700,205507.57,20550.41,20550410,"Gahana",https://gahanaonline.com/gold-rate-history/,Secondary-only
2025-11-02,2082/07/16,Silver,"Silver Rate Per Tola",3055,2619.17,261.92,261920,"NotifyNepal",https://notifynepal.com/en/silver-price-history-nepal,Secondary-only
2025-11-02,2082/07/16,Gold,"Gold Rate Per Tola",239700,205507.57,20550.41,20550410,"Gahana",https://gahanaonline.com/gold-rate-history/,Secondary-only
2025-10-31,2082/07/14,Silver,"Silver Rate Per Tola",3060,2623.46,262.35,262350,"NotifyNepal",https://notifynepal.com/en/silver-price-history-nepal,Secondary-only
2025-10-31,2082/07/14,Gold,"Gold Rate Per Tola",239000,204907.42,20490.4,20490400,"Gahana",https://gahanaonline.com/gold-rate-history/,Secondary-only
2025-10-30,2082/07/13,Silver,"Silver Rate Per Tola",2980,2554.87,255.49,255490,"NotifyNepal",https://notifynepal.com/en/silver-price-history-nepal,Secondary-only
2025-10-30,2082/07/13,Gold,"Gold Rate Per Tola",236300,202592.57,20258.92,20258920,"Gahana",https://gahanaonline.com/gold-rate-history/,Secondary-only
2025-10-29,2082/07/12,Silver,"Silver Rate Per Tola",2965,2542.01,254.2,254200,"NotifyNepal",https://notifynepal.com/en/silver-price-history-nepal,Secondary-only
2025-10-29,2082/07/12,Gold,"Gold Rate Per Tola",236300,202592.57,20258.92,20258920,"Gahana",https://gahanaonline.com/gold-rate-history/,Secondary-only
2025-10-28,2082/07/11,Silver,"Silver Rate Per Tola",2920,2503.43,250.34,250340,"NotifyNepal",https://notifynepal.com/en/silver-price-history-nepal,Secondary-only
2025-10-28,2082/07/11,Gold,"Gold Rate Per Tola",237000,203192.72,20318.93,20318930,"Gahana",https://gahanaonline.com/gold-rate-history/,Secondary-only
2025-10-27,2082/07/10,Silver,"Silver Rate Per Tola",2980,2554.87,255.49,255490,"NotifyNepal",https://notifynepal.com/en/silver-price-history-nepal,Secondary-only
2025-10-27,2082/07/10,Gold,"Gold Rate Per Tola",239900,205679.04,20567.56,20567560,"Gahana",https://gahanaonline.com/gold-rate-history/,Secondary-only
2025-10-26,2082/07/09,Silver,"Silver Rate Per Tola",3015,2584.88,258.49,258490,"NotifyNepal",https://notifynepal.com/en/silver-price-history-nepal,Secondary-only
2025-10-26,2082/07/09,Gold,"Gold Rate Per Tola",241900,207393.75,20739.03,20739030,"Gahana",https://gahanaonline.com/gold-rate-history/,Secondary-only
2025-10-20,2082/07/03,Silver,"Silver Rate Per Tola",3280,2812.07,281.21,281210,"NotifyNepal",https://notifynepal.com/en/silver-price-history-nepal,Secondary-only
2025-10-20,2082/07/03,Gold,"Gold Rate Per Tola",253500,217339.05,21733.54,21733540,"Gahana",https://gahanaonline.com/gold-rate-history/,Secondary-only
2025-10-19,2082/07/02,Silver,"Silver Rate Per Tola",3275,2807.78,280.78,280780,"NotifyNepal",https://notifynepal.com/en/silver-price-history-nepal,Secondary-only
2025-10-19,2082/07/02,Gold,"Gold Rate Per Tola",253200,217081.84,21707.82,21707820,"Gahana",https://gahanaonline.com/gold-rate-history/,Secondary-only
2025-10-17,2082/06/31,Silver,"Silver Rate Per Tola",3350,2872.09,287.21,287210,"NotifyNepal",https://notifynepal.com/en/silver-price-history-nepal,Secondary-only
2025-10-17,2082/06/31,Gold,"Gold Rate Per Tola",258000,221197.14,22119.34,22119340,"Gahana",https://gahanaonline.com/gold-rate-history/,Secondary-only
2025-10-16,2082/06/30,Silver,"Silver Rate Per Tola",3275,2807.78,280.78,280780,"NotifyNepal",https://notifynepal.com/en/silver-price-history-nepal,Secondary-only
2025-10-16,2082/06/30,Gold,"Gold Rate Per Tola",250900,215109.93,21510.63,21510630,"Gahana",https://gahanaonline.com/gold-rate-history/,Secondary-only
2025-10-15,2082/06/29,Silver,"Silver Rate Per Tola",3240,2777.78,277.78,277780,"NotifyNepal",https://notifynepal.com/en/silver-price-history-nepal,Secondary-only
2025-10-15,2082/06/29,Gold,"Gold Rate Per Tola",248900,213395.22,21339.16,21339160,"Gahana",https://gahanaonline.com/gold-rate-history/,Secondary-only
2025-10-14,2082/06/28,Silver,"Silver Rate Per Tola",3325,2850.65,285.07,285070,"NotifyNepal",https://notifynepal.com/en/silver-price-history-nepal,Secondary-only
2025-10-14,2082/06/28,Gold,"Gold Rate Per Tola",248500,213052.28,21304.87,21304870,"Gahana",https://gahanaonline.com/gold-rate-history/,Secondary-only
2025-10-13,2082/06/27,Silver,"Silver Rate Per Tola",3220,2760.63,276.06,276060,"NotifyNepal",https://notifynepal.com/en/silver-price-history-nepal,Secondary-only
2025-10-13,2082/06/27,Gold,"Gold Rate Per Tola",240400,206107.72,20610.43,20610430,"Gahana",https://gahanaonline.com/gold-rate-history/,Secondary-only
2025-10-12,2082/06/26,Silver,"Silver Rate Per Tola",3125,2679.18,267.92,267920,"NotifyNepal",https://notifynepal.com/en/silver-price-history-nepal,Secondary-only
2025-10-12,2082/06/26,Gold,"Gold Rate Per Tola",238000,204050.07,20404.66,20404660,"Gahana",https://gahanaonline.com/gold-rate-history/,Secondary-only
2025-10-11,2082/06/25,Silver,"Silver Rate Per Tola",3125,2679.18,267.92,267920,"NotifyNepal",https://notifynepal.com/en/silver-price-history-nepal,Secondary-only
2025-10-11,2082/06/25,Gold,"Gold Rate Per Tola",238000,204050.07,20404.66,20404660,"Gahana",https://gahanaonline.com/gold-rate-history/,Secondary-only
2025-10-10,2082/06/24,Silver,"Silver Rate Per Tola",3085,2644.89,264.49,264490,"NotifyNepal",https://notifynepal.com/en/silver-price-history-nepal,Secondary-only
2025-10-10,2082/06/24,Gold,"Gold Rate Per Tola",235000,201478.01,20147.46,20147460,"Gahana",https://gahanaonline.com/gold-rate-history/,Secondary-only
2025-10-09,2082/06/23,Silver,"Silver Rate Per Tola",3025,2593.45,259.34,259340,"NotifyNepal",https://notifynepal.com/en/silver-price-history-nepal,Secondary-only
2025-10-09,2082/06/23,Gold,"Gold Rate Per Tola",239200,205078.9,20507.54,20507540,"Gahana",https://gahanaonline.com/gold-rate-history/,Secondary-only
2025-10-08,2082/06/22,Silver,"Silver Rate Per Tola",2955,2533.44,253.34,253340,"NotifyNepal",https://notifynepal.com/en/silver-price-history-nepal,Secondary-only
2025-10-08,2082/06/22,Gold,"Gold Rate Per Tola",238000,204050.07,20404.66,20404660,"Gahana",https://gahanaonline.com/gold-rate-history/,Secondary-only
2025-10-07,2082/06/21,Silver,"Silver Rate Per Tola",2960,2537.72,253.77,253770,"NotifyNepal",https://notifynepal.com/en/silver-price-history-nepal,Secondary-only
2025-10-07,2082/06/21,Gold,"Gold Rate Per Tola",235400,201820.95,20181.76,20181760,"Gahana",https://gahanaonline.com/gold-rate-history/,Secondary-only
2025-10-06,2082/06/20,Silver,"Silver Rate Per Tola",2960,2537.72,253.77,253770,"NotifyNepal",https://notifynepal.com/en/silver-price-history-nepal,Secondary-only
2025-10-06,2082/06/20,Gold,"Gold Rate Per Tola",233100,199849.04,19984.57,19984570,"Gahana",https://gahanaonline.com/gold-rate-history/,Secondary-only
2025-10-05,,Silver,"Silver Rate Per Tola",2930,2512,251.2,251200,"NotifyNepal",https://notifynepal.com/en/silver-price-history-nepal,Secondary-only
2025-09-28,2082/06/12,Silver,"Silver Rate Per Tola",2810,2409.12,240.91,240910,"NotifyNepal",https://notifynepal.com/en/silver-price-history-nepal,Secondary-only
2025-09-28,2082/06/12,Gold,"Gold Rate Per Tola",223200,191361.24,19135.8,19135800,"Gahana",https://gahanaonline.com/gold-rate-history/,Secondary-only
2025-09-26,2082/06/10,Silver,"Silver Rate Per Tola",2740,2349.11,234.91,234910,"NotifyNepal",https://notifynepal.com/en/silver-price-history-nepal,Secondary-only
2025-09-26,2082/06/10,Gold,"Gold Rate Per Tola",222500,190761.1,19075.79,19075790,"Gahana",https://gahanaonline.com/gold-rate-history/,Secondary-only
2025-09-25,2082/06/09,Silver,"Silver Rate Per Tola",2685,2301.95,230.2,230200,"NotifyNepal",https://notifynepal.com/en/silver-price-history-nepal,Secondary-only
2025-09-25,2082/06/09,Gold,"Gold Rate Per Tola",221300,189732.27,18972.91,18972910,"Gahana",https://gahanaonline.com/gold-rate-history/,Secondary-only
2025-09-24,2082/06/08,Silver,"Silver Rate Per Tola",2700,2314.81,231.48,231480,"NotifyNepal",https://notifynepal.com/en/silver-price-history-nepal,Secondary-only
2025-09-24,2082/06/08,Gold,"Gold Rate Per Tola",223000,191189.77,19118.66,19118660,"Gahana",https://gahanaonline.com/gold-rate-history/,Secondary-only
2025-09-23,2082/06/07,Silver,"Silver Rate Per Tola",2680,2297.67,229.77,229770,"NotifyNepal",https://notifynepal.com/en/silver-price-history-nepal,Secondary-only
2025-09-23,2082/06/07,Gold,"Gold Rate Per Tola",221700,190075.21,19007.2,19007200,"Gahana",https://gahanaonline.com/gold-rate-history/,Secondary-only
2025-09-22,2082/06/06,Silver,"Silver Rate Per Tola",2650,2271.95,227.19,227190,"NotifyNepal",https://notifynepal.com/en/silver-price-history-nepal,Secondary-only
2025-09-22,2082/06/06,Gold,"Gold Rate Per Tola",217800,186731.54,18672.84,18672840,"Gahana",https://gahanaonline.com/gold-rate-history/,Secondary-only
2025-09-21,2082/06/05,Silver,"Silver Rate Per Tola",2620,2246.23,224.62,224620,"NotifyNepal",https://notifynepal.com/en/silver-price-history-nepal,Secondary-only
2025-09-21,2082/06/05,Gold,"Gold Rate Per Tola",217100,186131.39,18612.83,18612830,"Gahana",https://gahanaonline.com/gold-rate-history/,Secondary-only
2025-09-19,2082/06/03,Silver,"Silver Rate Per Tola",2580,2211.93,221.19,221190,"NotifyNepal",https://notifynepal.com/en/silver-price-history-nepal,Secondary-only
2025-09-19,2082/06/03,Gold,"Gold Rate Per Tola",216000,185188.3,18518.52,18518520,"Gahana",https://gahanaonline.com/gold-rate-history/,Secondary-only
2025-09-18,2082/06/02,Silver,"Silver Rate Per Tola",2520,2160.49,216.05,216050,"NotifyNepal",https://notifynepal.com/en/silver-price-history-nepal,Secondary-only
2025-09-18,2082/06/02,Gold,"Gold Rate Per Tola",215200,184502.42,18449.93,18449930,"Gahana",https://gahanaonline.com/gold-rate-history/,Secondary-only
2025-09-17,2082/06/01,Silver,"Silver Rate Per Tola",2550,2186.21,218.62,218620,"NotifyNepal",https://notifynepal.com/en/silver-price-history-nepal,Secondary-only
2025-09-17,2082/06/01,Gold,"Gold Rate Per Tola",216100,185274.04,18527.09,18527090,"Gahana",https://gahanaonline.com/gold-rate-history/,Secondary-only
2025-09-16,2082/05/31,Silver,"Silver Rate Per Tola",2595,2224.79,222.48,222480,"NotifyNepal",https://notifynepal.com/en/silver-price-history-nepal,Secondary-only
2025-09-16,2082/05/31,Gold,"Gold Rate Per Tola",217100,186131.39,18612.83,18612830,"Gahana",https://gahanaonline.com/gold-rate-history/,Secondary-only
2025-09-15,2082/05/30,Silver,"Silver Rate Per Tola",2575,2207.65,220.76,220760,"NotifyNepal",https://notifynepal.com/en/silver-price-history-nepal,Secondary-only
2025-09-15,2082/05/30,Gold,"Gold Rate Per Tola",215200,184502.42,18449.93,18449930,"Gahana",https://gahanaonline.com/gold-rate-history/,Secondary-only
2025-09-14,2082/05/29,Silver,"Silver Rate Per Tola",2570,2203.36,220.34,220340,"NotifyNepal",https://notifynepal.com/en/silver-price-history-nepal,Secondary-only
2025-09-14,2082/05/29,Gold,"Gold Rate Per Tola",215100,184416.68,18441.36,18441360,"Gahana",https://gahanaonline.com/gold-rate-history/,Secondary-only
2025-09-12,,Silver,"Silver Rate Per Tola",2565,2199.07,219.91,219910,"NotifyNepal",https://notifynepal.com/en/silver-price-history-nepal,Secondary-only
2025-09-11,,Silver,"Silver Rate Per Tola",2505,2147.63,214.76,214760,"NotifyNepal",https://notifynepal.com/en/silver-price-history-nepal,Secondary-only
2025-09-09,,Silver,"Silver Rate Per Tola",2515,2156.21,215.62,215620,"NotifyNepal",https://notifynepal.com/en/silver-price-history-nepal,Secondary-only
2025-09-08,2082/05/23,Silver,"Silver Rate Per Tola",2475,2121.91,212.19,212190,"NotifyNepal",https://notifynepal.com/en/silver-price-history-nepal,Secondary-only
2025-09-08,2082/05/23,Gold,"Gold Rate Per Tola",211600,181415.95,18141.29,18141290,"Gahana",https://gahanaonline.com/gold-rate-history/,Secondary-only
2025-09-07,2082/05/22,Silver,"Silver Rate Per Tola",2500,2143.35,214.33,214330,"NotifyNepal",https://notifynepal.com/en/silver-price-history-nepal,Secondary-only
2025-09-07,2082/05/22,Gold,"Gold Rate Per Tola",212000,181758.89,18175.58,18175580,"Gahana",https://gahanaonline.com/gold-rate-history/,Secondary-only
2025-09-05,2082/05/20,Silver,"Silver Rate Per Tola",2490,2134.77,213.48,213480,"NotifyNepal",https://notifynepal.com/en/silver-price-history-nepal,Secondary-only
2025-09-05,2082/05/20,Gold,"Gold Rate Per Tola",210400,180387.12,18038.41,18038410,"Gahana",https://gahanaonline.com/gold-rate-history/,Secondary-only
2025-09-04,2082/05/19,Silver,"Silver Rate Per Tola",2480,2126.2,212.62,212620,"NotifyNepal",https://notifynepal.com/en/silver-price-history-nepal,Secondary-only
2025-09-04,2082/05/19,Gold,"Gold Rate Per Tola",207900,178243.74,17824.07,17824070,"Gahana",https://gahanaonline.com/gold-rate-history/,Secondary-only
2025-09-03,2082/05/18,Silver,"Silver Rate Per Tola",2480,2126.2,212.62,212620,"NotifyNepal",https://notifynepal.com/en/silver-price-history-nepal,Secondary-only
2025-09-03,2082/05/18,Gold,"Gold Rate Per Tola",207900,178243.74,17824.07,17824070,"Gahana",https://gahanaonline.com/gold-rate-history/,Secondary-only
2025-09-02,2082/05/17,Silver,"Silver Rate Per Tola",2485,2130.49,213.05,213050,"NotifyNepal",https://notifynepal.com/en/silver-price-history-nepal,Secondary-only
2025-09-02,2082/05/17,Gold,"Gold Rate Per Tola",205900,176529.03,17652.61,17652610,"Gahana",https://gahanaonline.com/gold-rate-history/,Secondary-only
2025-09-01,2082/05/16,Silver,"Silver Rate Per Tola",2470,2117.63,211.76,211760,"NotifyNepal",https://notifynepal.com/en/silver-price-history-nepal,Secondary-only
2025-09-01,2082/05/16,Gold,"Gold Rate Per Tola",205600,176271.83,17626.89,17626890,"Gahana",https://gahanaonline.com/gold-rate-history/,Secondary-only
2025-08-31,2082/05/15,Silver,"Silver Rate Per Tola",2425,2079.05,207.9,207900,"NotifyNepal",https://notifynepal.com/en/silver-price-history-nepal,Secondary-only
2025-08-31,2082/05/15,Gold,"Gold Rate Per Tola",203600,174557.12,17455.42,17455420,"Gahana",https://gahanaonline.com/gold-rate-history/,Secondary-only
2025-08-29,2082/05/13,Silver,"Silver Rate Per Tola",2360,2023.32,202.33,202330,"NotifyNepal",https://notifynepal.com/en/silver-price-history-nepal,Secondary-only
2025-08-29,2082/05/13,Gold,"Gold Rate Per Tola",200600,171985.06,17198.22,17198220,"Gahana",https://gahanaonline.com/gold-rate-history/,Secondary-only
2025-08-28,2082/05/12,Silver,"Silver Rate Per Tola",2355,2019.03,201.9,201900,"NotifyNepal",https://notifynepal.com/en/silver-price-history-nepal,Secondary-only
2025-08-28,2082/05/12,Gold,"Gold Rate Per Tola",199400,170956.24,17095.34,17095340,"Gahana",https://gahanaonline.com/gold-rate-history/,Secondary-only
2025-08-27,2082/05/11,Silver,"Silver Rate Per Tola",2345,2010.46,201.05,201050,"NotifyNepal",https://notifynepal.com/en/silver-price-history-nepal,Secondary-only
2025-08-27,2082/05/11,Gold,"Gold Rate Per Tola",199000,170613.3,17061.04,17061040,"Gahana",https://gahanaonline.com/gold-rate-history/,Secondary-only
2025-08-26,2082/05/10,Silver,"Silver Rate Per Tola",2360,2023.32,202.33,202330,"NotifyNepal",https://notifynepal.com/en/silver-price-history-nepal,Secondary-only
2025-08-26,2082/05/10,Gold,"Gold Rate Per Tola",198700,170356.09,17035.32,17035320,"Gahana",https://gahanaonline.com/gold-rate-history/,Secondary-only
2025-08-25,2082/05/09,Silver,"Silver Rate Per Tola",2355,2019.03,201.9,201900,"NotifyNepal",https://notifynepal.com/en/silver-price-history-nepal,Secondary-only
2025-08-25,2082/05/09,Gold,"Gold Rate Per Tola",197200,169070.06,16906.72,16906720,"Gahana",https://gahanaonline.com/gold-rate-history/,Secondary-only
2025-08-24,2082/05/08,Silver,"Silver Rate Per Tola",2350,2014.75,201.47,201470,"NotifyNepal",https://notifynepal.com/en/silver-price-history-nepal,Secondary-only
2025-08-24,2082/05/08,Gold,"Gold Rate Per Tola",197500,169327.27,16932.44,16932440,"Gahana",https://gahanaonline.com/gold-rate-history/,Secondary-only
2025-08-22,2082/05/06,Silver,"Silver Rate Per Tola",2310,1980.45,198.05,198050,"NotifyNepal",https://notifynepal.com/en/silver-price-history-nepal,Secondary-only
2025-08-22,2082/05/06,Gold,"Gold Rate Per Tola",195200,167355.35,16735.25,16735250,"Gahana",https://gahanaonline.com/gold-rate-history/,Secondary-only
2025-08-21,2082/05/05,Silver,"Silver Rate Per Tola",2290,1963.31,196.33,196330,"NotifyNepal",https://notifynepal.com/en/silver-price-history-nepal,Secondary-only
2025-08-21,2082/05/05,Gold,"Gold Rate Per Tola",194800,167012.41,16700.96,16700960,"Gahana",https://gahanaonline.com/gold-rate-history/,Secondary-only
2025-08-20,2082/05/04,Silver,"Silver Rate Per Tola",2255,1933.3,193.33,193330,"NotifyNepal",https://notifynepal.com/en/silver-price-history-nepal,Secondary-only
2025-08-20,2082/05/04,Gold,"Gold Rate Per Tola",193500,165897.85,16589.51,16589510,"Gahana",https://gahanaonline.com/gold-rate-history/,Secondary-only
2025-08-19,2082/05/03,Silver,"Silver Rate Per Tola",2300,1971.88,197.19,197190,"NotifyNepal",https://notifynepal.com/en/silver-price-history-nepal,Secondary-only
2025-08-19,2082/05/03,Gold,"Gold Rate Per Tola",195300,167441.09,16743.83,16743830,"Gahana",https://gahanaonline.com/gold-rate-history/,Secondary-only
2025-08-18,2082/05/02,Silver,"Silver Rate Per Tola",2315,1984.74,198.47,198470,"NotifyNepal",https://notifynepal.com/en/silver-price-history-nepal,Secondary-only
2025-08-18,2082/05/02,Gold,"Gold Rate Per Tola",196300,168298.44,16829.56,16829560,"Gahana",https://gahanaonline.com/gold-rate-history/,Secondary-only
2025-08-17,2082/05/01,Silver,"Silver Rate Per Tola",2310,1980.45,198.05,198050,"NotifyNepal",https://notifynepal.com/en/silver-price-history-nepal,Secondary-only
2025-08-17,2082/05/01,Gold,"Gold Rate Per Tola",195500,167612.56,16760.97,16760970,"Gahana",https://gahanaonline.com/gold-rate-history/,Secondary-only
2025-08-15,2082/04/30,Silver,"Silver Rate Per Tola",2315,1984.74,198.47,198470,"NotifyNepal",https://notifynepal.com/en/silver-price-history-nepal,Secondary-only
2025-08-15,2082/04/30,Gold,"Gold Rate Per Tola",196200,168212.71,16820.99,16820990,"Gahana",https://gahanaonline.com/gold-rate-history/,Secondary-only
2025-08-14,2082/04/29,Silver,"Silver Rate Per Tola",2340,2006.17,200.62,200620,"NotifyNepal",https://notifynepal.com/en/silver-price-history-nepal,Secondary-only
2025-08-14,2082/04/29,Gold,"Gold Rate Per Tola",196800,168727.12,16872.43,16872430,"Gahana",https://gahanaonline.com/gold-rate-history/,Secondary-only
2025-08-13,2082/04/28,Silver,"Silver Rate Per Tola",2325,1993.31,199.33,199330,"NotifyNepal",https://notifynepal.com/en/silver-price-history-nepal,Secondary-only
2025-08-13,2082/04/28,Gold,"Gold Rate Per Tola",196700,168641.38,16863.85,16863850,"Gahana",https://gahanaonline.com/gold-rate-history/,Secondary-only
2025-08-12,2082/04/27,Silver,"Silver Rate Per Tola",2305,1976.17,197.62,197620,"NotifyNepal",https://notifynepal.com/en/silver-price-history-nepal,Secondary-only
2025-08-12,2082/04/27,Gold,"Gold Rate Per Tola",196800,168727.12,16872.43,16872430,"Gahana",https://gahanaonline.com/gold-rate-history/,Secondary-only
2025-08-11,2082/04/26,Silver,"Silver Rate Per Tola",2315,1984.74,198.47,198470,"NotifyNepal",https://notifynepal.com/en/silver-price-history-nepal,Secondary-only
2025-08-11,2082/04/26,Gold,"Gold Rate Per Tola",198100,169841.68,16983.88,16983880,"Gahana",https://gahanaonline.com/gold-rate-history/,Secondary-only
2025-08-10,2082/04/25,Silver,"Silver Rate Per Tola",2330,1997.6,199.76,199760,"NotifyNepal",https://notifynepal.com/en/silver-price-history-nepal,Secondary-only
2025-08-10,2082/04/25,Gold,"Gold Rate Per Tola",199200,170784.77,17078.19,17078190,"Gahana",https://gahanaonline.com/gold-rate-history/,Secondary-only
2025-08-08,2082/04/23,Silver,"Silver Rate Per Tola",2325,1993.31,199.33,199330,"NotifyNepal",https://notifynepal.com/en/silver-price-history-nepal,Secondary-only
2025-08-08,2082/04/23,Gold,"Gold Rate Per Tola",199400,170956.24,17095.34,17095340,"Gahana",https://gahanaonline.com/gold-rate-history/,Secondary-only
2025-08-07,2082/04/22,Silver,"Silver Rate Per Tola",2315,1984.74,198.47,198470,"NotifyNepal",https://notifynepal.com/en/silver-price-history-nepal,Secondary-only
2025-08-07,2082/04/22,Gold,"Gold Rate Per Tola",198400,170098.88,17009.6,17009600,"Gahana",https://gahanaonline.com/gold-rate-history/,Secondary-only
2025-08-06,2082/04/21,Silver,"Silver Rate Per Tola",2305,1976.17,197.62,197620,"NotifyNepal",https://notifynepal.com/en/silver-price-history-nepal,Secondary-only
2025-08-06,2082/04/21,Gold,"Gold Rate Per Tola",198400,170098.88,17009.6,17009600,"Gahana",https://gahanaonline.com/gold-rate-history/,Secondary-only
2025-08-05,2082/04/20,Silver,"Silver Rate Per Tola",2280,1954.73,195.47,195470,"NotifyNepal",https://notifynepal.com/en/silver-price-history-nepal,Secondary-only
2025-08-05,2082/04/20,Gold,"Gold Rate Per Tola",198500,170184.62,17018.18,17018180,"Gahana",https://gahanaonline.com/gold-rate-history/,Secondary-only
2025-08-04,2082/04/19,Silver,"Silver Rate Per Tola",2255,1933.3,193.33,193330,"NotifyNepal",https://notifynepal.com/en/silver-price-history-nepal,Secondary-only
2025-08-04,2082/04/19,Gold,"Gold Rate Per Tola",196600,168555.65,16855.28,16855280,"Gahana",https://gahanaonline.com/gold-rate-history/,Secondary-only
2025-08-03,2082/04/18,Silver,"Silver Rate Per Tola",2250,1929.01,192.9,192900,"NotifyNepal",https://notifynepal.com/en/silver-price-history-nepal,Secondary-only
2025-08-03,2082/04/18,Gold,"Gold Rate Per Tola",196500,168469.91,16846.71,16846710,"Gahana",https://gahanaonline.com/gold-rate-history/,Secondary-only
2025-08-01,2082/04/16,Silver,"Silver Rate Per Tola",2235,1916.15,191.62,191620,"NotifyNepal",https://notifynepal.com/en/silver-price-history-nepal,Secondary-only
2025-08-01,2082/04/16,Gold,"Gold Rate Per Tola",193100,165554.91,16555.21,16555210,"Gahana",https://gahanaonline.com/gold-rate-history/,Secondary-only
2025-07-31,2082/04/15,Silver,"Silver Rate Per Tola",2270,1946.16,194.62,194620,"NotifyNepal",https://notifynepal.com/en/silver-price-history-nepal,Secondary-only
2025-07-31,2082/04/15,Gold,"Gold Rate Per Tola",193600,165983.59,16598.08,16598080,"Gahana",https://gahanaonline.com/gold-rate-history/,Secondary-only
2025-07-30,2082/04/14,Silver,"Silver Rate Per Tola",2310,1980.45,198.05,198050,"NotifyNepal",https://notifynepal.com/en/silver-price-history-nepal,Secondary-only
2025-07-30,2082/04/14,Gold,"Gold Rate Per Tola",194400,166669.47,16666.67,16666670,"Gahana",https://gahanaonline.com/gold-rate-history/,Secondary-only
2025-07-29,2082/04/13,Silver,"Silver Rate Per Tola",2300,1971.88,197.19,197190,"NotifyNepal",https://notifynepal.com/en/silver-price-history-nepal,Secondary-only
2025-07-29,2082/04/13,Gold,"Gold Rate Per Tola",193000,165469.18,16546.64,16546640,"Gahana",https://gahanaonline.com/gold-rate-history/,Secondary-only
2025-07-28,2082/04/12,Silver,"Silver Rate Per Tola",2295,1967.59,196.76,196760,"NotifyNepal",https://notifynepal.com/en/silver-price-history-nepal,Secondary-only
2025-07-28,2082/04/12,Gold,"Gold Rate Per Tola",193600,165983.59,16598.08,16598080,"Gahana",https://gahanaonline.com/gold-rate-history/,Secondary-only
2025-07-27,2082/04/11,Silver,"Silver Rate Per Tola",2290,1963.31,196.33,196330,"NotifyNepal",https://notifynepal.com/en/silver-price-history-nepal,Secondary-only
2025-07-27,2082/04/11,Gold,"Gold Rate Per Tola",193600,165983.59,16598.08,16598080,"Gahana",https://gahanaonline.com/gold-rate-history/,Secondary-only
2025-07-25,2082/04/09,Silver,"Silver Rate Per Tola",2340,2006.17,200.62,200620,"NotifyNepal",https://notifynepal.com/en/silver-price-history-nepal,Secondary-only
2025-07-25,2082/04/09,Gold,"Gold Rate Per Tola",194700,166926.68,16692.39,16692390,"Gahana",https://gahanaonline.com/gold-rate-history/,Secondary-only
2025-07-24,2082/04/08,Silver,"Silver Rate Per Tola",2335,2001.89,200.19,200190,"NotifyNepal",https://notifynepal.com/en/silver-price-history-nepal,Secondary-only
2025-07-24,2082/04/08,Gold,"Gold Rate Per Tola",195200,167355.35,16735.25,16735250,"Gahana",https://gahanaonline.com/gold-rate-history/,Secondary-only
2025-07-23,2082/04/07,Silver,"Silver Rate Per Tola",2350,2014.75,201.47,201470,"NotifyNepal",https://notifynepal.com/en/silver-price-history-nepal,Secondary-only
2025-07-23,2082/04/07,Gold,"Gold Rate Per Tola",197600,169413,16941.02,16941020,"Gahana",https://gahanaonline.com/gold-rate-history/,Secondary-only
2025-07-22,2082/04/06,Silver,"Silver Rate Per Tola",2320,1989.03,198.9,198900,"NotifyNepal",https://notifynepal.com/en/silver-price-history-nepal,Secondary-only
2025-07-22,2082/04/06,Gold,"Gold Rate Per Tola",195500,167612.56,16760.97,16760970,"Gahana",https://gahanaonline.com/gold-rate-history/,Secondary-only
2025-07-21,2082/04/05,Silver,"Silver Rate Per Tola",2285,1959.02,195.9,195900,"NotifyNepal",https://notifynepal.com/en/silver-price-history-nepal,Secondary-only
2025-07-21,2082/04/05,Gold,"Gold Rate Per Tola",193700,166069.32,16606.65,16606650,"Gahana",https://gahanaonline.com/gold-rate-history/,Secondary-only
2025-07-20,2082/04/04,Silver,"Silver Rate Per Tola",2285,1959.02,195.9,195900,"NotifyNepal",https://notifynepal.com/en/silver-price-history-nepal,Secondary-only
2025-07-20,2082/04/04,Gold,"Gold Rate Per Tola",193300,165726.38,16572.36,16572360,"Gahana",https://gahanaonline.com/gold-rate-history/,Secondary-only
2025-07-18,2082/04/02,Silver,"Silver Rate Per Tola",2280,1954.73,195.47,195470,"NotifyNepal",https://notifynepal.com/en/silver-price-history-nepal,Secondary-only
2025-07-18,2082/04/02,Gold,"Gold Rate Per Tola",192500,165040.5,16503.77,16503770,"Gahana",https://gahanaonline.com/gold-rate-history/,Secondary-only
2025-07-17,2082/04/01,Silver,"Silver Rate Per Tola",2265,1941.87,194.19,194190,"NotifyNepal",https://notifynepal.com/en/silver-price-history-nepal,Secondary-only
2025-07-17,2082/04/01,Gold,"Gold Rate Per Tola",192300,164869.03,16486.63,16486630,"Gahana",https://gahanaonline.com/gold-rate-history/,Secondary-only
2025-07-16,2082/03/32,Silver,"Silver Rate Per Tola",2260,1937.59,193.76,193760,"NotifyNepal",https://notifynepal.com/en/silver-price-history-nepal,Secondary-only
2025-07-16,2082/03/32,Gold,"Gold Rate Per Tola",192000,164611.82,16460.91,16460910,"Gahana",https://gahanaonline.com/gold-rate-history/,Secondary-only
2025-07-15,2082/03/31,Silver,"Silver Rate Per Tola",2275,1950.45,195.04,195040,"NotifyNepal",https://notifynepal.com/en/silver-price-history-nepal,Secondary-only
2025-07-15,2082/03/31,Gold,"Gold Rate Per Tola",193300,165726.38,16572.36,16572360,"Gahana",https://gahanaonline.com/gold-rate-history/,Secondary-only
2025-07-14,2082/03/30,Silver,"Silver Rate Per Tola",2315,1984.74,198.47,198470,"NotifyNepal",https://notifynepal.com/en/silver-price-history-nepal,Secondary-only
2025-07-14,2082/03/30,Gold,"Gold Rate Per Tola",193300,165726.38,16572.36,16572360,"Gahana",https://gahanaonline.com/gold-rate-history/,Secondary-only
2025-07-13,2082/03/29,Silver,"Silver Rate Per Tola",2285,1959.02,195.9,195900,"NotifyNepal",https://notifynepal.com/en/silver-price-history-nepal,Secondary-only
2025-07-13,2082/03/29,Gold,"Gold Rate Per Tola",192900,165383.44,16538.07,16538070,"Gahana",https://gahanaonline.com/gold-rate-history/,Secondary-only
2025-07-11,2082/03/27,Silver,"Silver Rate Per Tola",2220,1903.29,190.33,190330,"NotifyNepal",https://notifynepal.com/en/silver-price-history-nepal,Secondary-only
2025-07-11,2082/03/27,Gold,"Gold Rate Per Tola",191800,164440.35,16443.76,16443760,"Gahana",https://gahanaonline.com/gold-rate-history/,Secondary-only
2025-07-03,2082/03/19,Silver,"Silver Rate Per Tola",2170,1860.43,186.04,186040,"NotifyNepal",https://notifynepal.com/en/silver-price-history-nepal,Secondary-only
2025-07-03,2082/03/19,Gold,"Gold Rate Per Tola",191100,163840.2,16383.74,16383740,"Gahana",https://gahanaonline.com/gold-rate-history/,Secondary-only
2025-07-02,2082/03/18,Silver,"Silver Rate Per Tola",2145,1838.99,183.9,183900,"NotifyNepal",https://notifynepal.com/en/silver-price-history-nepal,Secondary-only
2025-07-02,2082/03/18,Gold,"Gold Rate Per Tola",191700,164354.62,16435.19,16435190,"Gahana",https://gahanaonline.com/gold-rate-history/,Secondary-only
2025-07-01,2082/03/17,Silver,"Silver Rate Per Tola",2155,1847.57,184.76,184760,"NotifyNepal",https://notifynepal.com/en/silver-price-history-nepal,Secondary-only
2025-07-01,2082/03/17,Gold,"Gold Rate Per Tola",190500,163325.79,16332.3,16332300,"Gahana",https://gahanaonline.com/gold-rate-history/,Secondary-only
2025-06-30,2082/03/16,Silver,"Silver Rate Per Tola",2150,1843.28,184.33,184330,"NotifyNepal",https://notifynepal.com/en/silver-price-history-nepal,Secondary-only
2025-06-30,2082/03/16,Gold,"Gold Rate Per Tola",188100,161268.14,16126.54,16126540,"Gahana",https://gahanaonline.com/gold-rate-history/,Secondary-only
2025-06-29,2082/03/15,Silver,"Silver Rate Per Tola",2140,1834.71,183.47,183470,"NotifyNepal",https://notifynepal.com/en/silver-price-history-nepal,Secondary-only
2025-06-29,2082/03/15,Gold,"Gold Rate Per Tola",188400,161525.35,16152.26,16152260,"Gahana",https://gahanaonline.com/gold-rate-history/,Secondary-only
2025-06-27,2082/03/13,Silver,"Silver Rate Per Tola",2165,1856.14,185.61,185610,"NotifyNepal",https://notifynepal.com/en/silver-price-history-nepal,Secondary-only
2025-06-27,2082/03/13,Gold,"Gold Rate Per Tola",189400,162382.7,16238,16238000,"Gahana",https://gahanaonline.com/gold-rate-history/,Secondary-only
2025-06-26,2082/03/12,Silver,"Silver Rate Per Tola",2175,1864.71,186.47,186470,"NotifyNepal",https://notifynepal.com/en/silver-price-history-nepal,Secondary-only
2025-06-26,2082/03/12,Gold,"Gold Rate Per Tola",192300,164869.03,16486.63,16486630,"Gahana",https://gahanaonline.com/gold-rate-history/,Secondary-only
2025-06-25,2082/03/11,Silver,"Silver Rate Per Tola",2140,1834.71,183.47,183470,"NotifyNepal",https://notifynepal.com/en/silver-price-history-nepal,Secondary-only
2025-06-25,2082/03/11,Gold,"Gold Rate Per Tola",192000,164611.82,16460.91,16460910,"Gahana",https://gahanaonline.com/gold-rate-history/,Secondary-only
2025-06-24,2082/03/10,Silver,"Silver Rate Per Tola",2160,1851.85,185.19,185190,"NotifyNepal",https://notifynepal.com/en/silver-price-history-nepal,Secondary-only
2025-06-24,2082/03/10,Gold,"Gold Rate Per Tola",195500,167612.56,16760.97,16760970,"Gahana",https://gahanaonline.com/gold-rate-history/,Secondary-only
2025-06-23,2082/03/09,Silver,"Silver Rate Per Tola",2170,1860.43,186.04,186040,"NotifyNepal",https://notifynepal.com/en/silver-price-history-nepal,Secondary-only
2025-06-23,2082/03/09,Gold,"Gold Rate Per Tola",195200,167355.35,16735.25,16735250,"Gahana",https://gahanaonline.com/gold-rate-history/,Secondary-only
2025-06-22,2082/03/08,Silver,"Silver Rate Per Tola",2160,1851.85,185.19,185190,"NotifyNepal",https://notifynepal.com/en/silver-price-history-nepal,Secondary-only
2025-06-22,2082/03/08,Gold,"Gold Rate Per Tola",195200,167355.35,16735.25,16735250,"Gahana",https://gahanaonline.com/gold-rate-history/,Secondary-only
2025-06-20,2082/03/06,Silver,"Silver Rate Per Tola",2150,1843.28,184.33,184330,"NotifyNepal",https://notifynepal.com/en/silver-price-history-nepal,Secondary-only
2025-06-20,2082/03/06,Gold,"Gold Rate Per Tola",194700,166926.68,16692.39,16692390,"Gahana",https://gahanaonline.com/gold-rate-history/,Secondary-only
2025-06-19,2082/03/05,Silver,"Silver Rate Per Tola",2200,1886.15,188.61,188610,"NotifyNepal",https://notifynepal.com/en/silver-price-history-nepal,Secondary-only
2025-06-19,2082/03/05,Gold,"Gold Rate Per Tola",197500,169327.27,16932.44,16932440,"Gahana",https://gahanaonline.com/gold-rate-history/,Secondary-only
2025-06-18,2082/03/04,Silver,"Silver Rate Per Tola",2225,1907.58,190.76,190760,"NotifyNepal",https://notifynepal.com/en/silver-price-history-nepal,Secondary-only
2025-06-18,2082/03/04,Gold,"Gold Rate Per Tola",197900,169670.21,16966.74,16966740,"Gahana",https://gahanaonline.com/gold-rate-history/,Secondary-only
2025-06-17,2082/03/03,Silver,"Silver Rate Per Tola",2160,1851.85,185.19,185190,"NotifyNepal",https://notifynepal.com/en/silver-price-history-nepal,Secondary-only
2025-06-17,2082/03/03,Gold,"Gold Rate Per Tola",195000,167183.88,16718.11,16718110,"Gahana",https://gahanaonline.com/gold-rate-history/,Secondary-only
2025-06-16,2082/03/02,Silver,"Silver Rate Per Tola",2165,1856.14,185.61,185610,"NotifyNepal",https://notifynepal.com/en/silver-price-history-nepal,Secondary-only
2025-06-16,2082/03/02,Gold,"Gold Rate Per Tola",197500,169327.27,16932.44,16932440,"Gahana",https://gahanaonline.com/gold-rate-history/,Secondary-only
2025-06-15,2082/03/01,Silver,"Silver Rate Per Tola",2165,1856.14,185.61,185610,"NotifyNepal",https://notifynepal.com/en/silver-price-history-nepal,Secondary-only
2025-06-15,2082/03/01,Gold,"Gold Rate Per Tola",197500,169327.27,16932.44,16932440,"Gahana",https://gahanaonline.com/gold-rate-history/,Secondary-only
2025-06-13,,Silver,"Silver Rate Per Tola",2165,1856.14,185.61,185610,"NotifyNepal",https://notifynepal.com/en/silver-price-history-nepal,Secondary-only
2025-06-12,2082/02/29,Silver,"Silver Rate Per Tola",2150,1843.28,184.33,184330,"NotifyNepal",https://notifynepal.com/en/silver-price-history-nepal,Secondary-only
2025-06-12,2082/02/29,Gold,"Gold Rate Per Tola",192900,165383.44,16538.07,16538070,"Gahana",https://gahanaonline.com/gold-rate-history/,Secondary-only
2025-06-11,2082/02/28,Silver,"Silver Rate Per Tola",2165,1856.14,185.61,185610,"NotifyNepal",https://notifynepal.com/en/silver-price-history-nepal,Secondary-only
2025-06-11,2082/02/28,Gold,"Gold Rate Per Tola",191300,164011.68,16400.89,16400890,"Gahana",https://gahanaonline.com/gold-rate-history/,Secondary-only
2025-06-10,2082/02/27,Silver,"Silver Rate Per Tola",2165,1856.14,185.61,185610,"NotifyNepal",https://notifynepal.com/en/silver-price-history-nepal,Secondary-only
2025-06-10,2082/02/27,Gold,"Gold Rate Per Tola",190000,162897.12,16289.44,16289440,"Gahana",https://gahanaonline.com/gold-rate-history/,Secondary-only
2025-06-09,2082/02/26,Silver,"Silver Rate Per Tola",2150,1843.28,184.33,184330,"NotifyNepal",https://notifynepal.com/en/silver-price-history-nepal,Secondary-only
2025-06-09,2082/02/26,Gold,"Gold Rate Per Tola",190600,163411.53,16340.88,16340880,"Gahana",https://gahanaonline.com/gold-rate-history/,Secondary-only
2025-06-08,2082/02/25,Silver,"Silver Rate Per Tola",2145,1838.99,183.9,183900,"NotifyNepal",https://notifynepal.com/en/silver-price-history-nepal,Secondary-only
2025-06-08,2082/02/25,Gold,"Gold Rate Per Tola",190700,163497.26,16349.45,16349450,"Gahana",https://gahanaonline.com/gold-rate-history/,Secondary-only
2025-06-06,2082/02/23,Silver,"Silver Rate Per Tola",2150,1843.28,184.33,184330,"NotifyNepal",https://notifynepal.com/en/silver-price-history-nepal,Secondary-only
2025-06-06,2082/02/23,Gold,"Gold Rate Per Tola",193700,166069.32,16606.65,16606650,"Gahana",https://gahanaonline.com/gold-rate-history/,Secondary-only
2025-06-05,2082/02/22,Silver,"Silver Rate Per Tola",2075,1778.98,177.9,177900,"NotifyNepal",https://notifynepal.com/en/silver-price-history-nepal,Secondary-only
2025-06-05,2082/02/22,Gold,"Gold Rate Per Tola",193700,166069.32,16606.65,16606650,"Gahana",https://gahanaonline.com/gold-rate-history/,Secondary-only
2025-06-04,2082/02/21,Silver,"Silver Rate Per Tola",2075,1778.98,177.9,177900,"NotifyNepal",https://notifynepal.com/en/silver-price-history-nepal,Secondary-only
2025-06-04,2082/02/21,Gold,"Gold Rate Per Tola",193200,165640.65,16563.79,16563790,"Gahana",https://gahanaonline.com/gold-rate-history/,Secondary-only
2025-06-03,2082/02/20,Silver,"Silver Rate Per Tola",2045,1753.26,175.33,175330,"NotifyNepal",https://notifynepal.com/en/silver-price-history-nepal,Secondary-only
2025-06-03,2082/02/20,Gold,"Gold Rate Per Tola",192700,165211.97,16520.92,16520920,"Gahana",https://gahanaonline.com/gold-rate-history/,Secondary-only
2025-06-02,2082/02/19,Silver,"Silver Rate Per Tola",1990,1706.1,170.61,170610,"NotifyNepal",https://notifynepal.com/en/silver-price-history-nepal,Secondary-only
2025-06-02,2082/02/19,Gold,"Gold Rate Per Tola",189800,162725.65,16272.29,16272290,"Gahana",https://gahanaonline.com/gold-rate-history/,Secondary-only
2025-06-01,2082/02/18,Silver,"Silver Rate Per Tola",1985,1701.82,170.18,170180,"NotifyNepal",https://notifynepal.com/en/silver-price-history-nepal,Secondary-only
2025-06-01,2082/02/18,Gold,"Gold Rate Per Tola",188800,161868.29,16186.56,16186560,"Gahana",https://gahanaonline.com/gold-rate-history/,Secondary-only
2025-05-30,2082/02/16,Silver,"Silver Rate Per Tola",1980,1697.53,169.75,169750,"NotifyNepal",https://notifynepal.com/en/silver-price-history-nepal,Secondary-only
2025-05-30,2082/02/16,Gold,"Gold Rate Per Tola",188500,161611.09,16160.84,16160840,"Gahana",https://gahanaonline.com/gold-rate-history/,Secondary-only
2025-05-29,2082/02/15,Silver,"Silver Rate Per Tola",1995,1710.39,171.04,171040,"NotifyNepal",https://notifynepal.com/en/silver-price-history-nepal,Secondary-only
2025-05-29,2082/02/15,Gold,"Gold Rate Per Tola",189800,162725.65,16272.29,16272290,"Gahana",https://gahanaonline.com/gold-rate-history/,Secondary-only
2025-05-28,2082/02/14,Silver,"Silver Rate Per Tola",2005,1718.96,171.9,171900,"NotifyNepal",https://notifynepal.com/en/silver-price-history-nepal,Secondary-only
2025-05-28,2082/02/14,Gold,"Gold Rate Per Tola",189300,162296.97,16229.42,16229420,"Gahana",https://gahanaonline.com/gold-rate-history/,Secondary-only
2025-05-27,2082/02/13,Silver,"Silver Rate Per Tola",1995,1710.39,171.04,171040,"NotifyNepal",https://notifynepal.com/en/silver-price-history-nepal,Secondary-only
2025-05-27,2082/02/13,Gold,"Gold Rate Per Tola",190900,163668.73,16366.6,16366600,"Gahana",https://gahanaonline.com/gold-rate-history/,Secondary-only
2025-05-26,2082/02/12,Silver,"Silver Rate Per Tola",2005,1718.96,171.9,171900,"NotifyNepal",https://notifynepal.com/en/silver-price-history-nepal,Secondary-only
2025-05-26,2082/02/12,Gold,"Gold Rate Per Tola",191100,163840.2,16383.74,16383740,"Gahana",https://gahanaonline.com/gold-rate-history/,Secondary-only
2025-05-25,2082/02/11,Silver,"Silver Rate Per Tola",2005,1718.96,171.9,171900,"NotifyNepal",https://notifynepal.com/en/silver-price-history-nepal,Secondary-only
2025-05-25,2082/02/11,Gold,"Gold Rate Per Tola",191800,164440.35,16443.76,16443760,"Gahana",https://gahanaonline.com/gold-rate-history/,Secondary-only
2025-05-23,2082/02/09,Silver,"Silver Rate Per Tola",2005,1718.96,171.9,171900,"NotifyNepal",https://notifynepal.com/en/silver-price-history-nepal,Secondary-only
2025-05-23,2082/02/09,Gold,"Gold Rate Per Tola",190400,163240.06,16323.73,16323730,"Gahana",https://gahanaonline.com/gold-rate-history/,Secondary-only
2025-05-22,2082/02/08,Silver,"Silver Rate Per Tola",2025,1736.11,173.61,173610,"NotifyNepal",https://notifynepal.com/en/silver-price-history-nepal,Secondary-only
2025-05-22,2082/02/08,Gold,"Gold Rate Per Tola",191500,164183.15,16418.04,16418040,"Gahana",https://gahanaonline.com/gold-rate-history/,Secondary-only
2025-05-21,2082/02/07,Silver,"Silver Rate Per Tola",1990,1706.1,170.61,170610,"NotifyNepal",https://notifynepal.com/en/silver-price-history-nepal,Secondary-only
2025-05-21,2082/02/07,Gold,"Gold Rate Per Tola",189800,162725.65,16272.29,16272290,"Gahana",https://gahanaonline.com/gold-rate-history/,Secondary-only
2025-05-20,2082/02/06,Silver,"Silver Rate Per Tola",1940,1663.24,166.32,166320,"NotifyNepal",https://notifynepal.com/en/silver-price-history-nepal,Secondary-only
2025-05-20,2082/02/06,Gold,"Gold Rate Per Tola",184800,158438.88,15843.62,15843620,"Gahana",https://gahanaonline.com/gold-rate-history/,Secondary-only
2025-05-19,2082/02/05,Silver,"Silver Rate Per Tola",1945,1667.52,166.75,166750,"NotifyNepal",https://notifynepal.com/en/silver-price-history-nepal,Secondary-only
2025-05-19,2082/02/05,Gold,"Gold Rate Per Tola",184800,158438.88,15843.62,15843620,"Gahana",https://gahanaonline.com/gold-rate-history/,Secondary-only
2025-05-18,2082/02/04,Silver,"Silver Rate Per Tola",1945,1667.52,166.75,166750,"NotifyNepal",https://notifynepal.com/en/silver-price-history-nepal,Secondary-only
2025-05-18,2082/02/04,Gold,"Gold Rate Per Tola",184200,157924.47,15792.18,15792180,"Gahana",https://gahanaonline.com/gold-rate-history/,Secondary-only
2025-05-16,2082/02/02,Silver,"Silver Rate Per Tola",1945,1667.52,166.75,166750,"NotifyNepal",https://notifynepal.com/en/silver-price-history-nepal,Secondary-only
2025-05-16,2082/02/02,Gold,"Gold Rate Per Tola",184800,158438.88,15843.62,15843620,"Gahana",https://gahanaonline.com/gold-rate-history/,Secondary-only
2025-05-15,2082/02/01,Silver,"Silver Rate Per Tola",1925,1650.38,165.04,165040,"NotifyNepal",https://notifynepal.com/en/silver-price-history-nepal,Secondary-only
2025-05-15,2082/02/01,Gold,"Gold Rate Per Tola",181800,155866.82,15586.42,15586420,"Gahana",https://gahanaonline.com/gold-rate-history/,Secondary-only
2025-05-14,2082/01/31,Silver,"Silver Rate Per Tola",1960,1680.38,168.04,168040,"NotifyNepal",https://notifynepal.com/en/silver-price-history-nepal,Secondary-only
2025-05-14,2082/01/31,Gold,"Gold Rate Per Tola",185300,158867.56,15886.49,15886490,"Gahana",https://gahanaonline.com/gold-rate-history/,Secondary-only
2025-05-13,2082/01/30,Silver,"Silver Rate Per Tola",1970,1688.96,168.9,168900,"NotifyNepal",https://notifynepal.com/en/silver-price-history-nepal,Secondary-only
2025-05-13,2082/01/30,Gold,"Gold Rate Per Tola",184800,158438.88,15843.62,15843620,"Gahana",https://gahanaonline.com/gold-rate-history/,Secondary-only
2025-05-12,2082/01/29,Silver,"Silver Rate Per Tola",1960,1680.38,168.04,168040,"NotifyNepal",https://notifynepal.com/en/silver-price-history-nepal,Secondary-only
2025-05-12,2082/01/29,Gold,"Gold Rate Per Tola",186800,160153.59,16015.09,16015090,"Gahana",https://gahanaonline.com/gold-rate-history/,Secondary-only
2025-05-11,2082/01/28,Silver,"Silver Rate Per Tola",1970,1688.96,168.9,168900,"NotifyNepal",https://notifynepal.com/en/silver-price-history-nepal,Secondary-only
2025-05-11,2082/01/28,Gold,"Gold Rate Per Tola",190500,163325.79,16332.3,16332300,"Gahana",https://gahanaonline.com/gold-rate-history/,Secondary-only
2025-05-09,2082/01/26,Silver,"Silver Rate Per Tola",1960,1680.38,168.04,168040,"NotifyNepal",https://notifynepal.com/en/silver-price-history-nepal,Secondary-only
2025-05-09,2082/01/26,Gold,"Gold Rate Per Tola",190800,163583,16358.02,16358020,"Gahana",https://gahanaonline.com/gold-rate-history/,Secondary-only
2025-05-08,2082/01/25,Silver,"Silver Rate Per Tola",1955,1676.1,167.61,167610,"NotifyNepal",https://notifynepal.com/en/silver-price-history-nepal,Secondary-only
2025-05-08,2082/01/25,Gold,"Gold Rate Per Tola",192200,164783.29,16478.05,16478050,"Gahana",https://gahanaonline.com/gold-rate-history/,Secondary-only
2025-05-07,2082/01/24,Silver,"Silver Rate Per Tola",1965,1684.67,168.47,168470,"NotifyNepal",https://notifynepal.com/en/silver-price-history-nepal,Secondary-only
2025-05-07,2082/01/24,Gold,"Gold Rate Per Tola",191600,164268.88,16426.61,16426610,"Gahana",https://gahanaonline.com/gold-rate-history/,Secondary-only
2025-05-06,2082/01/23,Silver,"Silver Rate Per Tola",1965,1684.67,168.47,168470,"NotifyNepal",https://notifynepal.com/en/silver-price-history-nepal,Secondary-only
2025-05-06,2082/01/23,Gold,"Gold Rate Per Tola",189900,162811.38,16280.86,16280860,"Gahana",https://gahanaonline.com/gold-rate-history/,Secondary-only
2025-05-05,2082/01/22,Silver,"Silver Rate Per Tola",1910,1637.52,163.75,163750,"NotifyNepal",https://notifynepal.com/en/silver-price-history-nepal,Secondary-only
2025-05-05,2082/01/22,Gold,"Gold Rate Per Tola",184600,158267.41,15826.47,15826470,"Gahana",https://gahanaonline.com/gold-rate-history/,Secondary-only
2025-05-04,2082/01/21,Silver,"Silver Rate Per Tola",1910,1637.52,163.75,163750,"NotifyNepal",https://notifynepal.com/en/silver-price-history-nepal,Secondary-only
2025-05-04,2082/01/21,Gold,"Gold Rate Per Tola",184100,157838.73,15783.61,15783610,"Gahana",https://gahanaonline.com/gold-rate-history/,Secondary-only
2025-05-02,2082/01/19,Silver,"Silver Rate Per Tola",1930,1654.66,165.47,165470,"NotifyNepal",https://notifynepal.com/en/silver-price-history-nepal,Secondary-only
2025-05-02,2082/01/19,Gold,"Gold Rate Per Tola",183500,157324.32,15732.17,15732170,"Gahana",https://gahanaonline.com/gold-rate-history/,Secondary-only
2025-05-01,2082/01/18,Silver,"Silver Rate Per Tola",1915,1641.8,164.18,164180,"NotifyNepal",https://notifynepal.com/en/silver-price-history-nepal,Secondary-only
2025-05-01,2082/01/18,Gold,"Gold Rate Per Tola",183500,157324.32,15732.17,15732170,"Gahana",https://gahanaonline.com/gold-rate-history/,Secondary-only
2025-04-30,2082/01/17,Silver,"Silver Rate Per Tola",1965,1684.67,168.47,168470,"NotifyNepal",https://notifynepal.com/en/silver-price-history-nepal,Secondary-only
2025-04-30,2082/01/17,Gold,"Gold Rate Per Tola",188900,161954.03,16195.13,16195130,"Gahana",https://gahanaonline.com/gold-rate-history/,Secondary-only
2025-04-29,2082/01/16,Silver,"Silver Rate Per Tola",1970,1688.96,168.9,168900,"NotifyNepal",https://notifynepal.com/en/silver-price-history-nepal,Secondary-only
2025-04-29,2082/01/16,Gold,"Gold Rate Per Tola",188800,161868.29,16186.56,16186560,"Gahana",https://gahanaonline.com/gold-rate-history/,Secondary-only
2025-04-28,2082/01/15,Silver,"Silver Rate Per Tola",1970,1688.96,168.9,168900,"NotifyNepal",https://notifynepal.com/en/silver-price-history-nepal,Secondary-only
2025-04-28,2082/01/15,Gold,"Gold Rate Per Tola",188300,161439.62,16143.69,16143690,"Gahana",https://gahanaonline.com/gold-rate-history/,Secondary-only
2025-04-27,2082/01/14,Silver,"Silver Rate Per Tola",1990,1706.1,170.61,170610,"NotifyNepal",https://notifynepal.com/en/silver-price-history-nepal,Secondary-only
2025-04-27,2082/01/14,Gold,"Gold Rate Per Tola",189700,162639.91,16263.72,16263720,"Gahana",https://gahanaonline.com/gold-rate-history/,Secondary-only
2025-04-25,2082/01/12,Silver,"Silver Rate Per Tola",2000,1714.68,171.47,171470,"NotifyNepal",https://notifynepal.com/en/silver-price-history-nepal,Secondary-only
2025-04-25,2082/01/12,Gold,"Gold Rate Per Tola",189600,162554.17,16255.14,16255140,"Gahana",https://gahanaonline.com/gold-rate-history/,Secondary-only
2025-04-24,2082/01/11,Silver,"Silver Rate Per Tola",2010,1723.25,172.33,172330,"NotifyNepal",https://notifynepal.com/en/silver-price-history-nepal,Secondary-only
2025-04-24,2082/01/11,Gold,"Gold Rate Per Tola",190600,163411.53,16340.88,16340880,"Gahana",https://gahanaonline.com/gold-rate-history/,Secondary-only
2025-04-23,2082/01/10,Silver,"Silver Rate Per Tola",1965,1684.67,168.47,168470,"NotifyNepal",https://notifynepal.com/en/silver-price-history-nepal,Secondary-only
2025-04-23,2082/01/10,Gold,"Gold Rate Per Tola",190400,163240.06,16323.73,16323730,"Gahana",https://gahanaonline.com/gold-rate-history/,Secondary-only
2025-04-22,2082/01/09,Silver,"Silver Rate Per Tola",1970,1688.96,168.9,168900,"NotifyNepal",https://notifynepal.com/en/silver-price-history-nepal,Secondary-only
2025-04-22,2082/01/09,Gold,"Gold Rate Per Tola",197900,169670.21,16966.74,16966740,"Gahana",https://gahanaonline.com/gold-rate-history/,Secondary-only
2025-04-21,2082/01/08,Silver,"Silver Rate Per Tola",1960,1680.38,168.04,168040,"NotifyNepal",https://notifynepal.com/en/silver-price-history-nepal,Secondary-only
2025-04-21,2082/01/08,Gold,"Gold Rate Per Tola",191000,163754.47,16375.17,16375170,"Gahana",https://gahanaonline.com/gold-rate-history/,Secondary-only
2025-04-20,2082/01/07,Silver,"Silver Rate Per Tola",1960,1680.38,168.04,168040,"NotifyNepal",https://notifynepal.com/en/silver-price-history-nepal,Secondary-only
2025-04-20,2082/01/07,Gold,"Gold Rate Per Tola",189800,162725.65,16272.29,16272290,"Gahana",https://gahanaonline.com/gold-rate-history/,Secondary-only
2025-04-18,2082/01/05,Silver,"Silver Rate Per Tola",1960,1680.38,168.04,168040,"NotifyNepal",https://notifynepal.com/en/silver-price-history-nepal,Secondary-only
2025-04-18,2082/01/05,Gold,"Gold Rate Per Tola",189800,162725.65,16272.29,16272290,"Gahana",https://gahanaonline.com/gold-rate-history/,Secondary-only
2025-04-17,2082/01/04,Silver,"Silver Rate Per Tola",1960,1680.38,168.04,168040,"NotifyNepal",https://notifynepal.com/en/silver-price-history-nepal,Secondary-only
2025-04-17,2082/01/04,Gold,"Gold Rate Per Tola",190600,163411.53,16340.88,16340880,"Gahana",https://gahanaonline.com/gold-rate-history/,Secondary-only
2025-04-16,2082/01/03,Silver,"Silver Rate Per Tola",1955,1676.1,167.61,167610,"NotifyNepal",https://notifynepal.com/en/silver-price-history-nepal,Secondary-only
2025-04-16,2082/01/03,Gold,"Gold Rate Per Tola",187000,160325.06,16032.24,16032240,"Gahana",https://gahanaonline.com/gold-rate-history/,Secondary-only
2025-04-15,2082/01/02,Silver,"Silver Rate Per Tola",1945,1667.52,166.75,166750,"NotifyNepal",https://notifynepal.com/en/silver-price-history-nepal,Secondary-only
2025-04-15,2082/01/02,Gold,"Gold Rate Per Tola",184300,158010.2,15800.75,15800750,"Gahana",https://gahanaonline.com/gold-rate-history/,Secondary-only
2025-04-14,,Silver,"Silver Rate Per Tola",1960,1680.38,168.04,168040,"NotifyNepal",https://notifynepal.com/en/silver-price-history-nepal,Secondary-only
2025-04-13,2081/12/31,Silver,"Silver Rate Per Tola",1960,1680.38,168.04,168040,"NotifyNepal",https://notifynepal.com/en/silver-price-history-nepal,Secondary-only
2025-04-13,2081/12/31,Gold,"Gold Rate Per Tola",186000,159467.7,15946.5,15946500,"Gahana",https://gahanaonline.com/gold-rate-history/,Secondary-only
2025-04-11,2081/12/29,Silver,"Silver Rate Per Tola",1905,1633.23,163.32,163320,"NotifyNepal",https://notifynepal.com/en/silver-price-history-nepal,Secondary-only
2025-04-11,2081/12/29,Gold,"Gold Rate Per Tola",185000,158610.35,15860.77,15860770,"Gahana",https://gahanaonline.com/gold-rate-history/,Secondary-only
2025-04-10,2081/12/28,Silver,"Silver Rate Per Tola",1900,1628.94,162.89,162890,"NotifyNepal",https://notifynepal.com/en/silver-price-history-nepal,Secondary-only
2025-04-10,2081/12/28,Gold,"Gold Rate Per Tola",181100,155266.67,15526.41,15526410,"Gahana",https://gahanaonline.com/gold-rate-history/,Secondary-only
2025-04-09,2081/12/27,Silver,"Silver Rate Per Tola",1835,1573.22,157.32,157320,"NotifyNepal",https://notifynepal.com/en/silver-price-history-nepal,Secondary-only
2025-04-09,2081/12/27,Gold,"Gold Rate Per Tola",175400,150379.76,15037.72,15037720,"Gahana",https://gahanaonline.com/gold-rate-history/,Secondary-only
2025-04-08,2081/12/26,Silver,"Silver Rate Per Tola",1830,1568.93,156.89,156890,"NotifyNepal",https://notifynepal.com/en/silver-price-history-nepal,Secondary-only
2025-04-08,2081/12/26,Gold,"Gold Rate Per Tola",173400,148665.05,14866.26,14866260,"Gahana",https://gahanaonline.com/gold-rate-history/,Secondary-only
2025-04-07,2081/12/25,Silver,"Silver Rate Per Tola",1830,1568.93,156.89,156890,"NotifyNepal",https://notifynepal.com/en/silver-price-history-nepal,Secondary-only
2025-04-07,2081/12/25,Gold,"Gold Rate Per Tola",173800,149007.99,14900.55,14900550,"Gahana",https://gahanaonline.com/gold-rate-history/,Secondary-only
2025-04-06,2081/12/24,Silver,"Silver Rate Per Tola",1800,1543.21,154.32,154320,"NotifyNepal",https://notifynepal.com/en/silver-price-history-nepal,Secondary-only
2025-04-06,2081/12/24,Gold,"Gold Rate Per Tola",174500,149608.14,14960.56,14960560,"Gahana",https://gahanaonline.com/gold-rate-history/,Secondary-only
2025-04-04,2081/12/22,Silver,"Silver Rate Per Tola",1870,1603.22,160.32,160320,"NotifyNepal",https://notifynepal.com/en/silver-price-history-nepal,Secondary-only
2025-04-04,2081/12/22,Gold,"Gold Rate Per Tola",176400,151237.11,15123.46,15123460,"Gahana",https://gahanaonline.com/gold-rate-history/,Secondary-only
2025-04-03,2081/12/21,Silver,"Silver Rate Per Tola",1995,1710.39,171.04,171040,"NotifyNepal",https://notifynepal.com/en/silver-price-history-nepal,Secondary-only
2025-04-03,2081/12/21,Gold,"Gold Rate Per Tola",180300,154580.79,15457.82,15457820,"Gahana",https://gahanaonline.com/gold-rate-history/,Secondary-only
2025-04-02,2081/12/20,Silver,"Silver Rate Per Tola",2020,1731.82,173.18,173180,"NotifyNepal",https://notifynepal.com/en/silver-price-history-nepal,Secondary-only
2025-04-02,2081/12/20,Gold,"Gold Rate Per Tola",179100,153551.97,15354.94,15354940,"Gahana",https://gahanaonline.com/gold-rate-history/,Secondary-only
2025-04-01,2081/12/19,Silver,"Silver Rate Per Tola",2035,1744.68,174.47,174470,"NotifyNepal",https://notifynepal.com/en/silver-price-history-nepal,Secondary-only
2025-04-01,2081/12/19,Gold,"Gold Rate Per Tola",179700,154066.38,15406.38,15406380,"Gahana",https://gahanaonline.com/gold-rate-history/,Secondary-only
2025-03-31,2081/12/18,Silver,"Silver Rate Per Tola",2035,1744.68,174.47,174470,"NotifyNepal",https://notifynepal.com/en/silver-price-history-nepal,Secondary-only
2025-03-31,2081/12/18,Gold,"Gold Rate Per Tola",177900,152523.14,15252.06,15252060,"Gahana",https://gahanaonline.com/gold-rate-history/,Secondary-only
2025-03-30,2081/12/17,Silver,"Silver Rate Per Tola",2025,1736.11,173.61,173610,"NotifyNepal",https://notifynepal.com/en/silver-price-history-nepal,Secondary-only
2025-03-30,2081/12/17,Gold,"Gold Rate Per Tola",176800,151580.05,15157.75,15157750,"Gahana",https://gahanaonline.com/gold-rate-history/,Secondary-only
2025-03-28,,Silver,"Silver Rate Per Tola",2040,1748.97,174.9,174900,"NotifyNepal",https://notifynepal.com/en/silver-price-history-nepal,Secondary-only
2025-03-27,2081/12/14,Silver,"Silver Rate Per Tola",2020,1731.82,173.18,173180,"NotifyNepal",https://notifynepal.com/en/silver-price-history-nepal,Secondary-only
2025-03-27,2081/12/14,Gold,"Gold Rate Per Tola",174800,149865.35,14986.28,14986280,"Gahana",https://gahanaonline.com/gold-rate-history/,Secondary-only
2025-03-26,2081/12/13,Silver,"Silver Rate Per Tola",1990,1706.1,170.61,170610,"NotifyNepal",https://notifynepal.com/en/silver-price-history-nepal,Secondary-only
2025-03-26,2081/12/13,Gold,"Gold Rate Per Tola",173500,148750.79,14874.83,14874830,"Gahana",https://gahanaonline.com/gold-rate-history/,Secondary-only
2025-03-25,2081/12/12,Silver,"Silver Rate Per Tola",1980,1697.53,169.75,169750,"NotifyNepal",https://notifynepal.com/en/silver-price-history-nepal,Secondary-only
2025-03-25,2081/12/12,Gold,"Gold Rate Per Tola",174100,149265.2,14926.27,14926270,"Gahana",https://gahanaonline.com/gold-rate-history/,Secondary-only
2025-03-24,2081/11/12,Silver,"Silver Rate Per Tola",1980,1697.53,169.75,169750,"NotifyNepal",https://notifynepal.com/en/silver-price-history-nepal,Secondary-only
2025-03-24,2081/11/12,Gold,"Gold Rate Per Tola",173300,148579.32,14857.68,14857680,"Gahana",https://gahanaonline.com/gold-rate-history/,Secondary-only
2025-03-23,2081/10/12,Silver,"Silver Rate Per Tola",1980,1697.53,169.75,169750,"NotifyNepal",https://notifynepal.com/en/silver-price-history-nepal,Secondary-only
2025-03-23,2081/10/12,Gold,"Gold Rate Per Tola",173500,148750.79,14874.83,14874830,"Gahana",https://gahanaonline.com/gold-rate-history/,Secondary-only
2025-03-21,2081/8/12,Silver,"Silver Rate Per Tola",1995,1710.39,171.04,171040,"NotifyNepal",https://notifynepal.com/en/silver-price-history-nepal,Secondary-only
2025-03-21,2081/8/12,Gold,"Gold Rate Per Tola",175000,150036.82,15003.43,15003430,"Gahana",https://gahanaonline.com/gold-rate-history/,Secondary-only
2025-03-20,2081/7/12,Silver,"Silver Rate Per Tola",2030,1740.4,174.04,174040,"NotifyNepal",https://notifynepal.com/en/silver-price-history-nepal,Secondary-only
2025-03-20,2081/7/12,Gold,"Gold Rate Per Tola",176000,150894.17,15089.16,15089160,"Gahana",https://gahanaonline.com/gold-rate-history/,Secondary-only
2025-03-19,2081/6/12,Silver,"Silver Rate Per Tola",2045,1753.26,175.33,175330,"NotifyNepal",https://notifynepal.com/en/silver-price-history-nepal,Secondary-only
2025-03-19,2081/6/12,Gold,"Gold Rate Per Tola",176000,150894.17,15089.16,15089160,"Gahana",https://gahanaonline.com/gold-rate-history/,Secondary-only
2025-03-18,2081/5/12,Silver,"Silver Rate Per Tola",2050,1757.54,175.75,175750,"NotifyNepal",https://notifynepal.com/en/silver-price-history-nepal,Secondary-only
2025-03-18,2081/5/12,Gold,"Gold Rate Per Tola",175200,150208.29,15020.58,15020580,"Gahana",https://gahanaonline.com/gold-rate-history/,Secondary-only
2025-03-17,2081/4/12,Silver,"Silver Rate Per Tola",2040,1748.97,174.9,174900,"NotifyNepal",https://notifynepal.com/en/silver-price-history-nepal,Secondary-only
2025-03-17,2081/4/12,Gold,"Gold Rate Per Tola",174100,149265.2,14926.27,14926270,"Gahana",https://gahanaonline.com/gold-rate-history/,Secondary-only
2025-03-16,2081/3/12,Silver,"Silver Rate Per Tola",2045,1753.26,175.33,175330,"NotifyNepal",https://notifynepal.com/en/silver-price-history-nepal,Secondary-only
2025-03-16,2081/3/12,Gold,"Gold Rate Per Tola",174100,149265.2,14926.27,14926270,"Gahana",https://gahanaonline.com/gold-rate-history/,Secondary-only
2025-03-14,2081/12/12,Silver,"Silver Rate Per Tola",2050,1757.54,175.75,175750,"NotifyNepal",https://notifynepal.com/en/silver-price-history-nepal,Secondary-only
2025-03-14,2081/12/12,Gold,"Gold Rate Per Tola",174500,149608.14,14960.56,14960560,"Gahana",https://gahanaonline.com/gold-rate-history/,Secondary-only
2025-03-13,,Silver,"Silver Rate Per Tola",2000,1714.68,171.47,171470,"NotifyNepal",https://notifynepal.com/en/silver-price-history-nepal,Secondary-only
2025-03-12,2081/11/28,Silver,"Silver Rate Per Tola",2000,1714.68,171.47,171470,"NotifyNepal",https://notifynepal.com/en/silver-price-history-nepal,Secondary-only
2025-03-12,2081/11/28,Gold,"Gold Rate Per Tola",170500,146178.73,14617.63,14617630,"Gahana",https://gahanaonline.com/gold-rate-history/,Secondary-only
2025-03-11,2081/11/27,Silver,"Silver Rate Per Tola",1970,1688.96,168.9,168900,"NotifyNepal",https://notifynepal.com/en/silver-price-history-nepal,Secondary-only
2025-03-11,2081/11/27,Gold,"Gold Rate Per Tola",169900,145664.32,14566.19,14566190,"Gahana",https://gahanaonline.com/gold-rate-history/,Secondary-only
2025-03-10,2081/11/26,Silver,"Silver Rate Per Tola",1985,1701.82,170.18,170180,"NotifyNepal",https://notifynepal.com/en/silver-price-history-nepal,Secondary-only
2025-03-10,2081/11/26,Gold,"Gold Rate Per Tola",170400,146092.99,14609.05,14609050,"Gahana",https://gahanaonline.com/gold-rate-history/,Secondary-only
2025-03-09,2081/11/25,Silver,"Silver Rate Per Tola",1985,1701.82,170.18,170180,"NotifyNepal",https://notifynepal.com/en/silver-price-history-nepal,Secondary-only
2025-03-09,2081/11/25,Gold,"Gold Rate Per Tola",170300,146007.26,14600.48,14600480,"Gahana",https://gahanaonline.com/gold-rate-history/,Secondary-only
2025-03-07,2081/11/23,Silver,"Silver",1990,1706,170.61,170610,"FENEGOSIDA",https://www.fenegosida.org/uploads/weekly/250307092202jj587f.pdf,Verified
2025-03-07,2081/11/23,Gold,"Gold",170200,145920,14591.91,14591910,"FENEGOSIDA",https://www.fenegosida.org/uploads/weekly/250307092202jj587f.pdf,Verified
2025-03-06,2081/11/22,Silver,"Silver",1985,1702,170.18,170180,"FENEGOSIDA",https://www.fenegosida.org/uploads/weekly/250307092202jj587f.pdf,Verified
2025-03-06,2081/11/22,Gold,"Gold",170700,146350,14634.77,14634770,"FENEGOSIDA",https://www.fenegosida.org/uploads/weekly/250307092202jj587f.pdf,Verified
2025-03-05,2081/11/21,Silver,"Silver",1950,1672,167.18,167180,"FENEGOSIDA",https://www.fenegosida.org/uploads/weekly/250307092202jj587f.pdf,Verified
2025-03-05,2081/11/21,Gold,"Gold",170400,146090,14609.05,14609050,"FENEGOSIDA",https://www.fenegosida.org/uploads/weekly/250307092202jj587f.pdf,Verified
2025-03-04,2081/11/20,Silver,"Silver",1940,1663.5,166.32,166320,"FENEGOSIDA",https://www.fenegosida.org/uploads/weekly/250307092202jj587f.pdf,Verified
2025-03-04,2081/11/20,Gold,"Gold",169500,145320,14531.89,14531890,"FENEGOSIDA",https://www.fenegosida.org/uploads/weekly/250307092202jj587f.pdf,Verified
2025-03-03,2081/11/19,Silver,"Silver",1915,1642,164.18,164180,"FENEGOSIDA",https://www.fenegosida.org/uploads/weekly/250307092202jj587f.pdf,Verified
2025-03-03,2081/11/19,Gold,"Gold",168100,144120,14411.87,14411870,"FENEGOSIDA",https://www.fenegosida.org/uploads/weekly/250307092202jj587f.pdf,Verified
2025-03-02,2081/11/18,Silver,"Silver",1915,1642,164.18,164180,"FENEGOSIDA",https://www.fenegosida.org/uploads/weekly/250307092202jj587f.pdf,Verified
2025-03-02,2081/11/18,Gold,"Gold",168100,144120,14411.87,14411870,"FENEGOSIDA",https://www.fenegosida.org/uploads/weekly/250307092202jj587f.pdf,Verified
2025-02-28,2081/11/16,Silver,"Silver Rate Per Tola",1915,1641.8,164.18,164180,"NotifyNepal",https://notifynepal.com/en/silver-price-history-nepal,Secondary-only
2025-02-28,2081/11/16,Gold,"Gold Rate Per Tola",168100,144121.08,14411.87,14411870,"Gahana",https://gahanaonline.com/gold-rate-history/,Secondary-only
2025-02-27,2081/11/15,Silver,"Silver Rate Per Tola",1945,1667.52,166.75,166750,"NotifyNepal",https://notifynepal.com/en/silver-price-history-nepal,Secondary-only
2025-02-27,2081/11/15,Gold,"Gold Rate Per Tola",170300,146007.26,14600.48,14600480,"Gahana",https://gahanaonline.com/gold-rate-history/,Secondary-only
2025-02-26,2081/11/14,Silver,"Silver Rate Per Tola",1940,1663.24,166.32,166320,"NotifyNepal",https://notifynepal.com/en/silver-price-history-nepal,Secondary-only
2025-02-26,2081/11/14,Gold,"Gold Rate Per Tola",170500,146178.73,14617.63,14617630,"Gahana",https://gahanaonline.com/gold-rate-history/,Secondary-only
2025-02-25,2081/11/13,Silver,"Silver Rate Per Tola",1970,1688.96,168.9,168900,"NotifyNepal",https://notifynepal.com/en/silver-price-history-nepal,Secondary-only
2025-02-25,2081/11/13,Gold,"Gold Rate Per Tola",171300,146864.61,14686.21,14686210,"Gahana",https://gahanaonline.com/gold-rate-history/,Secondary-only
2025-02-24,2081/11/12,Silver,"Silver Rate Per Tola",1985,1701.82,170.18,170180,"NotifyNepal",https://notifynepal.com/en/silver-price-history-nepal,Secondary-only
2025-02-24,2081/11/12,Gold,"Gold Rate Per Tola",170800,146435.93,14643.35,14643350,"Gahana",https://gahanaonline.com/gold-rate-history/,Secondary-only
2025-02-23,,Silver,"Silver Rate Per Tola",1970,1688.96,168.9,168900,"NotifyNepal",https://notifynepal.com/en/silver-price-history-nepal,Secondary-only
2025-02-21,2081/11/09,Silver,"Silver Rate Per Tola",1990,1706.1,170.61,170610,"NotifyNepal",https://notifynepal.com/en/silver-price-history-nepal,Secondary-only
2025-02-21,2081/11/09,Gold,"Gold Rate Per Tola",170000,145750.05,14574.76,14574760,"Gahana",https://gahanaonline.com/gold-rate-history/,Secondary-only
2025-02-20,2081/11/08,Silver,"Silver Rate Per Tola",1995,1710.39,171.04,171040,"NotifyNepal",https://notifynepal.com/en/silver-price-history-nepal,Secondary-only
2025-02-20,2081/11/08,Gold,"Gold Rate Per Tola",171000,146607.4,14660.49,14660490,"Gahana",https://gahanaonline.com/gold-rate-history/,Secondary-only
2025-02-19,2081/11/07,Silver,"Silver Rate Per Tola",1985,1701.82,170.18,170180,"NotifyNepal",https://notifynepal.com/en/silver-price-history-nepal,Secondary-only
2025-02-19,2081/11/07,Gold,"Gold Rate Per Tola",170500,146178.73,14617.63,14617630,"Gahana",https://gahanaonline.com/gold-rate-history/,Secondary-only
2025-02-18,2081/11/06,Silver,"Silver Rate Per Tola",1970,1688.96,168.9,168900,"NotifyNepal",https://notifynepal.com/en/silver-price-history-nepal,Secondary-only
2025-02-18,2081/11/06,Gold,"Gold Rate Per Tola",169400,145235.64,14523.32,14523320,"Gahana",https://gahanaonline.com/gold-rate-history/,Secondary-only
2025-02-17,2081/11/05,Silver,"Silver Rate Per Tola",1970,1688.96,168.9,168900,"NotifyNepal",https://notifynepal.com/en/silver-price-history-nepal,Secondary-only
2025-02-17,2081/11/05,Gold,"Gold Rate Per Tola",168700,144635.49,14463.31,14463310,"Gahana",https://gahanaonline.com/gold-rate-history/,Secondary-only
2025-02-16,2081/11/04,Silver,"Silver Rate Per Tola",1955,1676.1,167.61,167610,"NotifyNepal",https://notifynepal.com/en/silver-price-history-nepal,Secondary-only
2025-02-16,2081/11/04,Gold,"Gold Rate Per Tola",167500,143606.67,14360.43,14360430,"Gahana",https://gahanaonline.com/gold-rate-history/,Secondary-only
2025-02-14,2081/11/02,Silver,"Silver Rate Per Tola",1970,1688.96,168.9,168900,"NotifyNepal",https://notifynepal.com/en/silver-price-history-nepal,Secondary-only
2025-02-14,2081/11/02,Gold,"Gold Rate Per Tola",170200,145921.52,14591.91,14591910,"Gahana",https://gahanaonline.com/gold-rate-history/,Secondary-only
2025-02-13,2081/11/01,Silver,"Silver Rate Per Tola",1965,1684.67,168.47,168470,"NotifyNepal",https://notifynepal.com/en/silver-price-history-nepal,Secondary-only
2025-02-13,2081/11/01,Gold,"Gold Rate Per Tola",169800,145578.58,14557.61,14557610,"Gahana",https://gahanaonline.com/gold-rate-history/,Secondary-only
2025-02-12,2081/10/30,Silver,"Silver Rate Per Tola",1930,1654.66,165.47,165470,"NotifyNepal",https://notifynepal.com/en/silver-price-history-nepal,Secondary-only
2025-02-12,2081/10/30,Gold,"Gold Rate Per Tola",167500,143606.67,14360.43,14360430,"Gahana",https://gahanaonline.com/gold-rate-history/,Secondary-only
2025-02-11,2081/10/29,Silver,"Silver Rate Per Tola",1945,1667.52,166.75,166750,"NotifyNepal",https://notifynepal.com/en/silver-price-history-nepal,Secondary-only
2025-02-11,2081/10/29,Gold,"Gold Rate Per Tola",170200,145921.52,14591.91,14591910,"Gahana",https://gahanaonline.com/gold-rate-history/,Secondary-only
2025-02-10,2081/10/28,Silver,"Silver Rate Per Tola",1975,1693.24,169.32,169320,"NotifyNepal",https://notifynepal.com/en/silver-price-history-nepal,Secondary-only
2025-02-10,2081/10/28,Gold,"Gold Rate Per Tola",169600,145407.11,14540.47,14540470,"Gahana",https://gahanaonline.com/gold-rate-history/,Secondary-only
2025-02-09,2081/10/27,Silver,"Silver Rate Per Tola",1960,1680.38,168.04,168040,"NotifyNepal",https://notifynepal.com/en/silver-price-history-nepal,Secondary-only
2025-02-09,2081/10/27,Gold,"Gold Rate Per Tola",168200,144206.82,14420.44,14420440,"Gahana",https://gahanaonline.com/gold-rate-history/,Secondary-only
2025-02-07,2081/10/25,Silver,"Silver Rate Per Tola",1985,1701.82,170.18,170180,"NotifyNepal",https://notifynepal.com/en/silver-price-history-nepal,Secondary-only
2025-02-07,2081/10/25,Gold,"Gold Rate Per Tola",168100,144121.08,14411.87,14411870,"Gahana",https://gahanaonline.com/gold-rate-history/,Secondary-only
2025-02-06,2081/10/24,Silver,"Silver Rate Per Tola",1980,1697.53,169.75,169750,"NotifyNepal",https://notifynepal.com/en/silver-price-history-nepal,Secondary-only
2025-02-06,2081/10/24,Gold,"Gold Rate Per Tola",168500,144464.02,14446.16,14446160,"Gahana",https://gahanaonline.com/gold-rate-history/,Secondary-only
2025-02-05,2081/10/23,Silver,"Silver Rate Per Tola",1975,1693.24,169.32,169320,"NotifyNepal",https://notifynepal.com/en/silver-price-history-nepal,Secondary-only
2025-02-05,2081/10/23,Gold,"Gold Rate Per Tola",166900,143092.26,14308.98,14308980,"Gahana",https://gahanaonline.com/gold-rate-history/,Secondary-only
2025-02-04,2081/10/22,Silver,"Silver Rate Per Tola",1930,1654.66,165.47,165470,"NotifyNepal",https://notifynepal.com/en/silver-price-history-nepal,Secondary-only
2025-02-04,2081/10/22,Gold,"Gold Rate Per Tola",164700,141206.08,14120.37,14120370,"Gahana",https://gahanaonline.com/gold-rate-history/,Secondary-only
2025-02-03,2081/10/21,Silver,"Silver Rate Per Tola",1895,1624.66,162.47,162470,"NotifyNepal",https://notifynepal.com/en/silver-price-history-nepal,Secondary-only
2025-02-03,2081/10/21,Gold,"Gold Rate Per Tola",162800,139577.11,13957.48,13957480,"Gahana",https://gahanaonline.com/gold-rate-history/,Secondary-only
2025-02-02,2081/10/20,Silver,"Silver Rate Per Tola",1910,1637.52,163.75,163750,"NotifyNepal",https://notifynepal.com/en/silver-price-history-nepal,Secondary-only
2025-02-02,2081/10/20,Gold,"Gold Rate Per Tola",162800,139577.11,13957.48,13957480,"Gahana",https://gahanaonline.com/gold-rate-history/,Secondary-only
2025-01-31,2081/10/18,Silver,"Silver Rate Per Tola",1915,1641.8,164.18,164180,"NotifyNepal",https://notifynepal.com/en/silver-price-history-nepal,Secondary-only
2025-01-31,2081/10/18,Gold,"Gold Rate Per Tola",162800,139577.11,13957.48,13957480,"Gahana",https://gahanaonline.com/gold-rate-history/,Secondary-only
2025-01-30,2081/10/17,Silver,"Silver Rate Per Tola",1885,1616.08,161.61,161610,"NotifyNepal",https://notifynepal.com/en/silver-price-history-nepal,Secondary-only
2025-01-30,2081/10/17,Gold,"Gold Rate Per Tola",160500,137605.2,13760.29,13760290,"Gahana",https://gahanaonline.com/gold-rate-history/,Secondary-only
2025-01-29,2081/10/16,Silver,"Silver Rate Per Tola",1855,1590.36,159.04,159040,"NotifyNepal",https://notifynepal.com/en/silver-price-history-nepal,Secondary-only
2025-01-29,2081/10/16,Gold,"Gold Rate Per Tola",160600,137690.93,13768.86,13768860,"Gahana",https://gahanaonline.com/gold-rate-history/,Secondary-only
2025-01-28,2081/10/15,Silver,"Silver Rate Per Tola",1835,1573.22,157.32,157320,"NotifyNepal",https://notifynepal.com/en/silver-price-history-nepal,Secondary-only
2025-01-28,2081/10/15,Gold,"Gold Rate Per Tola",159200,136490.64,13648.83,13648830,"Gahana",https://gahanaonline.com/gold-rate-history/,Secondary-only
2025-01-27,2081/10/14,Silver,"Silver Rate Per Tola",1850,1586.08,158.61,158610,"NotifyNepal",https://notifynepal.com/en/silver-price-history-nepal,Secondary-only
2025-01-27,2081/10/14,Gold,"Gold Rate Per Tola",160100,137262.25,13725.99,13725990,"Gahana",https://gahanaonline.com/gold-rate-history/,Secondary-only
2025-01-26,2081/10/13,Silver,"Silver Rate Per Tola",1865,1598.94,159.89,159890,"NotifyNepal",https://notifynepal.com/en/silver-price-history-nepal,Secondary-only
2025-01-26,2081/10/13,Gold,"Gold Rate Per Tola",160400,137519.46,13751.71,13751710,"Gahana",https://gahanaonline.com/gold-rate-history/,Secondary-only
2025-01-24,2081/10/11,Silver,"Silver Rate Per Tola",1880,1611.8,161.18,161180,"NotifyNepal",https://notifynepal.com/en/silver-price-history-nepal,Secondary-only
2025-01-24,2081/10/11,Gold,"Gold Rate Per Tola",160600,137690.93,13768.86,13768860,"Gahana",https://gahanaonline.com/gold-rate-history/,Secondary-only
2025-01-23,2081/10/10,Silver,"Silver Rate Per Tola",1875,1607.51,160.75,160750,"NotifyNepal",https://notifynepal.com/en/silver-price-history-nepal,Secondary-only
2025-01-23,2081/10/10,Gold,"Gold Rate Per Tola",159600,136833.58,13683.13,13683130,"Gahana",https://gahanaonline.com/gold-rate-history/,Secondary-only
2025-01-22,2081/10/09,Silver,"Silver Rate Per Tola",1895,1624.66,162.47,162470,"NotifyNepal",https://notifynepal.com/en/silver-price-history-nepal,Secondary-only
2025-01-22,2081/10/09,Gold,"Gold Rate Per Tola",160000,137176.52,13717.42,13717420,"Gahana",https://gahanaonline.com/gold-rate-history/,Secondary-only
2025-01-21,2081/10/08,Silver,"Silver Rate Per Tola",1875,1607.51,160.75,160750,"NotifyNepal",https://notifynepal.com/en/silver-price-history-nepal,Secondary-only
2025-01-21,2081/10/08,Gold,"Gold Rate Per Tola",158100,135547.55,13554.53,13554530,"Gahana",https://gahanaonline.com/gold-rate-history/,Secondary-only
2025-01-20,2081/10/07,Silver,"Silver Rate Per Tola",1860,1594.65,159.47,159470,"NotifyNepal",https://notifynepal.com/en/silver-price-history-nepal,Secondary-only
2025-01-20,2081/10/07,Gold,"Gold Rate Per Tola",157000,134604.46,13460.22,13460220,"Gahana",https://gahanaonline.com/gold-rate-history/,Secondary-only
2025-01-19,2081/10/06,Silver,"Silver Rate Per Tola",1860,1594.65,159.47,159470,"NotifyNepal",https://notifynepal.com/en/silver-price-history-nepal,Secondary-only
2025-01-19,2081/10/06,Gold,"Gold Rate Per Tola",157100,134690.19,13468.79,13468790,"Gahana",https://gahanaonline.com/gold-rate-history/,Secondary-only
2025-01-17,2081/10/04,Silver,"Silver Rate Per Tola",1890,1620.37,162.04,162040,"NotifyNepal",https://notifynepal.com/en/silver-price-history-nepal,Secondary-only
2025-01-17,2081/10/04,Gold,"Gold Rate Per Tola",157900,135376.08,13537.38,13537380,"Gahana",https://gahanaonline.com/gold-rate-history/,Secondary-only
2025-01-16,2081/10/03,Silver,"Silver Rate Per Tola",1880,1611.8,161.18,161180,"NotifyNepal",https://notifynepal.com/en/silver-price-history-nepal,Secondary-only
2025-01-16,2081/10/03,Gold,"Gold Rate Per Tola",156600,134261.52,13425.93,13425930,"Gahana",https://gahanaonline.com/gold-rate-history/,Secondary-only
2025-01-15,2081/10/02,Silver,"Silver Rate Per Tola",1830,1568.93,156.89,156890,"NotifyNepal",https://notifynepal.com/en/silver-price-history-nepal,Secondary-only
2025-01-15,2081/10/02,Gold,"Gold Rate Per Tola",155400,133232.69,13323.05,13323050,"Gahana",https://gahanaonline.com/gold-rate-history/,Secondary-only
2025-01-14,2081/10/01,Silver,"Silver Rate Per Tola",1820,1560.36,156.04,156040,"NotifyNepal",https://notifynepal.com/en/silver-price-history-nepal,Secondary-only
2025-01-14,2081/10/01,Gold,"Gold Rate Per Tola",155000,132889.75,13288.75,13288750,"Gahana",https://gahanaonline.com/gold-rate-history/,Secondary-only
2025-01-13,2081/09/29,Silver,"Silver Rate Per Tola",1860,1594.65,159.47,159470,"NotifyNepal",https://notifynepal.com/en/silver-price-history-nepal,Secondary-only
2025-01-13,2081/09/29,Gold,"Gold Rate Per Tola",155800,133575.64,13357.34,13357340,"Gahana",https://gahanaonline.com/gold-rate-history/,Secondary-only
2025-01-12,2081/09/28,Silver,"Silver Rate Per Tola",1860,1594.65,159.47,159470,"NotifyNepal",https://notifynepal.com/en/silver-price-history-nepal,Secondary-only
2025-01-12,2081/09/28,Gold,"Gold Rate Per Tola",155700,133489.9,13348.77,13348770,"Gahana",https://gahanaonline.com/gold-rate-history/,Secondary-only
2025-01-10,2081/09/26,Silver,"Silver Rate Per Tola",1845,1581.79,158.18,158180,"NotifyNepal",https://notifynepal.com/en/silver-price-history-nepal,Secondary-only
2025-01-10,2081/09/26,Gold,"Gold Rate Per Tola",154100,132118.13,13211.59,13211590,"Gahana",https://gahanaonline.com/gold-rate-history/,Secondary-only
2025-01-09,2081/09/25,Silver,"Silver Rate Per Tola",1840,1577.5,157.75,157750,"NotifyNepal",https://notifynepal.com/en/silver-price-history-nepal,Secondary-only
2025-01-09,2081/09/25,Gold,"Gold Rate Per Tola",153300,131432.25,13143,13143000,"Gahana",https://gahanaonline.com/gold-rate-history/,Secondary-only
2025-01-08,2081/09/24,Silver,"Silver Rate Per Tola",1830,1568.93,156.89,156890,"NotifyNepal",https://notifynepal.com/en/silver-price-history-nepal,Secondary-only
2025-01-08,2081/09/24,Gold,"Gold Rate Per Tola",152500,130746.37,13074.42,13074420,"Gahana",https://gahanaonline.com/gold-rate-history/,Secondary-only
2025-01-07,2081/09/23,Silver,"Silver Rate Per Tola",1830,1568.93,156.89,156890,"NotifyNepal",https://notifynepal.com/en/silver-price-history-nepal,Secondary-only
2025-01-07,2081/09/23,Gold,"Gold Rate Per Tola",152000,130317.69,13031.55,13031550,"Gahana",https://gahanaonline.com/gold-rate-history/,Secondary-only
2025-01-06,2081/09/22,Silver,"Silver Rate Per Tola",1810,1551.78,155.18,155180,"NotifyNepal",https://notifynepal.com/en/silver-price-history-nepal,Secondary-only
2025-01-06,2081/09/22,Gold,"Gold Rate Per Tola",152000,130317.69,13031.55,13031550,"Gahana",https://gahanaonline.com/gold-rate-history/,Secondary-only
2025-01-05,2081/09/21,Silver,"Silver Rate Per Tola",1810,1551.78,155.18,155180,"NotifyNepal",https://notifynepal.com/en/silver-price-history-nepal,Secondary-only
2025-01-05,2081/09/21,Gold,"Gold Rate Per Tola",152000,130317.69,13031.55,13031550,"Gahana",https://gahanaonline.com/gold-rate-history/,Secondary-only
2025-01-03,2081/09/19,Silver,"Silver Rate Per Tola",1810,1551.78,155.18,155180,"NotifyNepal",https://notifynepal.com/en/silver-price-history-nepal,Secondary-only
2025-01-03,2081/09/19,Gold,"Gold Rate Per Tola",153500,131603.72,13160.15,13160150,"Gahana",https://gahanaonline.com/gold-rate-history/,Secondary-only
2025-01-02,2081/09/18,Silver,"Silver Rate Per Tola",1790,1534.64,153.46,153460,"NotifyNepal",https://notifynepal.com/en/silver-price-history-nepal,Secondary-only
2025-01-02,2081/09/18,Gold,"Gold Rate Per Tola",151500,129889.02,12988.68,12988680,"Gahana",https://gahanaonline.com/gold-rate-history/,Secondary-only
2025-01-01,2081/09/17,Silver,"Silver Rate Per Tola",1765,1513.2,151.32,151320,"NotifyNepal",https://notifynepal.com/en/silver-price-history-nepal,Secondary-only
2025-01-01,2081/09/17,Gold,"Gold Rate Per Tola",151000,129460.34,12945.82,12945820,"Gahana",https://gahanaonline.com/gold-rate-history/,Secondary-only
2024-12-31,2081/09/16,Silver,"Silver Rate Per Tola",1765,1513.2,151.32,151320,"NotifyNepal",https://notifynepal.com/en/silver-price-history-nepal,Secondary-only
2024-12-31,2081/09/16,Gold,"Gold Rate Per Tola",149600,128260.04,12825.79,12825790,"Gahana",https://gahanaonline.com/gold-rate-history/,Secondary-only
2024-12-30,2081/09/15,Silver,"Silver Rate Per Tola",1795,1538.92,153.89,153890,"NotifyNepal",https://notifynepal.com/en/silver-price-history-nepal,Secondary-only
2024-12-30,2081/09/15,Gold,"Gold Rate Per Tola",150200,128774.46,12877.23,12877230,"Gahana",https://gahanaonline.com/gold-rate-history/,Secondary-only
2024-12-29,2081/09/14,Silver,"Silver Rate Per Tola",1790,1534.64,153.46,153460,"NotifyNepal",https://notifynepal.com/en/silver-price-history-nepal,Secondary-only
2024-12-29,2081/09/14,Gold,"Gold Rate Per Tola",150200,128774.46,12877.23,12877230,"Gahana",https://gahanaonline.com/gold-rate-history/,Secondary-only
2024-12-27,2081/09/12,Silver,"Silver Rate Per Tola",1815,1556.07,155.61,155610,"NotifyNepal",https://notifynepal.com/en/silver-price-history-nepal,Secondary-only
2024-12-27,2081/09/12,Gold,"Gold Rate Per Tola",150700,129203.13,12920.1,12920100,"Gahana",https://gahanaonline.com/gold-rate-history/,Secondary-only
2024-12-26,2081/09/11,Silver,"Silver Rate Per Tola",1800,1543.21,154.32,154320,"NotifyNepal",https://notifynepal.com/en/silver-price-history-nepal,Secondary-only
2024-12-26,2081/09/11,Gold,"Gold Rate Per Tola",150300,128860.19,12885.8,12885800,"Gahana",https://gahanaonline.com/gold-rate-history/,Secondary-only
2024-12-25,2081/09/10,Silver,"Silver Rate Per Tola",1800,1543.21,154.32,154320,"NotifyNepal",https://notifynepal.com/en/silver-price-history-nepal,Secondary-only
2024-12-25,2081/09/10,Gold,"Gold Rate Per Tola",149700,128345.78,12834.36,12834360,"Gahana",https://gahanaonline.com/gold-rate-history/,Secondary-only
2024-12-24,2081/09/09,Silver,"Silver Rate Per Tola",1805,1547.5,154.75,154750,"NotifyNepal",https://notifynepal.com/en/silver-price-history-nepal,Secondary-only
2024-12-24,2081/09/09,Gold,"Gold Rate Per Tola",149800,128431.52,12842.94,12842940,"Gahana",https://gahanaonline.com/gold-rate-history/,Secondary-only
2024-12-23,2081/09/08,Silver,"Silver Rate Per Tola",1795,1538.92,153.89,153890,"NotifyNepal",https://notifynepal.com/en/silver-price-history-nepal,Secondary-only
2024-12-23,2081/09/08,Gold,"Gold Rate Per Tola",149800,128431.52,12842.94,12842940,"Gahana",https://gahanaonline.com/gold-rate-history/,Secondary-only
2024-12-22,2081/09/07,Silver,"Silver Rate Per Tola",1790,1534.64,153.46,153460,"NotifyNepal",https://notifynepal.com/en/silver-price-history-nepal,Secondary-only
2024-12-22,2081/09/07,Gold,"Gold Rate Per Tola",149600,128260.04,12825.79,12825790,"Gahana",https://gahanaonline.com/gold-rate-history/,Secondary-only
2024-12-20,2081/09/05,Silver,"Silver Rate Per Tola",1760,1508.92,150.89,150890,"NotifyNepal",https://notifynepal.com/en/silver-price-history-nepal,Secondary-only
2024-12-20,2081/09/05,Gold,"Gold Rate Per Tola",148500,127316.96,12731.48,12731480,"Gahana",https://gahanaonline.com/gold-rate-history/,Secondary-only
2024-12-19,2081/09/04,Silver,"Silver Rate Per Tola",1890,1620.37,162.04,162040,"NotifyNepal",https://notifynepal.com/en/silver-price-history-nepal,Secondary-only
2024-12-19,2081/09/04,Gold,"Gold Rate Per Tola",149000,127745.63,12774.35,12774350,"Gahana",https://gahanaonline.com/gold-rate-history/,Secondary-only
2024-12-18,2081/09/03,Silver,"Silver Rate Per Tola",1835,1573.22,157.32,157320,"NotifyNepal",https://notifynepal.com/en/silver-price-history-nepal,Secondary-only
2024-12-18,2081/09/03,Gold,"Gold Rate Per Tola",150700,129203.13,12920.1,12920100,"Gahana",https://gahanaonline.com/gold-rate-history/,Secondary-only
2024-12-17,2081/09/02,Silver,"Silver Rate Per Tola",1840,1577.5,157.75,157750,"NotifyNepal",https://notifynepal.com/en/silver-price-history-nepal,Secondary-only
2024-12-17,2081/09/02,Gold,"Gold Rate Per Tola",151400,129803.28,12980.11,12980110,"Gahana",https://gahanaonline.com/gold-rate-history/,Secondary-only
2024-12-16,2081/09/01,Silver,"Silver Rate Per Tola",1840,1577.5,157.75,157750,"NotifyNepal",https://notifynepal.com/en/silver-price-history-nepal,Secondary-only
2024-12-16,2081/09/01,Gold,"Gold Rate Per Tola",151200,129631.81,12962.96,12962960,"Gahana",https://gahanaonline.com/gold-rate-history/,Secondary-only
2024-12-15,2081/08/30,Silver,"Silver Rate Per Tola",1840,1577.5,157.75,157750,"NotifyNepal",https://notifynepal.com/en/silver-price-history-nepal,Secondary-only
2024-12-15,2081/08/30,Gold,"Gold Rate Per Tola",150800,129288.87,12928.67,12928670,"Gahana",https://gahanaonline.com/gold-rate-history/,Secondary-only
2024-12-13,2081/08/28,Silver,"Silver Rate Per Tola",1860,1594.65,159.47,159470,"NotifyNepal",https://notifynepal.com/en/silver-price-history-nepal,Secondary-only
2024-12-13,2081/08/28,Gold,"Gold Rate Per Tola",153000,131175.05,13117.28,13117280,"Gahana",https://gahanaonline.com/gold-rate-history/,Secondary-only
2024-12-12,2081/08/27,Silver,"Silver Rate Per Tola",1925,1650.38,165.04,165040,"NotifyNepal",https://notifynepal.com/en/silver-price-history-nepal,Secondary-only
2024-12-12,2081/08/27,Gold,"Gold Rate Per Tola",154200,132203.87,13220.16,13220160,"Gahana",https://gahanaonline.com/gold-rate-history/,Secondary-only
2024-12-11,2081/08/26,Silver,"Silver Rate Per Tola",1925,1650.38,165.04,165040,"NotifyNepal",https://notifynepal.com/en/silver-price-history-nepal,Secondary-only
2024-12-11,2081/08/26,Gold,"Gold Rate Per Tola",154200,132203.87,13220.16,13220160,"Gahana",https://gahanaonline.com/gold-rate-history/,Secondary-only
2024-12-10,2081/08/25,Silver,"Silver Rate Per Tola",1925,1650.38,165.04,165040,"NotifyNepal",https://notifynepal.com/en/silver-price-history-nepal,Secondary-only
2024-12-10,2081/08/25,Gold,"Gold Rate Per Tola",152200,130489.16,13048.7,13048700,"Gahana",https://gahanaonline.com/gold-rate-history/,Secondary-only
2024-12-09,2081/08/24,Silver,"Silver Rate Per Tola",1865,1598.94,159.89,159890,"NotifyNepal",https://notifynepal.com/en/silver-price-history-nepal,Secondary-only
2024-12-09,2081/08/24,Gold,"Gold Rate Per Tola",150100,128688.72,12868.66,12868660,"Gahana",https://gahanaonline.com/gold-rate-history/,Secondary-only
2024-12-08,2081/08/23,Silver,"Silver Rate Per Tola",1865,1598.94,159.89,159890,"NotifyNepal",https://notifynepal.com/en/silver-price-history-nepal,Secondary-only
2024-12-08,2081/08/23,Gold,"Gold Rate Per Tola",149700,128345.78,12834.36,12834360,"Gahana",https://gahanaonline.com/gold-rate-history/,Secondary-only
2024-12-06,2081/08/21,Silver,"Silver Rate Per Tola",1890,1620.37,162.04,162040,"NotifyNepal",https://notifynepal.com/en/silver-price-history-nepal,Secondary-only
2024-12-06,2081/08/21,Gold,"Gold Rate Per Tola",150100,128688.72,12868.66,12868660,"Gahana",https://gahanaonline.com/gold-rate-history/,Secondary-only
2024-12-05,2081/08/20,Silver,"Silver Rate Per Tola",1880,1611.8,161.18,161180,"NotifyNepal",https://notifynepal.com/en/silver-price-history-nepal,Secondary-only
2024-12-05,2081/08/20,Gold,"Gold Rate Per Tola",150700,129203.13,12920.1,12920100,"Gahana",https://gahanaonline.com/gold-rate-history/,Secondary-only
2024-12-04,2081/08/19,Silver,"Silver Rate Per Tola",1865,1598.94,159.89,159890,"NotifyNepal",https://notifynepal.com/en/silver-price-history-nepal,Secondary-only
2024-12-04,2081/08/19,Gold,"Gold Rate Per Tola",150400,128945.93,12894.38,12894380,"Gahana",https://gahanaonline.com/gold-rate-history/,Secondary-only
2024-12-03,2081/08/18,Silver,"Silver Rate Per Tola",1845,1581.79,158.18,158180,"NotifyNepal",https://notifynepal.com/en/silver-price-history-nepal,Secondary-only
2024-12-03,2081/08/18,Gold,"Gold Rate Per Tola",150300,128860.19,12885.8,12885800,"Gahana",https://gahanaonline.com/gold-rate-history/,Secondary-only
2024-12-02,2081/08/17,Silver,"Silver Rate Per Tola",1815,1556.07,155.61,155610,"NotifyNepal",https://notifynepal.com/en/silver-price-history-nepal,Secondary-only
2024-12-02,2081/08/17,Gold,"Gold Rate Per Tola",149300,128002.84,12800.07,12800070,"Gahana",https://gahanaonline.com/gold-rate-history/,Secondary-only
2024-12-01,2081/08/16,Silver,"Silver Rate Per Tola",1840,1577.5,157.75,157750,"NotifyNepal",https://notifynepal.com/en/silver-price-history-nepal,Secondary-only
2024-12-01,2081/08/16,Gold,"Gold Rate Per Tola",150500,129031.66,12902.95,12902950,"Gahana",https://gahanaonline.com/gold-rate-history/,Secondary-only
2024-11-29,2081/08/14,Silver,"Silver Rate Per Tola",1845,1581.79,158.18,158180,"NotifyNepal",https://notifynepal.com/en/silver-price-history-nepal,Secondary-only
2024-11-29,2081/08/14,Gold,"Gold Rate Per Tola",150900,129374.6,12937.24,12937240,"Gahana",https://gahanaonline.com/gold-rate-history/,Secondary-only
2024-11-28,2081/08/13,Silver,"Silver Rate Per Tola",1800,1543.21,154.32,154320,"NotifyNepal",https://notifynepal.com/en/silver-price-history-nepal,Secondary-only
2024-11-28,2081/08/13,Gold,"Gold Rate Per Tola",149300,128002.84,12800.07,12800070,"Gahana",https://gahanaonline.com/gold-rate-history/,Secondary-only
2024-11-27,2081/08/12,Silver,"Silver Rate Per Tola",1830,1568.93,156.89,156890,"NotifyNepal",https://notifynepal.com/en/silver-price-history-nepal,Secondary-only
2024-11-27,2081/08/12,Gold,"Gold Rate Per Tola",149600,128260.04,12825.79,12825790,"Gahana",https://gahanaonline.com/gold-rate-history/,Secondary-only
2024-11-26,2081/08/11,Silver,"Silver Rate Per Tola",1820,1560.36,156.04,156040,"NotifyNepal",https://notifynepal.com/en/silver-price-history-nepal,Secondary-only
2024-11-26,2081/08/11,Gold,"Gold Rate Per Tola",148700,127488.43,12748.63,12748630,"Gahana",https://gahanaonline.com/gold-rate-history/,Secondary-only
2024-11-25,2081/08/10,Silver,"Silver Rate Per Tola",1845,1581.79,158.18,158180,"NotifyNepal",https://notifynepal.com/en/silver-price-history-nepal,Secondary-only
2024-11-25,2081/08/10,Gold,"Gold Rate Per Tola",151300,129717.55,12971.54,12971540,"Gahana",https://gahanaonline.com/gold-rate-history/,Secondary-only
2024-11-24,2081/08/09,Silver,"Silver Rate Per Tola",1960,1680.38,168.04,168040,"NotifyNepal",https://notifynepal.com/en/silver-price-history-nepal,Secondary-only
2024-11-24,2081/08/09,Gold,"Gold Rate Per Tola",167200,143349.46,14334.71,14334710,"Gahana",https://gahanaonline.com/gold-rate-history/,Secondary-only
2024-11-22,2081/08/07,Silver,"Silver Rate Per Tola",1940,1663.24,166.32,166320,"NotifyNepal",https://notifynepal.com/en/silver-price-history-nepal,Secondary-only
2024-11-22,2081/08/07,Gold,"Gold Rate Per Tola",165500,141891.96,14188.96,14188960,"Gahana",https://gahanaonline.com/gold-rate-history/,Secondary-only
2024-11-21,2081/08/06,Silver,"Silver Rate Per Tola",1950,1671.81,167.18,167180,"NotifyNepal",https://notifynepal.com/en/silver-price-history-nepal,Secondary-only
2024-11-21,2081/08/06,Gold,"Gold Rate Per Tola",164000,140605.93,14060.36,14060360,"Gahana",https://gahanaonline.com/gold-rate-history/,Secondary-only
2024-11-20,2081/08/05,Silver,"Silver Rate Per Tola",1950,1671.81,167.18,167180,"NotifyNepal",https://notifynepal.com/en/silver-price-history-nepal,Secondary-only
2024-11-20,2081/08/05,Gold,"Gold Rate Per Tola",163000,139748.58,13974.62,13974620,"Gahana",https://gahanaonline.com/gold-rate-history/,Secondary-only
2024-11-19,2081/08/04,Silver,"Silver Rate Per Tola",1955,1676.1,167.61,167610,"NotifyNepal",https://notifynepal.com/en/silver-price-history-nepal,Secondary-only
2024-11-19,2081/08/04,Gold,"Gold Rate Per Tola",162100,138976.96,13897.46,13897460,"Gahana",https://gahanaonline.com/gold-rate-history/,Secondary-only
2024-11-18,2081/08/03,Silver,"Silver Rate Per Tola",1920,1646.09,164.61,164610,"NotifyNepal",https://notifynepal.com/en/silver-price-history-nepal,Secondary-only
2024-11-18,2081/08/03,Gold,"Gold Rate Per Tola",161000,138033.87,13803.16,13803160,"Gahana",https://gahanaonline.com/gold-rate-history/,Secondary-only
2024-11-17,2081/08/02,Silver,"Silver Rate Per Tola",1905,1633.23,163.32,163320,"NotifyNepal",https://notifynepal.com/en/silver-price-history-nepal,Secondary-only
2024-11-17,2081/08/02,Gold,"Gold Rate Per Tola",160000,137176.52,13717.42,13717420,"Gahana",https://gahanaonline.com/gold-rate-history/,Secondary-only
2024-11-15,2081/07/30,Silver,"Silver Rate Per Tola",1910,1637.52,163.75,163750,"NotifyNepal",https://notifynepal.com/en/silver-price-history-nepal,Secondary-only
2024-11-15,2081/07/30,Gold,"Gold Rate Per Tola",160100,137262.25,13725.99,13725990,"Gahana",https://gahanaonline.com/gold-rate-history/,Secondary-only
2024-11-14,2081/07/29,Silver,"Silver Rate Per Tola",1905,1633.23,163.32,163320,"NotifyNepal",https://notifynepal.com/en/silver-price-history-nepal,Secondary-only
2024-11-14,2081/07/29,Gold,"Gold Rate Per Tola",160000,137176.52,13717.42,13717420,"Gahana",https://gahanaonline.com/gold-rate-history/,Secondary-only
2024-11-13,2081/07/28,Silver,"Silver Rate Per Tola",1940,1663.24,166.32,166320,"NotifyNepal",https://notifynepal.com/en/silver-price-history-nepal,Secondary-only
2024-11-13,2081/07/28,Gold,"Gold Rate Per Tola",162200,139062.7,13906.04,13906040,"Gahana",https://gahanaonline.com/gold-rate-history/,Secondary-only
2024-11-12,2081/07/27,Silver,"Silver Rate Per Tola",1925,1650.38,165.04,165040,"NotifyNepal",https://notifynepal.com/en/silver-price-history-nepal,Secondary-only
2024-11-12,2081/07/27,Gold,"Gold Rate Per Tola",162600,139405.64,13940.33,13940330,"Gahana",https://gahanaonline.com/gold-rate-history/,Secondary-only
2024-11-11,2081/07/26,Silver,"Silver Rate Per Tola",1955,1676.1,167.61,167610,"NotifyNepal",https://notifynepal.com/en/silver-price-history-nepal,Secondary-only
2024-11-11,2081/07/26,Gold,"Gold Rate Per Tola",165000,141463.28,14146.09,14146090,"Gahana",https://gahanaonline.com/gold-rate-history/,Secondary-only
2024-11-10,2081/07/25,Silver,"Silver Rate Per Tola",1960,1680.38,168.04,168040,"NotifyNepal",https://notifynepal.com/en/silver-price-history-nepal,Secondary-only
2024-11-10,2081/07/25,Gold,"Gold Rate Per Tola",166000,142320.64,14231.82,14231820,"Gahana",https://gahanaonline.com/gold-rate-history/,Secondary-only
2024-11-08,2081/07/23,Silver,"Silver Rate Per Tola",1980,1697.53,169.75,169750,"NotifyNepal",https://notifynepal.com/en/silver-price-history-nepal,Secondary-only
2024-11-08,2081/07/23,Gold,"Gold Rate Per Tola",166500,142749.31,14274.69,14274690,"Gahana",https://gahanaonline.com/gold-rate-history/,Secondary-only
2024-11-07,2081/07/22,Silver,"Silver Rate Per Tola",1960,1680.38,168.04,168040,"NotifyNepal",https://notifynepal.com/en/silver-price-history-nepal,Secondary-only
2024-11-07,2081/07/22,Gold,"Gold Rate Per Tola",164500,141034.61,14103.22,14103220,"Gahana",https://gahanaonline.com/gold-rate-history/,Secondary-only
2024-11-06,2081/07/21,Silver,"Silver Rate Per Tola",2015,1727.54,172.75,172750,"NotifyNepal",https://notifynepal.com/en/silver-price-history-nepal,Secondary-only
2024-11-06,2081/07/21,Gold,"Gold Rate Per Tola",168500,144464.02,14446.16,14446160,"Gahana",https://gahanaonline.com/gold-rate-history/,Secondary-only
2024-11-05,2081/07/20,Silver,"Silver Rate Per Tola",2030,1740.4,174.04,174040,"NotifyNepal",https://notifynepal.com/en/silver-price-history-nepal,Secondary-only
2024-11-05,2081/07/20,Gold,"Gold Rate Per Tola",168200,144206.82,14420.44,14420440,"Gahana",https://gahanaonline.com/gold-rate-history/,Secondary-only
2024-10-31,2081/07/15,Silver,"Silver Rate Per Tola",2090,1791.84,179.18,179180,"NotifyNepal",https://notifynepal.com/en/silver-price-history-nepal,Secondary-only
2024-10-31,2081/07/15,Gold,"Gold Rate Per Tola",171000,146607.4,14660.49,14660490,"Gahana",https://gahanaonline.com/gold-rate-history/,Secondary-only
2024-10-30,2081/07/14,Silver,"Silver Rate Per Tola",2120,1817.56,181.76,181760,"NotifyNepal",https://notifynepal.com/en/silver-price-history-nepal,Secondary-only
2024-10-30,2081/07/14,Gold,"Gold Rate Per Tola",170700,146350.2,14634.77,14634770,"Gahana",https://gahanaonline.com/gold-rate-history/,Secondary-only
2024-10-29,2081/07/13,Silver,"Silver Rate Per Tola",2105,1804.7,180.47,180470,"NotifyNepal",https://notifynepal.com/en/silver-price-history-nepal,Secondary-only
2024-10-29,2081/07/13,Gold,"Gold Rate Per Tola",168500,144464.02,14446.16,14446160,"Gahana",https://gahanaonline.com/gold-rate-history/,Secondary-only
2024-10-28,2081/07/12,Silver,"Silver Rate Per Tola",2065,1770.4,177.04,177040,"NotifyNepal",https://notifynepal.com/en/silver-price-history-nepal,Secondary-only
2024-10-28,2081/07/12,Gold,"Gold Rate Per Tola",167000,143177.99,14317.56,14317560,"Gahana",https://gahanaonline.com/gold-rate-history/,Secondary-only
2024-10-27,2081/07/11,Silver,"Silver Rate Per Tola",2085,1787.55,178.76,178760,"NotifyNepal",https://notifynepal.com/en/silver-price-history-nepal,Secondary-only
2024-10-27,2081/07/11,Gold,"Gold Rate Per Tola",167400,143520.93,14351.85,14351850,"Gahana",https://gahanaonline.com/gold-rate-history/,Secondary-only
2024-10-25,2081/07/09,Silver,"Silver Rate Per Tola",2070,1774.69,177.47,177470,"NotifyNepal",https://notifynepal.com/en/silver-price-history-nepal,Secondary-only
2024-10-25,2081/07/09,Gold,"Gold Rate Per Tola",166000,142320.64,14231.82,14231820,"Gahana",https://gahanaonline.com/gold-rate-history/,Secondary-only
2024-10-24,2081/07/08,Silver,"Silver Rate Per Tola",2095,1796.12,179.61,179610,"NotifyNepal",https://notifynepal.com/en/silver-price-history-nepal,Secondary-only
2024-10-24,2081/07/08,Gold,"Gold Rate Per Tola",166000,142320.64,14231.82,14231820,"Gahana",https://gahanaonline.com/gold-rate-history/,Secondary-only
2024-10-23,2081/07/07,Silver,"Silver Rate Per Tola",2135,1830.42,183.04,183040,"NotifyNepal",https://notifynepal.com/en/silver-price-history-nepal,Secondary-only
2024-10-23,2081/07/07,Gold,"Gold Rate Per Tola",166700,142920.79,14291.84,14291840,"Gahana",https://gahanaonline.com/gold-rate-history/,Secondary-only
2024-10-22,2081/07/06,Silver,"Silver Rate Per Tola",2100,1800.41,180.04,180040,"NotifyNepal",https://notifynepal.com/en/silver-price-history-nepal,Secondary-only
2024-10-22,2081/07/06,Gold,"Gold Rate Per Tola",165900,142234.9,14223.25,14223250,"Gahana",https://gahanaonline.com/gold-rate-history/,Secondary-only
2024-10-21,2081/07/05,Silver,"Silver Rate Per Tola",2095,1796.12,179.61,179610,"NotifyNepal",https://notifynepal.com/en/silver-price-history-nepal,Secondary-only
2024-10-21,2081/07/05,Gold,"Gold Rate Per Tola",165600,141977.7,14197.53,14197530,"Gahana",https://gahanaonline.com/gold-rate-history/,Secondary-only
2024-10-20,2081/07/04,Silver,"Silver Rate Per Tola",2075,1778.98,177.9,177900,"NotifyNepal",https://notifynepal.com/en/silver-price-history-nepal,Secondary-only
2024-10-20,2081/07/04,Gold,"Gold Rate Per Tola",165000,141463.28,14146.09,14146090,"Gahana",https://gahanaonline.com/gold-rate-history/,Secondary-only
2024-10-18,2081/07/02,Silver,"Silver Rate Per Tola",1980,1697.53,169.75,169750,"NotifyNepal",https://notifynepal.com/en/silver-price-history-nepal,Secondary-only
2024-10-18,2081/07/02,Gold,"Gold Rate Per Tola",164400,140948.87,14094.65,14094650,"Gahana",https://gahanaonline.com/gold-rate-history/,Secondary-only
2024-10-17,2081/07/01,Silver,"Silver Rate Per Tola",1950,1671.81,167.18,167180,"NotifyNepal",https://notifynepal.com/en/silver-price-history-nepal,Secondary-only
2024-10-17,2081/07/01,Gold,"Gold Rate Per Tola",162400,139234.17,13923.18,13923180,"Gahana",https://gahanaonline.com/gold-rate-history/,Secondary-only
2024-10-16,2081/06/30,Silver,"Silver Rate Per Tola",1950,1671.81,167.18,167180,"NotifyNepal",https://notifynepal.com/en/silver-price-history-nepal,Secondary-only
2024-10-16,2081/06/30,Gold,"Gold Rate Per Tola",161800,138719.75,13871.74,13871740,"Gahana",https://gahanaonline.com/gold-rate-history/,Secondary-only
2024-10-15,,Silver,"Silver Rate Per Tola",1925,1650.38,165.04,165040,"NotifyNepal",https://notifynepal.com/en/silver-price-history-nepal,Secondary-only
2024-10-09,2081/06/23,Silver,"Silver Rate Per Tola",1900,1628.94,162.89,162890,"NotifyNepal",https://notifynepal.com/en/silver-price-history-nepal,Secondary-only
2024-10-09,2081/06/23,Gold,"Gold Rate Per Tola",159100,136404.9,13640.26,13640260,"Gahana",https://gahanaonline.com/gold-rate-history/,Secondary-only
2024-10-08,2081/06/22,Silver,"Silver Rate Per Tola",1940,1663.24,166.32,166320,"NotifyNepal",https://notifynepal.com/en/silver-price-history-nepal,Secondary-only
2024-10-08,2081/06/22,Gold,"Gold Rate Per Tola",160100,137262.25,13725.99,13725990,"Gahana",https://gahanaonline.com/gold-rate-history/,Secondary-only
2024-10-07,2081/06/21,Silver,"Silver Rate Per Tola",1980,1697.53,169.75,169750,"NotifyNepal",https://notifynepal.com/en/silver-price-history-nepal,Secondary-only
2024-10-07,2081/06/21,Gold,"Gold Rate Per Tola",160500,137605.2,13760.29,13760290,"Gahana",https://gahanaonline.com/gold-rate-history/,Secondary-only
2024-10-06,2081/06/20,Silver,"Silver Rate Per Tola",1985,1701.82,170.18,170180,"NotifyNepal",https://notifynepal.com/en/silver-price-history-nepal,Secondary-only
2024-10-06,2081/06/20,Gold,"Gold Rate Per Tola",161000,138033.87,13803.16,13803160,"Gahana",https://gahanaonline.com/gold-rate-history/,Secondary-only
2024-10-04,2081/06/18,Gold,"Gold Rate Per Tola",161300,138291.08,13828.88,13828880,"Gahana",https://gahanaonline.com/gold-rate-history/,Secondary-only
2024-10-03,2081/06/17,Silver,"Silver Rate Per Tola",1950,1671.81,167.18,167180,"NotifyNepal",https://notifynepal.com/en/silver-price-history-nepal,Secondary-only
2024-10-03,2081/06/17,Gold,"Gold Rate Per Tola",160900,137948.14,13794.58,13794580,"Gahana",https://gahanaonline.com/gold-rate-history/,Secondary-only
2024-10-02,2081/06/16,Silver,"Silver Rate Per Tola",1935,1658.95,165.9,165900,"NotifyNepal",https://notifynepal.com/en/silver-price-history-nepal,Secondary-only
2024-10-02,2081/06/16,Gold,"Gold Rate Per Tola",160800,137862.4,13786.01,13786010,"Gahana",https://gahanaonline.com/gold-rate-history/,Secondary-only
2024-10-01,2081/06/15,Silver,"Silver Rate Per Tola",1925,1650.38,165.04,165040,"NotifyNepal",https://notifynepal.com/en/silver-price-history-nepal,Secondary-only
2024-10-01,2081/06/15,Gold,"Gold Rate Per Tola",160000,137176.52,13717.42,13717420,"Gahana",https://gahanaonline.com/gold-rate-history/,Secondary-only
2024-09-30,2081/06/14,Silver,"Silver Rate Per Tola",1940,1663.24,166.32,166320,"NotifyNepal",https://notifynepal.com/en/silver-price-history-nepal,Secondary-only
2024-09-30,2081/06/14,Gold,"Gold Rate Per Tola",160500,137605.2,13760.29,13760290,"Gahana",https://gahanaonline.com/gold-rate-history/,Secondary-only
2024-09-29,2081/06/13,Gold,"Gold Rate Per Tola",160600,137690.93,13768.86,13768860,"Gahana",https://gahanaonline.com/gold-rate-history/,Secondary-only
2024-09-27,2081/06/11,Silver,"Silver Rate Per Tola",1955,1676.1,167.61,167610,"NotifyNepal",https://notifynepal.com/en/silver-price-history-nepal,Secondary-only
2024-09-27,2081/06/11,Gold,"Gold Rate Per Tola",161200,138205.34,13820.3,13820300,"Gahana",https://gahanaonline.com/gold-rate-history/,Secondary-only
2024-09-26,2081/06/10,Silver,"Silver Rate Per Tola",1955,1676.1,167.61,167610,"NotifyNepal",https://notifynepal.com/en/silver-price-history-nepal,Secondary-only
2024-09-26,2081/06/10,Gold,"Gold Rate Per Tola",160700,137776.67,13777.43,13777430,"Gahana",https://gahanaonline.com/gold-rate-history/,Secondary-only
2024-09-25,2081/06/9,Silver,"Silver Rate Per Tola",1955,1676.1,167.61,167610,"NotifyNepal",https://notifynepal.com/en/silver-price-history-nepal,Secondary-only
2024-09-25,2081/06/9,Gold,"Gold Rate Per Tola",160400,137519.46,13751.71,13751710,"Gahana",https://gahanaonline.com/gold-rate-history/,Secondary-only
2024-09-24,2081/06/8,Silver,"Silver Rate Per Tola",1915,1641.8,164.18,164180,"NotifyNepal",https://notifynepal.com/en/silver-price-history-nepal,Secondary-only
2024-09-24,2081/06/8,Gold,"Gold Rate Per Tola",159700,136919.31,13691.7,13691700,"Gahana",https://gahanaonline.com/gold-rate-history/,Secondary-only
2024-09-23,2081/06/7,Silver,"Silver Rate Per Tola",1920,1646.09,164.61,164610,"NotifyNepal",https://notifynepal.com/en/silver-price-history-nepal,Secondary-only
2024-09-23,2081/06/7,Gold,"Gold Rate Per Tola",159200,136490.64,13648.83,13648830,"Gahana",https://gahanaonline.com/gold-rate-history/,Secondary-only
2024-09-22,2081/06/6,Silver,"Silver Rate Per Tola",1920,1646.09,164.61,164610,"NotifyNepal",https://notifynepal.com/en/silver-price-history-nepal,Secondary-only
2024-09-22,2081/06/6,Gold,"Gold Rate Per Tola",158800,136147.69,13614.54,13614540,"Gahana",https://gahanaonline.com/gold-rate-history/,Secondary-only
2024-09-20,2081/06/4,Silver,"Silver Rate Per Tola",1915,1641.8,164.18,164180,"NotifyNepal",https://notifynepal.com/en/silver-price-history-nepal,Secondary-only
2024-09-20,2081/06/4,Gold,"Gold Rate Per Tola",157100,134690.19,13468.79,13468790,"Gahana",https://gahanaonline.com/gold-rate-history/,Secondary-only
2024-09-19,2081/06/3,Silver,"Silver Rate Per Tola",1880,1611.8,161.18,161180,"NotifyNepal",https://notifynepal.com/en/silver-price-history-nepal,Secondary-only
2024-09-19,2081/06/3,Gold,"Gold Rate Per Tola",155600,133404.16,13340.19,13340190,"Gahana",https://gahanaonline.com/gold-rate-history/,Secondary-only
2024-09-18,2081/06/2,Silver,"Silver Rate Per Tola",1890,1620.37,162.04,162040,"NotifyNepal",https://notifynepal.com/en/silver-price-history-nepal,Secondary-only
2024-09-18,2081/06/2,Gold,"Gold Rate Per Tola",156400,134090.05,13408.78,13408780,"Gahana",https://gahanaonline.com/gold-rate-history/,Secondary-only
2024-09-17,2081/06/1,Gold,"Gold Rate Per Tola",156700,134347.25,13434.5,13434500,"Gahana",https://gahanaonline.com/gold-rate-history/,Secondary-only
2024-09-16,2081/05/31,Silver,"Silver Rate Per Tola",1915,1641.8,164.18,164180,"NotifyNepal",https://notifynepal.com/en/silver-price-history-nepal,Secondary-only
2024-09-16,2081/05/31,Gold,"Gold Rate Per Tola",157300,134861.66,13485.94,13485940,"Gahana",https://gahanaonline.com/gold-rate-history/,Secondary-only
2024-09-15,2081/05/30,Silver,"Silver Rate Per Tola",1900,1628.94,162.89,162890,"NotifyNepal",https://notifynepal.com/en/silver-price-history-nepal,Secondary-only
2024-09-15,2081/05/30,Gold,"Gold Rate Per Tola",156800,134432.99,13443.07,13443070,"Gahana",https://gahanaonline.com/gold-rate-history/,Secondary-only
2024-09-13,2081/05/28,Silver,"Silver Rate Per Tola",1860,1594.65,159.47,159470,"NotifyNepal",https://notifynepal.com/en/silver-price-history-nepal,Secondary-only
2024-09-13,2081/05/28,Gold,"Gold Rate Per Tola",156300,134004.31,13400.21,13400210,"Gahana",https://gahanaonline.com/gold-rate-history/,Secondary-only
2024-09-12,2081/05/27,Silver,"Silver Rate Per Tola",1795,1538.92,153.89,153890,"NotifyNepal",https://notifynepal.com/en/silver-price-history-nepal,Secondary-only
2024-09-12,2081/05/27,Gold,"Gold Rate Per Tola",153300,131432.25,13143,13143000,"Gahana",https://gahanaonline.com/gold-rate-history/,Secondary-only
2024-09-11,2081/05/26,Silver,"Silver Rate Per Tola",1780,1526.06,152.61,152610,"NotifyNepal",https://notifynepal.com/en/silver-price-history-nepal,Secondary-only
2024-09-11,2081/05/26,Gold,"Gold Rate Per Tola",153400,131517.99,13151.58,13151580,"Gahana",https://gahanaonline.com/gold-rate-history/,Secondary-only
2024-09-10,2081/05/25,Silver,"Silver Rate Per Tola",1765,1513.2,151.32,151320,"NotifyNepal",https://notifynepal.com/en/silver-price-history-nepal,Secondary-only
2024-09-10,2081/05/25,Gold,"Gold Rate Per Tola",152400,130660.63,13065.84,13065840,"Gahana",https://gahanaonline.com/gold-rate-history/,Secondary-only
2024-09-09,2081/05/24,Silver,"Silver Rate Per Tola",1755,1504.63,150.46,150460,"NotifyNepal",https://notifynepal.com/en/silver-price-history-nepal,Secondary-only
2024-09-09,2081/05/24,Gold,"Gold Rate Per Tola",152200,130489.16,13048.7,13048700,"Gahana",https://gahanaonline.com/gold-rate-history/,Secondary-only
2024-09-08,2081/05/23,Silver,"Silver Rate Per Tola",1750,1500.34,150.03,150030,"NotifyNepal",https://notifynepal.com/en/silver-price-history-nepal,Secondary-only
2024-09-08,2081/05/23,Gold,"Gold Rate Per Tola",152100,130403.43,13040.12,13040120,"Gahana",https://gahanaonline.com/gold-rate-history/,Secondary-only
2024-09-06,2081/05/21,Silver,"Silver Rate Per Tola",1795,1538.92,153.89,153890,"NotifyNepal",https://notifynepal.com/en/silver-price-history-nepal,Secondary-only
2024-09-06,2081/05/21,Gold,"Gold Rate Per Tola",153300,131432.25,13143,13143000,"Gahana",https://gahanaonline.com/gold-rate-history/,Secondary-only
2024-09-05,2081/05/20,Silver,"Silver Rate Per Tola",1765,1513.2,151.32,151320,"NotifyNepal",https://notifynepal.com/en/silver-price-history-nepal,Secondary-only
2024-09-05,2081/05/20,Gold,"Gold Rate Per Tola",152000,130317.69,13031.55,13031550,"Gahana",https://gahanaonline.com/gold-rate-history/,Secondary-only
2024-09-04,2081/05/19,Silver,"Silver Rate Per Tola",1755,1504.63,150.46,150460,"NotifyNepal",https://notifynepal.com/en/silver-price-history-nepal,Secondary-only
2024-09-04,2081/05/19,Gold,"Gold Rate Per Tola",152000,130317.69,13031.55,13031550,"Gahana",https://gahanaonline.com/gold-rate-history/,Secondary-only
2024-09-03,2081/05/18,Silver,"Silver Rate Per Tola",1775,1521.78,152.18,152180,"NotifyNepal",https://notifynepal.com/en/silver-price-history-nepal,Secondary-only
2024-09-03,2081/05/18,Gold,"Gold Rate Per Tola",152000,130317.69,13031.55,13031550,"Gahana",https://gahanaonline.com/gold-rate-history/,Secondary-only
2024-09-02,2081/05/17,Silver,"Silver Rate Per Tola",1775,1521.78,152.18,152180,"NotifyNepal",https://notifynepal.com/en/silver-price-history-nepal,Secondary-only
2024-09-02,2081/05/17,Gold,"Gold Rate Per Tola",152000,130317.69,13031.55,13031550,"Gahana",https://gahanaonline.com/gold-rate-history/,Secondary-only
2024-09-01,2081/05/16,Silver,"Silver Rate Per Tola",1795,1538.92,153.89,153890,"NotifyNepal",https://notifynepal.com/en/silver-price-history-nepal,Secondary-only
2024-09-01,2081/05/16,Gold,"Gold Rate Per Tola",152300,130574.9,13057.27,13057270,"Gahana",https://gahanaonline.com/gold-rate-history/,Secondary-only
2024-08-30,2081/05/14,Silver,"Silver Rate Per Tola",1820,1560.36,156.04,156040,"NotifyNepal",https://notifynepal.com/en/silver-price-history-nepal,Secondary-only
2024-08-30,2081/05/14,Gold,"Gold Rate Per Tola",152900,131089.31,13108.71,13108710,"Gahana",https://gahanaonline.com/gold-rate-history/,Secondary-only
2024-08-29,2081/05/13,Silver,"Silver Rate Per Tola",1830,1568.93,156.89,156890,"NotifyNepal",https://notifynepal.com/en/silver-price-history-nepal,Secondary-only
2024-08-29,2081/05/13,Gold,"Gold Rate Per Tola",153200,131346.52,13134.43,13134430,"Gahana",https://gahanaonline.com/gold-rate-history/,Secondary-only
2024-08-28,2081/05/12,Silver,"Silver Rate Per Tola",1855,1590.36,159.04,159040,"NotifyNepal",https://notifynepal.com/en/silver-price-history-nepal,Secondary-only
2024-08-28,2081/05/12,Gold,"Gold Rate Per Tola",153100,131260.78,13125.86,13125860,"Gahana",https://gahanaonline.com/gold-rate-history/,Secondary-only
2024-08-27,2081/05/11,Silver,"Silver Rate Per Tola",1850,1586.08,158.61,158610,"NotifyNepal",https://notifynepal.com/en/silver-price-history-nepal,Secondary-only
2024-08-27,2081/05/11,Gold,"Gold Rate Per Tola",152300,130574.9,13057.27,13057270,"Gahana",https://gahanaonline.com/gold-rate-history/,Secondary-only
2024-08-26,2081/05/10,Silver,"Silver Rate Per Tola",1840,1577.5,157.75,157750,"NotifyNepal",https://notifynepal.com/en/silver-price-history-nepal,Secondary-only
2024-08-26,2081/05/10,Gold,"Gold Rate Per Tola",152300,130574.9,13057.27,13057270,"Gahana",https://gahanaonline.com/gold-rate-history/,Secondary-only
2024-08-25,2081/05/09,Silver,"Silver Rate Per Tola",1850,1586.08,158.61,158610,"NotifyNepal",https://notifynepal.com/en/silver-price-history-nepal,Secondary-only
2024-08-25,2081/05/09,Gold,"Gold Rate Per Tola",152400,130660.63,13065.84,13065840,"Gahana",https://gahanaonline.com/gold-rate-history/,Secondary-only
2024-08-23,2081/05/07,Silver,"Silver Rate Per Tola",1815,1556.07,155.61,155610,"NotifyNepal",https://notifynepal.com/en/silver-price-history-nepal,Secondary-only
2024-08-23,2081/05/07,Gold,"Gold Rate Per Tola",151400,129803.28,12980.11,12980110,"Gahana",https://gahanaonline.com/gold-rate-history/,Secondary-only
2024-08-22,2081/05/06,Silver,"Silver Rate Per Tola",1830,1568.93,156.89,156890,"NotifyNepal",https://notifynepal.com/en/silver-price-history-nepal,Secondary-only
2024-08-22,2081/05/06,Gold,"Gold Rate Per Tola",151900,130231.96,13022.98,13022980,"Gahana",https://gahanaonline.com/gold-rate-history/,Secondary-only
2024-08-21,2081/05/05,Silver,"Silver Rate Per Tola",1835,1573.22,157.32,157320,"NotifyNepal",https://notifynepal.com/en/silver-price-history-nepal,Secondary-only
2024-08-21,2081/05/05,Gold,"Gold Rate Per Tola",153000,131175.05,13117.28,13117280,"Gahana",https://gahanaonline.com/gold-rate-history/,Secondary-only
2024-08-20,2081/05/04,Silver,"Silver Rate Per Tola",1820,1560.36,156.04,156040,"NotifyNepal",https://notifynepal.com/en/silver-price-history-nepal,Secondary-only
2024-08-20,2081/05/04,Gold,"Gold Rate Per Tola",152200,130489.16,13048.7,13048700,"Gahana",https://gahanaonline.com/gold-rate-history/,Secondary-only
2024-08-19,2081/05/03,Silver,"Silver Rate Per Tola",1810,1551.78,155.18,155180,"NotifyNepal",https://notifynepal.com/en/silver-price-history-nepal,Secondary-only
2024-08-19,2081/05/03,Gold,"Gold Rate Per Tola",152300,130574.9,13057.27,13057270,"Gahana",https://gahanaonline.com/gold-rate-history/,Secondary-only
2024-08-18,2081/05/02,Silver,"Silver Rate Per Tola",1810,1551.78,155.18,155180,"NotifyNepal",https://notifynepal.com/en/silver-price-history-nepal,Secondary-only
2024-08-18,2081/05/02,Gold,"Gold Rate Per Tola",152600,130832.1,13082.99,13082990,"Gahana",https://gahanaonline.com/gold-rate-history/,Secondary-only
2024-08-16,2081/04/32,Silver,"Silver Rate Per Tola",1760,1508.92,150.89,150890,"NotifyNepal",https://notifynepal.com/en/silver-price-history-nepal,Secondary-only
2024-08-16,2081/04/32,Gold,"Gold Rate Per Tola",149600,128260.04,12825.79,12825790,"Gahana",https://gahanaonline.com/gold-rate-history/,Secondary-only
2024-08-15,,Silver,"Silver Rate Per Tola",1740,1491.77,149.18,149180,"NotifyNepal",https://notifynepal.com/en/silver-price-history-nepal,Secondary-only
2024-08-14,2081/04/30,Silver,"Silver Rate Per Tola",1735,1487.48,148.75,148750,"NotifyNepal",https://notifynepal.com/en/silver-price-history-nepal,Secondary-only
2024-08-14,2081/04/30,Gold,"Gold Rate Per Tola",150500,129031.66,12902.95,12902950,"Gahana",https://gahanaonline.com/gold-rate-history/,Secondary-only
2024-08-13,2081/04/29,Silver,"Silver Rate Per Tola",1740,1491.77,149.18,149180,"NotifyNepal",https://notifynepal.com/en/silver-price-history-nepal,Secondary-only
2024-08-13,2081/04/29,Gold,"Gold Rate Per Tola",150800,129288.87,12928.67,12928670,"Gahana",https://gahanaonline.com/gold-rate-history/,Secondary-only
2024-08-12,2081/04/28,Silver,"Silver Rate Per Tola",1715,1470.34,147.03,147030,"NotifyNepal",https://notifynepal.com/en/silver-price-history-nepal,Secondary-only
2024-08-12,2081/04/28,Gold,"Gold Rate Per Tola",148700,127488.43,12748.63,12748630,"Gahana",https://gahanaonline.com/gold-rate-history/,Secondary-only
2024-08-11,2081/04/27,Silver,"Silver Rate Per Tola",1720,1474.62,147.46,147460,"NotifyNepal",https://notifynepal.com/en/silver-price-history-nepal,Secondary-only
2024-08-11,2081/04/27,Gold,"Gold Rate Per Tola",148800,127574.16,12757.2,12757200,"Gahana",https://gahanaonline.com/gold-rate-history/,Secondary-only
2024-08-09,2081/04/25,Silver,"Silver Rate Per Tola",1730,1483.2,148.32,148320,"NotifyNepal",https://notifynepal.com/en/silver-price-history-nepal,Secondary-only
2024-08-09,2081/04/25,Gold,"Gold Rate Per Tola",148100,126974.02,12697.19,12697190,"Gahana",https://gahanaonline.com/gold-rate-history/,Secondary-only
2024-08-08,2081/04/24,Silver,"Silver Rate Per Tola",1690,1448.9,144.89,144890,"NotifyNepal",https://notifynepal.com/en/silver-price-history-nepal,Secondary-only
2024-08-08,2081/04/24,Gold,"Gold Rate Per Tola",146600,125687.99,12568.59,12568590,"Gahana",https://gahanaonline.com/gold-rate-history/,Secondary-only
2024-08-07,2081/04/23,Silver,"Silver Rate Per Tola",1710,1466.05,146.6,146600,"NotifyNepal",https://notifynepal.com/en/silver-price-history-nepal,Secondary-only
2024-08-07,2081/04/23,Gold,"Gold Rate Per Tola",146300,125430.78,12542.87,12542870,"Gahana",https://gahanaonline.com/gold-rate-history/,Secondary-only
2024-08-06,2081/04/22,Silver,"Silver Rate Per Tola",1725,1478.91,147.89,147890,"NotifyNepal",https://notifynepal.com/en/silver-price-history-nepal,Secondary-only
2024-08-06,2081/04/22,Gold,"Gold Rate Per Tola",147700,126631.07,12662.89,12662890,"Gahana",https://gahanaonline.com/gold-rate-history/,Secondary-only
2024-08-05,,Silver,"Silver Rate Per Tola",1785,1530.35,153.03,153030,"NotifyNepal",https://notifynepal.com/en/silver-price-history-nepal,Secondary-only
2024-08-04,2081/04/20,Silver,"Silver Rate Per Tola",1785,1530.35,153.03,153030,"NotifyNepal",https://notifynepal.com/en/silver-price-history-nepal,Secondary-only
2024-08-04,2081/04/20,Gold,"Gold Rate Per Tola",149700,128345.78,12834.36,12834360,"Gahana",https://gahanaonline.com/gold-rate-history/,Secondary-only
2024-08-02,2081/04/18,Silver,"Silver Rate Per Tola",1795,1538.92,153.89,153890,"NotifyNepal",https://notifynepal.com/en/silver-price-history-nepal,Secondary-only
2024-08-02,2081/04/18,Gold,"Gold Rate Per Tola",149900,128517.25,12851.51,12851510,"Gahana",https://gahanaonline.com/gold-rate-history/,Secondary-only
2024-08-01,2081/04/17,Silver,"Silver Rate Per Tola",1800,1543.21,154.32,154320,"NotifyNepal",https://notifynepal.com/en/silver-price-history-nepal,Secondary-only
2024-08-01,2081/04/17,Gold,"Gold Rate Per Tola",149400,128088.57,12808.64,12808640,"Gahana",https://gahanaonline.com/gold-rate-history/,Secondary-only
2024-07-31,2081/04/16,Silver,"Silver Rate Per Tola",1780,1526.06,152.61,152610,"NotifyNepal",https://notifynepal.com/en/silver-price-history-nepal,Secondary-only
2024-07-31,2081/04/16,Gold,"Gold Rate Per Tola",147800,126716.81,12671.47,12671470,"Gahana",https://gahanaonline.com/gold-rate-history/,Secondary-only
2024-07-30,2081/04/15,Silver,"Silver Rate Per Tola",1740,1491.77,149.18,149180,"NotifyNepal",https://notifynepal.com/en/silver-price-history-nepal,Secondary-only
2024-07-30,2081/04/15,Gold,"Gold Rate Per Tola",146000,125173.57,12517.15,12517150,"Gahana",https://gahanaonline.com/gold-rate-history/,Secondary-only
2024-07-29,2081/04/14,Silver,"Silver Rate Per Tola",1750,1500.34,150.03,150030,"NotifyNepal",https://notifynepal.com/en/silver-price-history-nepal,Secondary-only
2024-07-29,2081/04/14,Gold,"Gold Rate Per Tola",146100,125259.31,12525.72,12525720,"Gahana",https://gahanaonline.com/gold-rate-history/,Secondary-only
2024-07-28,,Silver,"Silver Rate Per Tola",1740,1491.77,149.18,149180,"NotifyNepal",https://notifynepal.com/en/silver-price-history-nepal,Secondary-only
2024-07-27,,Silver,"Silver Rate Per Tola",1730,1483.2,148.32,148320,"NotifyNepal",https://notifynepal.com/en/silver-price-history-nepal,Secondary-only
2024-07-26,2081/04/11,Silver,"Silver Rate Per Tola",1730,1483.2,148.32,148320,"NotifyNepal",https://notifynepal.com/en/silver-price-history-nepal,Secondary-only
2024-07-26,2081/04/11,Gold,"Gold Rate Per Tola",144700,124059.01,12405.69,12405690,"Gahana",https://gahanaonline.com/gold-rate-history/,Secondary-only
2024-07-25,2081/04/10,Silver,"Silver Rate Per Tola",1750,1500.34,150.03,150030,"NotifyNepal",https://notifynepal.com/en/silver-price-history-nepal,Secondary-only
2024-07-25,2081/04/10,Gold,"Gold Rate Per Tola",145000,124316.22,12431.41,12431410,"Gahana",https://gahanaonline.com/gold-rate-history/,Secondary-only
2024-07-24,2081/04/09,Silver,"Silver Rate Per Tola",1805,1547.5,154.75,154750,"NotifyNepal",https://notifynepal.com/en/silver-price-history-nepal,Secondary-only
2024-07-24,2081/04/09,Gold,"Gold Rate Per Tola",147400,126373.87,12637.17,12637170,"Gahana",https://gahanaonline.com/gold-rate-history/,Secondary-only
2024-07-23,,Silver,"Silver Rate Per Tola",1790,1534.64,153.46,153460,"NotifyNepal",https://notifynepal.com/en/silver-price-history-nepal,Secondary-only
2024-07-22,2081/04/07,Silver,"Silver Rate Per Tola",1790,1534.64,153.46,153460,"NotifyNepal",https://notifynepal.com/en/silver-price-history-nepal,Secondary-only
2024-07-22,2081/04/07,Gold,"Gold Rate Per Tola",146300,125430.78,12542.87,12542870,"Gahana",https://gahanaonline.com/gold-rate-history/,Secondary-only
2024-07-21,2081/04/06,Silver,"Silver Rate Per Tola",1810,1551.78,155.18,155180,"NotifyNepal",https://notifynepal.com/en/silver-price-history-nepal,Secondary-only
2024-07-21,2081/04/06,Gold,"Gold Rate Per Tola",146500,125602.25,12560.01,12560010,"Gahana",https://gahanaonline.com/gold-rate-history/,Secondary-only
2024-07-19,2081/04/04,Silver,"Silver Rate Per Tola",1830,1568.93,156.89,156890,"NotifyNepal",https://notifynepal.com/en/silver-price-history-nepal,Secondary-only
2024-07-19,2081/04/04,Gold,"Gold Rate Per Tola",147500,126459.6,12645.75,12645750,"Gahana",https://gahanaonline.com/gold-rate-history/,Secondary-only
2024-07-18,2081/04/03,Silver,"Silver Rate Per Tola",1860,1594.65,159.47,159470,"NotifyNepal",https://notifynepal.com/en/silver-price-history-nepal,Secondary-only
2024-07-18,2081/04/03,Gold,"Gold Rate Per Tola",149500,128174.31,12817.22,12817220,"Gahana",https://gahanaonline.com/gold-rate-history/,Secondary-only
2024-07-17,2081/04/02,Silver,"Silver Rate Per Tola",1895,1624.66,162.47,162470,"NotifyNepal",https://notifynepal.com/en/silver-price-history-nepal,Secondary-only
2024-07-17,2081/04/02,Gold,"Gold Rate Per Tola",149800,128431.52,12842.94,12842940,"Gahana",https://gahanaonline.com/gold-rate-history/,Secondary-only
2024-07-16,2081/04/01,Silver,"Silver Rate Per Tola",1875,1607.51,160.75,160750,"NotifyNepal",https://notifynepal.com/en/silver-price-history-nepal,Secondary-only
2024-07-16,2081/04/01,Gold,"Gold Rate Per Tola",147800,126716.81,12671.47,12671470,"Gahana",https://gahanaonline.com/gold-rate-history/,Secondary-only
2024-07-15,2081/03/31,Silver,"Silver Rate Per Tola",1885,1616.08,161.61,161610,"NotifyNepal",https://notifynepal.com/en/silver-price-history-nepal,Secondary-only
2024-07-15,2081/03/31,Gold,"Gold Rate Per Tola",146900,125945.19,12594.31,12594310,"Gahana",https://gahanaonline.com/gold-rate-history/,Secondary-only
2024-07-14,2081/03/30,Silver,"Silver Rate Per Tola",1875,1607.51,160.75,160750,"NotifyNepal",https://notifynepal.com/en/silver-price-history-nepal,Secondary-only
2024-07-14,2081/03/30,Gold,"Gold Rate Per Tola",146700,125773.72,12577.16,12577160,"Gahana",https://gahanaonline.com/gold-rate-history/,Secondary-only
2024-07-12,2081/03/28,Silver,"Silver Rate Per Tola",1900,1628.94,162.89,162890,"NotifyNepal",https://notifynepal.com/en/silver-price-history-nepal,Secondary-only
2024-07-12,2081/03/28,Gold,"Gold Rate Per Tola",146700,125773.72,12577.16,12577160,"Gahana",https://gahanaonline.com/gold-rate-history/,Secondary-only
2024-07-11,2081/03/27,Silver,"Silver Rate Per Tola",1885,1616.08,161.61,161610,"NotifyNepal",https://notifynepal.com/en/silver-price-history-nepal,Secondary-only
2024-07-11,2081/03/27,Gold,"Gold Rate Per Tola",144900,124230.48,12422.84,12422840,"Gahana",https://gahanaonline.com/gold-rate-history/,Secondary-only
2024-07-10,2081/03/26,Silver,"Silver Rate Per Tola",1870,1603.22,160.32,160320,"NotifyNepal",https://notifynepal.com/en/silver-price-history-nepal,Secondary-only
2024-07-10,2081/03/26,Gold,"Gold Rate Per Tola",144100,123544.6,12354.25,12354250,"Gahana",https://gahanaonline.com/gold-rate-history/,Secondary-only
2024-07-09,2081/03/25,Silver,"Silver Rate Per Tola",1885,1616.08,161.61,161610,"NotifyNepal",https://notifynepal.com/en/silver-price-history-nepal,Secondary-only
2024-07-09,2081/03/25,Gold,"Gold Rate Per Tola",144100,123544.6,12354.25,12354250,"Gahana",https://gahanaonline.com/gold-rate-history/,Secondary-only
2024-07-08,2081/03/24,Silver,"Silver Rate Per Tola",1890,1620.37,162.04,162040,"NotifyNepal",https://notifynepal.com/en/silver-price-history-nepal,Secondary-only
2024-07-08,2081/03/24,Gold,"Gold Rate Per Tola",145000,124316.22,12431.41,12431410,"Gahana",https://gahanaonline.com/gold-rate-history/,Secondary-only
2024-07-07,2081/03/23,Silver,"Silver Rate Per Tola",1890,1620.37,162.04,162040,"NotifyNepal",https://notifynepal.com/en/silver-price-history-nepal,Secondary-only
2024-07-07,2081/03/23,Gold,"Gold Rate Per Tola",145400,124659.16,12465.71,12465710,"Gahana",https://gahanaonline.com/gold-rate-history/,Secondary-only
2024-07-05,2081/03/21,Silver,"Silver Rate Per Tola",1870,1603.22,160.32,160320,"NotifyNepal",https://notifynepal.com/en/silver-price-history-nepal,Secondary-only
2024-07-05,2081/03/21,Gold,"Gold Rate Per Tola",144400,123801.81,12379.97,12379970,"Gahana",https://gahanaonline.com/gold-rate-history/,Secondary-only
2024-07-04,2081/03/20,Silver,"Silver Rate Per Tola",1865,1598.94,159.89,159890,"NotifyNepal",https://notifynepal.com/en/silver-price-history-nepal,Secondary-only
2024-07-04,2081/03/20,Gold,"Gold Rate Per Tola",144300,123716.07,12371.4,12371400,"Gahana",https://gahanaonline.com/gold-rate-history/,Secondary-only
2024-07-03,2081/03/19,Silver,"Silver Rate Per Tola",1825,1564.64,156.46,156460,"NotifyNepal",https://notifynepal.com/en/silver-price-history-nepal,Secondary-only
2024-07-03,2081/03/19,Gold,"Gold Rate Per Tola",142700,122344.31,12234.22,12234220,"Gahana",https://gahanaonline.com/gold-rate-history/,Secondary-only
2024-07-02,2081/03/18,Silver,"Silver Rate Per Tola",1805,1547.5,154.75,154750,"NotifyNepal",https://notifynepal.com/en/silver-price-history-nepal,Secondary-only
2024-07-02,2081/03/18,Gold,"Gold Rate Per Tola",142300,122001.37,12199.93,12199930,"Gahana",https://gahanaonline.com/gold-rate-history/,Secondary-only
2024-07-01,2081/03/17,Silver,"Silver Rate Per Tola",1790,1534.64,153.46,153460,"NotifyNepal",https://notifynepal.com/en/silver-price-history-nepal,Secondary-only
2024-07-01,2081/03/17,Gold,"Gold Rate Per Tola",142200,121915.63,12191.36,12191360,"Gahana",https://gahanaonline.com/gold-rate-history/,Secondary-only
2024-06-30,2081/03/16,Silver,"Silver Rate Per Tola",1790,1534.64,153.46,153460,"NotifyNepal",https://notifynepal.com/en/silver-price-history-nepal,Secondary-only
2024-06-30,2081/03/16,Gold,"Gold Rate Per Tola",142000,121744.16,12174.21,12174210,"Gahana",https://gahanaonline.com/gold-rate-history/,Secondary-only
2024-06-28,2081/03/14,Silver,"Silver Rate Per Tola",1790,1534.64,153.46,153460,"NotifyNepal",https://notifynepal.com/en/silver-price-history-nepal,Secondary-only
2024-06-28,2081/03/14,Gold,"Gold Rate Per Tola",141800,121572.69,12157.06,12157060,"Gahana",https://gahanaonline.com/gold-rate-history/,Secondary-only
2024-06-27,2081/03/13,Silver,"Silver Rate Per Tola",1780,1526.06,152.61,152610,"NotifyNepal",https://notifynepal.com/en/silver-price-history-nepal,Secondary-only
2024-06-27,2081/03/13,Gold,"Gold Rate Per Tola",140800,120715.34,12071.33,12071330,"Gahana",https://gahanaonline.com/gold-rate-history/,Secondary-only
2024-06-26,2081/03/12,Silver,"Silver Rate Per Tola",1790,1534.64,153.46,153460,"NotifyNepal",https://notifynepal.com/en/silver-price-history-nepal,Secondary-only
2024-06-26,2081/03/12,Gold,"Gold Rate Per Tola",141600,121401.22,12139.92,12139920,"Gahana",https://gahanaonline.com/gold-rate-history/,Secondary-only
2024-06-25,2081/03/11,Silver,"Silver Rate Per Tola",1815,1556.07,155.61,155610,"NotifyNepal",https://notifynepal.com/en/silver-price-history-nepal,Secondary-only
2024-06-25,2081/03/11,Gold,"Gold Rate Per Tola",142300,122001.37,12199.93,12199930,"Gahana",https://gahanaonline.com/gold-rate-history/,Secondary-only
2024-06-24,2081/03/10,Silver,"Silver Rate Per Tola",1820,1560.36,156.04,156040,"NotifyNepal",https://notifynepal.com/en/silver-price-history-nepal,Secondary-only
2024-06-24,2081/03/10,Gold,"Gold Rate Per Tola",142300,122001.37,12199.93,12199930,"Gahana",https://gahanaonline.com/gold-rate-history/,Secondary-only
2024-06-23,2081/03/09,Silver,"Silver Rate Per Tola",1815,1556.07,155.61,155610,"NotifyNepal",https://notifynepal.com/en/silver-price-history-nepal,Secondary-only
2024-06-23,2081/03/09,Gold,"Gold Rate Per Tola",142000,121744.16,12174.21,12174210,"Gahana",https://gahanaonline.com/gold-rate-history/,Secondary-only
2024-06-21,2081/03/07,Silver,"Silver Rate Per Tola",1865,1598.94,159.89,159890,"NotifyNepal",https://notifynepal.com/en/silver-price-history-nepal,Secondary-only
2024-06-21,2081/03/07,Gold,"Gold Rate Per Tola",144700,124059.01,12405.69,12405690,"Gahana",https://gahanaonline.com/gold-rate-history/,Secondary-only
2024-06-20,2081/03/06,Silver,"Silver Rate Per Tola",1840,1577.5,157.75,157750,"NotifyNepal",https://notifynepal.com/en/silver-price-history-nepal,Secondary-only
2024-06-20,2081/03/06,Gold,"Gold Rate Per Tola",142800,122430.04,12242.8,12242800,"Gahana",https://gahanaonline.com/gold-rate-history/,Secondary-only
2024-06-19,2081/03/05,Silver,"Silver Rate Per Tola",1805,1547.5,154.75,154750,"NotifyNepal",https://notifynepal.com/en/silver-price-history-nepal,Secondary-only
2024-06-19,2081/03/05,Gold,"Gold Rate Per Tola",142200,121915.63,12191.36,12191360,"Gahana",https://gahanaonline.com/gold-rate-history/,Secondary-only
2024-06-18,2081/03/04,Silver,"Silver Rate Per Tola",1815,1556.07,155.61,155610,"NotifyNepal",https://notifynepal.com/en/silver-price-history-nepal,Secondary-only
2024-06-18,2081/03/04,Gold,"Gold Rate Per Tola",142200,121915.63,12191.36,12191360,"Gahana",https://gahanaonline.com/gold-rate-history/,Secondary-only
2024-06-17,2081/03/03,Silver,"Silver Rate Per Tola",1800,1543.21,154.32,154320,"NotifyNepal",https://notifynepal.com/en/silver-price-history-nepal,Secondary-only
2024-06-17,2081/03/03,Gold,"Gold Rate Per Tola",141200,121058.28,12105.62,12105620,"Gahana",https://gahanaonline.com/gold-rate-history/,Secondary-only
2024-06-16,2081/03/02,Silver,"Silver Rate Per Tola",1820,1560.36,156.04,156040,"NotifyNepal",https://notifynepal.com/en/silver-price-history-nepal,Secondary-only
2024-06-16,2081/03/02,Gold,"Gold Rate Per Tola",142800,122430.04,12242.8,12242800,"Gahana",https://gahanaonline.com/gold-rate-history/,Secondary-only
2024-06-14,2081/02/32,Silver,"Silver Rate Per Tola",1800,1543.21,154.32,154320,"NotifyNepal",https://notifynepal.com/en/silver-price-history-nepal,Secondary-only
2024-06-14,2081/02/32,Gold,"Gold Rate Per Tola",141200,121058.28,12105.62,12105620,"Gahana",https://gahanaonline.com/gold-rate-history/,Secondary-only
2024-06-13,2081/02/31,Silver,"Silver Rate Per Tola",1810,1551.78,155.18,155180,"NotifyNepal",https://notifynepal.com/en/silver-price-history-nepal,Secondary-only
2024-06-13,2081/02/31,Gold,"Gold Rate Per Tola",141600,121401.22,12139.92,12139920,"Gahana",https://gahanaonline.com/gold-rate-history/,Secondary-only
2024-06-12,2081/02/30,Silver,"Silver Rate Per Tola",1820,1560.36,156.04,156040,"NotifyNepal",https://notifynepal.com/en/silver-price-history-nepal,Secondary-only
2024-06-12,2081/02/30,Gold,"Gold Rate Per Tola",141600,121401.22,12139.92,12139920,"Gahana",https://gahanaonline.com/gold-rate-history/,Secondary-only
2024-06-11,2081/02/29,Silver,"Silver Rate Per Tola",1815,1556.07,155.61,155610,"NotifyNepal",https://notifynepal.com/en/silver-price-history-nepal,Secondary-only
2024-06-11,2081/02/29,Gold,"Gold Rate Per Tola",141000,120886.81,12088.48,12088480,"Gahana",https://gahanaonline.com/gold-rate-history/,Secondary-only
2024-06-10,2081/02/28,Silver,"Silver Rate Per Tola",1825,1564.64,156.46,156460,"NotifyNepal",https://notifynepal.com/en/silver-price-history-nepal,Secondary-only
2024-06-10,2081/02/28,Gold,"Gold Rate Per Tola",141000,120886.81,12088.48,12088480,"Gahana",https://gahanaonline.com/gold-rate-history/,Secondary-only
2024-06-09,2081/02/27,Silver,"Silver Rate Per Tola",1825,1564.64,156.46,156460,"NotifyNepal",https://notifynepal.com/en/silver-price-history-nepal,Secondary-only
2024-06-09,2081/02/27,Gold,"Gold Rate Per Tola",141000,120886.81,12088.48,12088480,"Gahana",https://gahanaonline.com/gold-rate-history/,Secondary-only
2024-06-07,2081/02/25,Silver,"Silver",1900,1629,162.89,162890,"FENEGOSIDA",https://www.fenegosida.org/uploads/weekly/240607055120g6k5q8.pdf,Verified
2024-06-07,2081/02/25,Gold,"Gold",145000,124315,12431.41,12431410,"FENEGOSIDA",https://www.fenegosida.org/uploads/weekly/240607055120g6k5q8.pdf,Verified
2024-06-06,2081/02/24,Silver,"Silver",1850,1586,158.61,158610,"FENEGOSIDA",https://www.fenegosida.org/uploads/weekly/240607055120g6k5q8.pdf,Verified
2024-06-06,2081/02/24,Gold,"Gold",144000,123455,12345.68,12345680,"FENEGOSIDA",https://www.fenegosida.org/uploads/weekly/240607055120g6k5q8.pdf,Verified
2024-06-05,2081/02/23,Silver,"Silver",1825,1565,156.46,156460,"FENEGOSIDA",https://www.fenegosida.org/uploads/weekly/240607055120g6k5q8.pdf,Verified
2024-06-05,2081/02/23,Gold,"Gold",142200,121915,12191.36,12191360,"FENEGOSIDA",https://www.fenegosida.org/uploads/weekly/240607055120g6k5q8.pdf,Verified
2024-06-04,2081/02/22,Silver,"Silver",1860,1595,159.47,159470,"FENEGOSIDA",https://www.fenegosida.org/uploads/weekly/240607055120g6k5q8.pdf,Verified
2024-06-04,2081/02/22,Gold,"Gold",142700,122345,12234.22,12234220,"FENEGOSIDA",https://www.fenegosida.org/uploads/weekly/240607055120g6k5q8.pdf,Verified
2024-06-03,2081/02/21,Silver,"Silver",1835,1573,157.32,157320,"FENEGOSIDA",https://www.fenegosida.org/uploads/weekly/240607055120g6k5q8.pdf,Verified
2024-06-03,2081/02/21,Gold,"Gold",141000,120885,12088.48,12088480,"FENEGOSIDA",https://www.fenegosida.org/uploads/weekly/240607055120g6k5q8.pdf,Verified
2024-06-02,2081/02/20,Silver,"Silver",1850,1586,158.61,158610,"FENEGOSIDA",https://www.fenegosida.org/uploads/weekly/240607055120g6k5q8.pdf,Verified
2024-06-02,2081/02/20,Gold,"Gold",142000,121745,12174.21,12174210,"FENEGOSIDA",https://www.fenegosida.org/uploads/weekly/240607055120g6k5q8.pdf,Verified
2024-05-31,2081/02/18,Silver,"Silver Rate Per Tola",1875,1607.51,160.75,160750,"NotifyNepal",https://notifynepal.com/en/silver-price-history-nepal,Secondary-only
2024-05-31,2081/02/18,Gold,"Gold Rate Per Tola",142200,121915.63,12191.36,12191360,"Gahana",https://gahanaonline.com/gold-rate-history/,Secondary-only
2024-05-30,2081/02/17,Silver,"Silver Rate Per Tola",1900,1628.94,162.89,162890,"NotifyNepal",https://notifynepal.com/en/silver-price-history-nepal,Secondary-only
2024-05-30,2081/02/17,Gold,"Gold Rate Per Tola",140500,120458.13,12045.61,12045610,"Gahana",https://gahanaonline.com/gold-rate-history/,Secondary-only
2024-05-29,2081/02/16,Silver,"Silver Rate Per Tola",1930,1654.66,165.47,165470,"NotifyNepal",https://notifynepal.com/en/silver-price-history-nepal,Secondary-only
2024-05-29,2081/02/16,Gold,"Gold Rate Per Tola",138200,118486.22,11848.42,11848420,"Gahana",https://gahanaonline.com/gold-rate-history/,Secondary-only
2024-05-28,2081/02/15,Silver,"Silver Rate Per Tola",1920,1646.09,164.61,164610,"NotifyNepal",https://notifynepal.com/en/silver-price-history-nepal,Secondary-only
2024-05-28,2081/02/15,Gold,"Gold Rate Per Tola",137600,117971.81,11796.98,11796980,"Gahana",https://gahanaonline.com/gold-rate-history/,Secondary-only
2024-05-27,2081/02/14,Silver,"Silver Rate Per Tola",1880,1611.8,161.18,161180,"NotifyNepal",https://notifynepal.com/en/silver-price-history-nepal,Secondary-only
2024-05-27,2081/02/14,Gold,"Gold Rate Per Tola",137200,117628.86,11762.69,11762690,"Gahana",https://gahanaonline.com/gold-rate-history/,Secondary-only
2024-05-26,2081/02/13,Silver,"Silver Rate Per Tola",1855,1590.36,159.04,159040,"NotifyNepal",https://notifynepal.com/en/silver-price-history-nepal,Secondary-only
2024-05-26,2081/02/13,Gold,"Gold Rate Per Tola",136900,117371.66,11736.97,11736970,"Gahana",https://gahanaonline.com/gold-rate-history/,Secondary-only
2024-05-24,2081/02/11,Silver,"Silver Rate Per Tola",1855,1590.36,159.04,159040,"NotifyNepal",https://notifynepal.com/en/silver-price-history-nepal,Secondary-only
2024-05-24,2081/02/11,Gold,"Gold Rate Per Tola",136900,117371.66,11736.97,11736970,"Gahana",https://gahanaonline.com/gold-rate-history/,Secondary-only
2024-05-23,2081/02/10,Silver,"Silver Rate Per Tola",1865,1598.94,159.89,159890,"NotifyNepal",https://notifynepal.com/en/silver-price-history-nepal,Secondary-only
2024-05-23,2081/02/10,Gold,"Gold Rate Per Tola",138700,118914.89,11891.29,11891290,"Gahana",https://gahanaonline.com/gold-rate-history/,Secondary-only
2024-05-22,2081/02/09,Silver,"Silver Rate Per Tola",1900,1628.94,162.89,162890,"NotifyNepal",https://notifynepal.com/en/silver-price-history-nepal,Secondary-only
2024-05-22,2081/02/09,Gold,"Gold Rate Per Tola",140500,120458.13,12045.61,12045610,"Gahana",https://gahanaonline.com/gold-rate-history/,Secondary-only
2024-05-21,2081/02/08,Silver,"Silver Rate Per Tola",1885,1616.08,161.61,161610,"NotifyNepal",https://notifynepal.com/en/silver-price-history-nepal,Secondary-only
2024-05-21,2081/02/08,Gold,"Gold Rate Per Tola",140600,120543.87,12054.18,12054180,"Gahana",https://gahanaonline.com/gold-rate-history/,Secondary-only
2024-05-20,2081/02/07,Silver,"Silver Rate Per Tola",1940,1663.24,166.32,166320,"NotifyNepal",https://notifynepal.com/en/silver-price-history-nepal,Secondary-only
2024-05-20,2081/02/07,Gold,"Gold Rate Per Tola",141800,121572.69,12157.06,12157060,"Gahana",https://gahanaonline.com/gold-rate-history/,Secondary-only
2024-05-19,2081/02/06,Gold,"Gold Rate Per Tola",140900,120801.07,12079.9,12079900,"Gahana",https://gahanaonline.com/gold-rate-history/,Secondary-only
2024-05-17,2081/02/04,Silver,"Silver Rate Per Tola",1800,1543.21,154.32,154320,"NotifyNepal",https://notifynepal.com/en/silver-price-history-nepal,Secondary-only
2024-05-17,2081/02/04,Gold,"Gold Rate Per Tola",139300,119429.31,11942.73,11942730,"Gahana",https://gahanaonline.com/gold-rate-history/,Secondary-only
2024-05-16,2081/02/03,Silver,"Silver Rate Per Tola",1805,1547.5,154.75,154750,"NotifyNepal",https://notifynepal.com/en/silver-price-history-nepal,Secondary-only
2024-05-16,2081/02/03,Gold,"Gold Rate Per Tola",140000,120029.45,12002.74,12002740,"Gahana",https://gahanaonline.com/gold-rate-history/,Secondary-only
2024-05-15,2081/02/02,Silver,"Silver Rate Per Tola",1745,1496.06,149.61,149610,"NotifyNepal",https://notifynepal.com/en/silver-price-history-nepal,Secondary-only
2024-05-15,2081/02/02,Gold,"Gold Rate Per Tola",138400,118657.69,11865.57,11865570,"Gahana",https://gahanaonline.com/gold-rate-history/,Secondary-only
2024-05-14,2081/02/01,Silver,"Silver Rate Per Tola",1740,1491.77,149.18,149180,"NotifyNepal",https://notifynepal.com/en/silver-price-history-nepal,Secondary-only
2024-05-14,2081/02/01,Gold,"Gold Rate Per Tola",137400,117800.34,11779.84,11779840,"Gahana",https://gahanaonline.com/gold-rate-history/,Secondary-only
2024-05-13,2081/01/31,Silver,"Silver Rate Per Tola",1715,1470.34,147.03,147030,"NotifyNepal",https://notifynepal.com/en/silver-price-history-nepal,Secondary-only
2024-05-13,2081/01/31,Gold,"Gold Rate Per Tola",138100,118400.48,11839.85,11839850,"Gahana",https://gahanaonline.com/gold-rate-history/,Secondary-only
2024-05-12,2081/01/30,Silver,"Silver Rate Per Tola",1725,1478.91,147.89,147890,"NotifyNepal",https://notifynepal.com/en/silver-price-history-nepal,Secondary-only
2024-05-12,2081/01/30,Gold,"Gold Rate Per Tola",138400,118657.69,11865.57,11865570,"Gahana",https://gahanaonline.com/gold-rate-history/,Secondary-only
2024-05-10,2081/01/28,Silver,"Silver Rate Per Tola",1735,1487.48,148.75,148750,"NotifyNepal",https://notifynepal.com/en/silver-price-history-nepal,Secondary-only
2024-05-10,2081/01/28,Gold,"Gold Rate Per Tola",137900,118229.01,11822.7,11822700,"Gahana",https://gahanaonline.com/gold-rate-history/,Secondary-only
2024-05-09,2081/01/27,Silver,"Silver Rate Per Tola",1685,1444.62,144.46,144460,"NotifyNepal",https://notifynepal.com/en/silver-price-history-nepal,Secondary-only
2024-05-09,2081/01/27,Gold,"Gold Rate Per Tola",135600,116257.1,11625.51,11625510,"Gahana",https://gahanaonline.com/gold-rate-history/,Secondary-only
2024-05-08,2081/01/26,Silver,"Silver Rate Per Tola",1675,1436.04,143.6,143600,"NotifyNepal",https://notifynepal.com/en/silver-price-history-nepal,Secondary-only
2024-05-08,2081/01/26,Gold,"Gold Rate Per Tola",136400,116942.98,11694.1,11694100,"Gahana",https://gahanaonline.com/gold-rate-history/,Secondary-only
2024-05-07,2081/01/25,Silver,"Silver Rate Per Tola",1675,1436.04,143.6,143600,"NotifyNepal",https://notifynepal.com/en/silver-price-history-nepal,Secondary-only
2024-05-07,2081/01/25,Gold,"Gold Rate Per Tola",136400,116942.98,11694.1,11694100,"Gahana",https://gahanaonline.com/gold-rate-history/,Secondary-only
2024-05-06,2081/01/24,Silver,"Silver Rate Per Tola",1660,1423.18,142.32,142320,"NotifyNepal",https://notifynepal.com/en/silver-price-history-nepal,Secondary-only
2024-05-06,2081/01/24,Gold,"Gold Rate Per Tola",135600,116257.1,11625.51,11625510,"Gahana",https://gahanaonline.com/gold-rate-history/,Secondary-only
2024-05-05,,Silver,"Silver Rate Per Tola",1640,1406.04,140.6,140600,"NotifyNepal",https://notifynepal.com/en/silver-price-history-nepal,Secondary-only
2024-05-03,2081/01/21,Silver,"Silver Rate Per Tola",1645,1410.32,141.03,141030,"NotifyNepal",https://notifynepal.com/en/silver-price-history-nepal,Secondary-only
2024-05-03,2081/01/21,Gold,"Gold Rate Per Tola",135400,116085.63,11608.37,11608370,"Gahana",https://gahanaonline.com/gold-rate-history/,Secondary-only
2024-05-02,2081/01/20,Silver,"Silver Rate Per Tola",1645,1410.32,141.03,141030,"NotifyNepal",https://notifynepal.com/en/silver-price-history-nepal,Secondary-only
2024-05-02,2081/01/20,Gold,"Gold Rate Per Tola",136500,117028.72,11702.67,11702670,"Gahana",https://gahanaonline.com/gold-rate-history/,Secondary-only
2024-05-01,2081/01/19,Silver,"Silver Rate Per Tola",1630,1397.46,139.75,139750,"NotifyNepal",https://notifynepal.com/en/silver-price-history-nepal,Secondary-only
2024-05-01,2081/01/19,Gold,"Gold Rate Per Tola",134500,115314.01,11531.21,11531210,"Gahana",https://gahanaonline.com/gold-rate-history/,Secondary-only
2024-04-30,2081/01/18,Silver,"Silver Rate Per Tola",1650,1414.61,141.46,141460,"NotifyNepal",https://notifynepal.com/en/silver-price-history-nepal,Secondary-only
2024-04-30,2081/01/18,Gold,"Gold Rate Per Tola",137200,117628.86,11762.69,11762690,"Gahana",https://gahanaonline.com/gold-rate-history/,Secondary-only
2024-04-29,2081/01/17,Silver,"Silver Rate Per Tola",1665,1427.47,142.75,142750,"NotifyNepal",https://notifynepal.com/en/silver-price-history-nepal,Secondary-only
2024-04-29,2081/01/17,Gold,"Gold Rate Per Tola",137200,117628.86,11762.69,11762690,"Gahana",https://gahanaonline.com/gold-rate-history/,Secondary-only
2024-04-28,2081/01/16,Silver,"Silver Rate Per Tola",1660,1423.18,142.32,142320,"NotifyNepal",https://notifynepal.com/en/silver-price-history-nepal,Secondary-only
2024-04-28,2081/01/16,Gold,"Gold Rate Per Tola",137600,117971.81,11796.98,11796980,"Gahana",https://gahanaonline.com/gold-rate-history/,Secondary-only
2024-04-26,2081/01/14,Silver,"Silver Rate Per Tola",1675,1436.04,143.6,143600,"NotifyNepal",https://notifynepal.com/en/silver-price-history-nepal,Secondary-only
2024-04-26,2081/01/14,Gold,"Gold Rate Per Tola",137200,117628.86,11762.69,11762690,"Gahana",https://gahanaonline.com/gold-rate-history/,Secondary-only
2024-04-25,2081/01/13,Silver,"Silver Rate Per Tola",1655,1418.9,141.89,141890,"NotifyNepal",https://notifynepal.com/en/silver-price-history-nepal,Secondary-only
2024-04-25,2081/01/13,Gold,"Gold Rate Per Tola",135800,116428.57,11642.66,11642660,"Gahana",https://gahanaonline.com/gold-rate-history/,Secondary-only
2024-04-24,2081/01/12,Silver,"Silver Rate Per Tola",1670,1431.76,143.18,143180,"NotifyNepal",https://notifynepal.com/en/silver-price-history-nepal,Secondary-only
2024-04-24,2081/01/12,Gold,"Gold Rate Per Tola",136000,116600.04,11659.81,11659810,"Gahana",https://gahanaonline.com/gold-rate-history/,Secondary-only
2024-04-23,2081/01/11,Silver,"Silver Rate Per Tola",1660,1423.18,142.32,142320,"NotifyNepal",https://notifynepal.com/en/silver-price-history-nepal,Secondary-only
2024-04-23,2081/01/11,Gold,"Gold Rate Per Tola",135500,116171.36,11616.94,11616940,"Gahana",https://gahanaonline.com/gold-rate-history/,Secondary-only
2024-04-22,2081/01/10,Silver,"Silver Rate Per Tola",1705,1461.76,146.18,146180,"NotifyNepal",https://notifynepal.com/en/silver-price-history-nepal,Secondary-only
2024-04-22,2081/01/10,Gold,"Gold Rate Per Tola",138200,118486.22,11848.42,11848420,"Gahana",https://gahanaonline.com/gold-rate-history/,Secondary-only
2024-04-21,2081/01/09,Silver,"Silver Rate Per Tola",1740,1491.77,149.18,149180,"NotifyNepal",https://notifynepal.com/en/silver-price-history-nepal,Secondary-only
2024-04-21,2081/01/09,Gold,"Gold Rate Per Tola",139300,119429.31,11942.73,11942730,"Gahana",https://gahanaonline.com/gold-rate-history/,Secondary-only
2024-04-19,2081/01/07,Silver,"Silver Rate Per Tola",1720,1474.62,147.46,147460,"NotifyNepal",https://notifynepal.com/en/silver-price-history-nepal,Secondary-only
2024-04-19,2081/01/07,Gold,"Gold Rate Per Tola",139300,119429.31,11942.73,11942730,"Gahana",https://gahanaonline.com/gold-rate-history/,Secondary-only
2024-04-18,2081/01/06,Silver,"Silver Rate Per Tola",1725,1478.91,147.89,147890,"NotifyNepal",https://notifynepal.com/en/silver-price-history-nepal,Secondary-only
2024-04-18,2081/01/06,Gold,"Gold Rate Per Tola",138600,118829.16,11882.72,11882720,"Gahana",https://gahanaonline.com/gold-rate-history/,Secondary-only
2024-04-17,2081/01/05,Silver,"Silver Rate Per Tola",1715,1470.34,147.03,147030,"NotifyNepal",https://notifynepal.com/en/silver-price-history-nepal,Secondary-only
2024-04-17,2081/01/05,Gold,"Gold Rate Per Tola",139200,119343.57,11934.16,11934160,"Gahana",https://gahanaonline.com/gold-rate-history/,Secondary-only
2024-04-16,2081/01/04,Silver,"Silver Rate Per Tola",1750,1500.34,150.03,150030,"NotifyNepal",https://notifynepal.com/en/silver-price-history-nepal,Secondary-only
2024-04-16,2081/01/04,Gold,"Gold Rate Per Tola",139200,119343.57,11934.16,11934160,"Gahana",https://gahanaonline.com/gold-rate-history/,Secondary-only
2024-04-15,2081/01/03,Silver,"Silver Rate Per Tola",1715,1470.34,147.03,147030,"NotifyNepal",https://notifynepal.com/en/silver-price-history-nepal,Secondary-only
2024-04-15,2081/01/03,Gold,"Gold Rate Per Tola",137500,117886.07,11788.41,11788410,"Gahana",https://gahanaonline.com/gold-rate-history/,Secondary-only
2024-04-14,2081/01/02,Silver,"Silver Rate Per Tola",1700,1457.48,145.75,145750,"NotifyNepal",https://notifynepal.com/en/silver-price-history-nepal,Secondary-only
2024-04-14,2081/01/02,Gold,"Gold Rate Per Tola",136800,117285.92,11728.4,11728400,"Gahana",https://gahanaonline.com/gold-rate-history/,Secondary-only
2024-04-12,2080/12/30,Silver,"Silver Rate Per Tola",1750,1500.34,150.03,150030,"NotifyNepal",https://notifynepal.com/en/silver-price-history-nepal,Secondary-only
2024-04-12,2080/12/30,Gold,"Gold Rate Per Tola",139000,119172.1,11917.01,11917010,"Gahana",https://gahanaonline.com/gold-rate-history/,Secondary-only
2024-04-11,2080/12/29,Silver,"Silver Rate Per Tola",1700,1457.48,145.75,145750,"NotifyNepal",https://notifynepal.com/en/silver-price-history-nepal,Secondary-only
2024-04-11,2080/12/29,Gold,"Gold Rate Per Tola",136600,117114.45,11711.25,11711250,"Gahana",https://gahanaonline.com/gold-rate-history/,Secondary-only
2024-04-10,2080/12/28,Silver,"Silver Rate Per Tola",1700,1457.48,145.75,145750,"NotifyNepal",https://notifynepal.com/en/silver-price-history-nepal,Secondary-only
2024-04-10,2080/12/28,Gold,"Gold Rate Per Tola",136800,117285.92,11728.4,11728400,"Gahana",https://gahanaonline.com/gold-rate-history/,Secondary-only
2024-04-09,2080/12/27,Silver,"Silver Rate Per Tola",1685,1444.62,144.46,144460,"NotifyNepal",https://notifynepal.com/en/silver-price-history-nepal,Secondary-only
2024-04-09,2080/12/27,Gold,"Gold Rate Per Tola",136300,116857.25,11685.53,11685530,"Gahana",https://gahanaonline.com/gold-rate-history/,Secondary-only
2024-04-08,2080/12/26,Silver,"Silver Rate Per Tola",1685,1444.62,144.46,144460,"NotifyNepal",https://notifynepal.com/en/silver-price-history-nepal,Secondary-only
2024-04-08,2080/12/26,Gold,"Gold Rate Per Tola",136200,116771.51,11676.95,11676950,"Gahana",https://gahanaonline.com/gold-rate-history/,Secondary-only
2024-04-07,2080/12/25,Silver,"Silver Rate Per Tola",1670,1431.76,143.18,143180,"NotifyNepal",https://notifynepal.com/en/silver-price-history-nepal,Secondary-only
2024-04-07,2080/12/25,Gold,"Gold Rate Per Tola",135600,116257.1,11625.51,11625510,"Gahana",https://gahanaonline.com/gold-rate-history/,Secondary-only
2024-04-05,2080/12/23,Silver,"Silver Rate Per Tola",1615,1384.6,138.46,138460,"NotifyNepal",https://notifynepal.com/en/silver-price-history-nepal,Secondary-only
2024-04-05,2080/12/23,Gold,"Gold Rate Per Tola",132700,113770.78,11376.89,11376890,"Gahana",https://gahanaonline.com/gold-rate-history/,Secondary-only
2024-04-04,2080/12/22,Silver,"Silver Rate Per Tola",1650,1414.61,141.46,141460,"NotifyNepal",https://notifynepal.com/en/silver-price-history-nepal,Secondary-only
2024-04-04,2080/12/22,Gold,"Gold Rate Per Tola",134000,114885.33,11488.34,11488340,"Gahana",https://gahanaonline.com/gold-rate-history/,Secondary-only
2024-04-03,2080/12/21,Silver,"Silver Rate Per Tola",1610,1380.32,138.03,138030,"NotifyNepal",https://notifynepal.com/en/silver-price-history-nepal,Secondary-only
2024-04-03,2080/12/21,Gold,"Gold Rate Per Tola",133000,114027.98,11402.61,11402610,"Gahana",https://gahanaonline.com/gold-rate-history/,Secondary-only
2024-04-02,2080/12/20,Silver,"Silver Rate Per Tola",1545,1324.59,132.46,132460,"NotifyNepal",https://notifynepal.com/en/silver-price-history-nepal,Secondary-only
2024-04-02,2080/12/20,Gold,"Gold Rate Per Tola",131200,112484.75,11248.29,11248290,"Gahana",https://gahanaonline.com/gold-rate-history/,Secondary-only
2024-04-01,2080/12/19,Gold,"Gold Rate Per Tola",131600,112827.69,11282.58,11282580,"Gahana",https://gahanaonline.com/gold-rate-history/,Secondary-only
2024-03-31,2080/12/18,Silver,"Silver Rate Per Tola",1525,1307.44,130.74,130740,"NotifyNepal",https://notifynepal.com/en/silver-price-history-nepal,Secondary-only
2024-03-31,2080/12/18,Gold,"Gold Rate Per Tola",130000,111455.92,11145.4,11145400,"Gahana",https://gahanaonline.com/gold-rate-history/,Secondary-only
2024-03-29,2080/12/16,Silver,"Silver Rate Per Tola",1525,1307.44,130.74,130740,"NotifyNepal",https://notifynepal.com/en/silver-price-history-nepal,Secondary-only
2024-03-29,2080/12/16,Gold,"Gold Rate Per Tola",130000,111455.92,11145.4,11145400,"Gahana",https://gahanaonline.com/gold-rate-history/,Secondary-only
2024-03-28,2080/12/15,Silver,"Silver Rate Per Tola",1510,1294.58,129.46,129460,"NotifyNepal",https://notifynepal.com/en/silver-price-history-nepal,Secondary-only
2024-03-28,2080/12/15,Gold,"Gold Rate Per Tola",127900,109655.48,10965.36,10965360,"Gahana",https://gahanaonline.com/gold-rate-history/,Secondary-only
2024-03-27,2080/12/14,Silver,"Silver Rate Per Tola",1490,1277.43,127.74,127740,"NotifyNepal",https://notifynepal.com/en/silver-price-history-nepal,Secondary-only
2024-03-27,2080/12/14,Gold,"Gold Rate Per Tola",126800,108712.39,10871.06,10871060,"Gahana",https://gahanaonline.com/gold-rate-history/,Secondary-only
2024-03-26,2080/12/13,Silver,"Silver Rate Per Tola",1505,1290.29,129.03,129030,"NotifyNepal",https://notifynepal.com/en/silver-price-history-nepal,Secondary-only
2024-03-26,2080/12/13,Gold,"Gold Rate Per Tola",126400,108369.45,10836.76,10836760,"Gahana",https://gahanaonline.com/gold-rate-history/,Secondary-only
2024-03-25,2080/12/12,Silver,"Silver Rate Per Tola",1515,1298.87,129.89,129890,"NotifyNepal",https://notifynepal.com/en/silver-price-history-nepal,Secondary-only
2024-03-25,2080/12/12,Gold,"Gold Rate Per Tola",126700,108626.66,10862.48,10862480,"Gahana",https://gahanaonline.com/gold-rate-history/,Secondary-only
2024-03-22,2080/12/09,Silver,"Silver Rate Per Tola",1500,1286.01,128.6,128600,"NotifyNepal",https://notifynepal.com/en/silver-price-history-nepal,Secondary-only
2024-03-22,2080/12/09,Gold,"Gold Rate Per Tola",126500,108455.19,10845.34,10845340,"Gahana",https://gahanaonline.com/gold-rate-history/,Secondary-only
2024-03-21,2080/12/08,Silver,"Silver Rate Per Tola",1555,1333.16,133.32,133320,"NotifyNepal",https://notifynepal.com/en/silver-price-history-nepal,Secondary-only
2024-03-21,2080/12/08,Gold,"Gold Rate Per Tola",127800,109569.74,10956.79,10956790,"Gahana",https://gahanaonline.com/gold-rate-history/,Secondary-only
2024-03-20,2080/12/07,Silver,"Silver Rate Per Tola",1520,1303.16,130.32,130320,"NotifyNepal",https://notifynepal.com/en/silver-price-history-nepal,Secondary-only
2024-03-20,2080/12/07,Gold,"Gold Rate Per Tola",125200,107340.63,10733.88,10733880,"Gahana",https://gahanaonline.com/gold-rate-history/,Secondary-only
2024-03-19,2080/12/06,Silver,"Silver Rate Per Tola",1525,1307.44,130.74,130740,"NotifyNepal",https://notifynepal.com/en/silver-price-history-nepal,Secondary-only
2024-03-19,2080/12/06,Gold,"Gold Rate Per Tola",125200,107340.63,10733.88,10733880,"Gahana",https://gahanaonline.com/gold-rate-history/,Secondary-only
2024-03-18,2080/12/05,Silver,"Silver Rate Per Tola",1520,1303.16,130.32,130320,"NotifyNepal",https://notifynepal.com/en/silver-price-history-nepal,Secondary-only
2024-03-18,2080/12/05,Gold,"Gold Rate Per Tola",124500,106740.48,10673.87,10673870,"Gahana",https://gahanaonline.com/gold-rate-history/,Secondary-only
2024-03-17,2080/12/04,Silver,"Silver Rate Per Tola",1530,1311.73,131.17,131170,"NotifyNepal",https://notifynepal.com/en/silver-price-history-nepal,Secondary-only
2024-03-17,2080/12/04,Gold,"Gold Rate Per Tola",125000,107169.16,10716.74,10716740,"Gahana",https://gahanaonline.com/gold-rate-history/,Secondary-only
2024-03-15,2080/12/02,Silver,"Silver Rate Per Tola",1515,1298.87,129.89,129890,"NotifyNepal",https://notifynepal.com/en/silver-price-history-nepal,Secondary-only
2024-03-15,2080/12/02,Gold,"Gold Rate Per Tola",125400,107512.1,10751.03,10751030,"Gahana",https://gahanaonline.com/gold-rate-history/,Secondary-only
2024-03-14,2080/12/01,Silver,"Silver Rate Per Tola",1515,1298.87,129.89,129890,"NotifyNepal",https://notifynepal.com/en/silver-price-history-nepal,Secondary-only
2024-03-14,2080/12/01,Gold,"Gold Rate Per Tola",125800,107855.04,10785.32,10785320,"Gahana",https://gahanaonline.com/gold-rate-history/,Secondary-only
2024-03-13,2080/11/30,Silver,"Silver Rate Per Tola",1465,1256,125.6,125600,"NotifyNepal",https://notifynepal.com/en/silver-price-history-nepal,Secondary-only
2024-03-13,2080/11/30,Gold,"Gold Rate Per Tola",125000,107169.16,10716.74,10716740,"Gahana",https://gahanaonline.com/gold-rate-history/,Secondary-only
2024-03-12,2080/11/29,Silver,"Silver Rate Per Tola",1485,1273.15,127.31,127310,"NotifyNepal",https://notifynepal.com/en/silver-price-history-nepal,Secondary-only
2024-03-12,2080/11/29,Gold,"Gold Rate Per Tola",126000,108026.51,10802.47,10802470,"Gahana",https://gahanaonline.com/gold-rate-history/,Secondary-only
2024-03-11,2080/11/28,Silver,"Silver Rate Per Tola",1475,1264.57,126.46,126460,"NotifyNepal",https://notifynepal.com/en/silver-price-history-nepal,Secondary-only
2024-03-11,2080/11/28,Gold,"Gold Rate Per Tola",126000,108026.51,10802.47,10802470,"Gahana",https://gahanaonline.com/gold-rate-history/,Secondary-only
2024-03-10,2080/11/27,Silver,"Silver Rate Per Tola",1475,1264.57,126.46,126460,"NotifyNepal",https://notifynepal.com/en/silver-price-history-nepal,Secondary-only
2024-03-10,2080/11/27,Gold,"Gold Rate Per Tola",126000,108026.51,10802.47,10802470,"Gahana",https://gahanaonline.com/gold-rate-history/,Secondary-only
2024-03-08,2080/11/25,Silver,"Silver Rate Per Tola",1470,1260.29,126.03,126030,"NotifyNepal",https://notifynepal.com/en/silver-price-history-nepal,Secondary-only
2024-03-08,2080/11/25,Gold,"Gold Rate Per Tola",125000,107169.16,10716.74,10716740,"Gahana",https://gahanaonline.com/gold-rate-history/,Secondary-only
2024-03-07,2080/11/24,Silver,"Silver Rate Per Tola",1470,1260.29,126.03,126030,"NotifyNepal",https://notifynepal.com/en/silver-price-history-nepal,Secondary-only
2024-03-07,2080/11/24,Gold,"Gold Rate Per Tola",125000,107169.16,10716.74,10716740,"Gahana",https://gahanaonline.com/gold-rate-history/,Secondary-only
2024-03-06,2080/11/23,Silver,"Silver Rate Per Tola",1440,1234.57,123.46,123460,"NotifyNepal",https://notifynepal.com/en/silver-price-history-nepal,Secondary-only
2024-03-06,2080/11/23,Gold,"Gold Rate Per Tola",123500,105883.13,10588.13,10588130,"Gahana",https://gahanaonline.com/gold-rate-history/,Secondary-only
2024-03-05,2080/11/22,Silver,"Silver Rate Per Tola",1445,1238.85,123.89,123890,"NotifyNepal",https://notifynepal.com/en/silver-price-history-nepal,Secondary-only
2024-03-05,2080/11/22,Gold,"Gold Rate Per Tola",123000,105454.45,10545.27,10545270,"Gahana",https://gahanaonline.com/gold-rate-history/,Secondary-only
2024-03-04,2080/11/21,Silver,"Silver Rate Per Tola",1410,1208.85,120.88,120880,"NotifyNepal",https://notifynepal.com/en/silver-price-history-nepal,Secondary-only
2024-03-04,2080/11/21,Gold,"Gold Rate Per Tola",121000,103739.74,10373.8,10373800,"Gahana",https://gahanaonline.com/gold-rate-history/,Secondary-only
2024-03-03,2080/11/20,Silver,"Silver Rate Per Tola",1410,1208.85,120.88,120880,"NotifyNepal",https://notifynepal.com/en/silver-price-history-nepal,Secondary-only
2024-03-03,2080/11/20,Gold,"Gold Rate Per Tola",121000,103739.74,10373.8,10373800,"Gahana",https://gahanaonline.com/gold-rate-history/,Secondary-only
2024-03-01,2080/11/18,Silver,"Silver Rate Per Tola",1390,1191.7,119.17,119170,"NotifyNepal",https://notifynepal.com/en/silver-price-history-nepal,Secondary-only
2024-03-01,2080/11/18,Gold,"Gold Rate Per Tola",119000,102025.04,10202.33,10202330,"Gahana",https://gahanaonline.com/gold-rate-history/,Secondary-only
2024-02-29,2080/11/17,Silver,"Silver Rate Per Tola",1375,1178.84,117.88,117880,"NotifyNepal",https://notifynepal.com/en/silver-price-history-nepal,Secondary-only
2024-02-29,2080/11/17,Gold,"Gold Rate Per Tola",118400,101510.62,10150.89,10150890,"Gahana",https://gahanaonline.com/gold-rate-history/,Secondary-only
2024-02-28,2080/11/16,Gold,"Gold Rate Per Tola",118200,101339.15,10133.74,10133740,"Gahana",https://gahanaonline.com/gold-rate-history/,Secondary-only
2024-02-27,2080/11/15,Silver,"Silver Rate Per Tola",1380,1183.13,118.31,118310,"NotifyNepal",https://notifynepal.com/en/silver-price-history-nepal,Secondary-only
2024-02-27,2080/11/15,Gold,"Gold Rate Per Tola",118300,101424.89,10142.32,10142320,"Gahana",https://gahanaonline.com/gold-rate-history/,Secondary-only
2024-02-26,2080/11/14,Silver,"Silver Rate Per Tola",1395,1195.99,119.6,119600,"NotifyNepal",https://notifynepal.com/en/silver-price-history-nepal,Secondary-only
2024-02-26,2080/11/14,Gold,"Gold Rate Per Tola",118300,101424.89,10142.32,10142320,"Gahana",https://gahanaonline.com/gold-rate-history/,Secondary-only
2024-02-25,2080/11/13,Silver,"Silver Rate Per Tola",1400,1200.27,120.03,120030,"NotifyNepal",https://notifynepal.com/en/silver-price-history-nepal,Secondary-only
2024-02-25,2080/11/13,Gold,"Gold Rate Per Tola",118500,101596.36,10159.47,10159470,"Gahana",https://gahanaonline.com/gold-rate-history/,Secondary-only
2024-02-23,2080/11/11,Silver,"Silver Rate Per Tola",1395,1195.99,119.6,119600,"NotifyNepal",https://notifynepal.com/en/silver-price-history-nepal,Secondary-only
2024-02-23,2080/11/11,Gold,"Gold Rate Per Tola",118000,101167.68,10116.6,10116600,"Gahana",https://gahanaonline.com/gold-rate-history/,Secondary-only
2024-02-22,2080/11/10,Silver,"Silver Rate Per Tola",1400,1200.27,120.03,120030,"NotifyNepal",https://notifynepal.com/en/silver-price-history-nepal,Secondary-only
2024-02-22,2080/11/10,Gold,"Gold Rate Per Tola",118000,101167.68,10116.6,10116600,"Gahana",https://gahanaonline.com/gold-rate-history/,Secondary-only
2024-02-21,2080/11/09,Silver,"Silver Rate Per Tola",1415,1213.13,121.31,121310,"NotifyNepal",https://notifynepal.com/en/silver-price-history-nepal,Secondary-only
2024-02-21,2080/11/09,Gold,"Gold Rate Per Tola",118400,101510.62,10150.89,10150890,"Gahana",https://gahanaonline.com/gold-rate-history/,Secondary-only
2024-02-20,2080/11/08,Silver,"Silver Rate Per Tola",1410,1208.85,120.88,120880,"NotifyNepal",https://notifynepal.com/en/silver-price-history-nepal,Secondary-only
2024-02-20,2080/11/08,Gold,"Gold Rate Per Tola",118000,101167.68,10116.6,10116600,"Gahana",https://gahanaonline.com/gold-rate-history/,Secondary-only
2024-02-19,2080/11/07,Silver,"Silver Rate Per Tola",1410,1208.85,120.88,120880,"NotifyNepal",https://notifynepal.com/en/silver-price-history-nepal,Secondary-only
2024-02-19,2080/11/07,Gold,"Gold Rate Per Tola",118000,101167.68,10116.6,10116600,"Gahana",https://gahanaonline.com/gold-rate-history/,Secondary-only
2024-02-18,2080/11/06,Silver,"Silver Rate Per Tola",1430,1225.99,122.6,122600,"NotifyNepal",https://notifynepal.com/en/silver-price-history-nepal,Secondary-only
2024-02-18,2080/11/06,Gold,"Gold Rate Per Tola",117600,100824.74,10082.3,10082300,"Gahana",https://gahanaonline.com/gold-rate-history/,Secondary-only
2024-02-16,2080/11/04,Silver,"Silver Rate Per Tola",1410,1208.85,120.88,120880,"NotifyNepal",https://notifynepal.com/en/silver-price-history-nepal,Secondary-only
2024-02-16,2080/11/04,Gold,"Gold Rate Per Tola",117100,100396.06,10039.44,10039440,"Gahana",https://gahanaonline.com/gold-rate-history/,Secondary-only
2024-02-15,2080/11/03,Silver,"Silver Rate Per Tola",1375,1178.84,117.88,117880,"NotifyNepal",https://notifynepal.com/en/silver-price-history-nepal,Secondary-only
2024-02-15,2080/11/03,Gold,"Gold Rate Per Tola",116500,99881.65,9988,9988000,"Gahana",https://gahanaonline.com/gold-rate-history/,Secondary-only
2024-02-14,2080/11/02,Silver,"Silver Rate Per Tola",1365,1170.27,117.03,117030,"NotifyNepal",https://notifynepal.com/en/silver-price-history-nepal,Secondary-only
2024-02-14,2080/11/02,Gold,"Gold Rate Per Tola",116500,99881.65,9988,9988000,"Gahana",https://gahanaonline.com/gold-rate-history/,Secondary-only
2024-02-13,2080/11/01,Silver,"Silver Rate Per Tola",1395,1195.99,119.6,119600,"NotifyNepal",https://notifynepal.com/en/silver-price-history-nepal,Secondary-only
2024-02-13,2080/11/01,Gold,"Gold Rate Per Tola",117700,100910.48,10090.88,10090880,"Gahana",https://gahanaonline.com/gold-rate-history/,Secondary-only
2024-02-12,2080/10/29,Silver,"Silver Rate Per Tola",1395,1195.99,119.6,119600,"NotifyNepal",https://notifynepal.com/en/silver-price-history-nepal,Secondary-only
2024-02-12,2080/10/29,Gold,"Gold Rate Per Tola",118000,101167.68,10116.6,10116600,"Gahana",https://gahanaonline.com/gold-rate-history/,Secondary-only
2024-02-11,2080/10/28,Silver,"Silver Rate Per Tola",1390,1191.7,119.17,119170,"NotifyNepal",https://notifynepal.com/en/silver-price-history-nepal,Secondary-only
2024-02-11,2080/10/28,Gold,"Gold Rate Per Tola",118000,101167.68,10116.6,10116600,"Gahana",https://gahanaonline.com/gold-rate-history/,Secondary-only
2024-02-09,2080/10/26,Silver,"Silver Rate Per Tola",1390,1191.7,119.17,119170,"NotifyNepal",https://notifynepal.com/en/silver-price-history-nepal,Secondary-only
2024-02-09,2080/10/26,Gold,"Gold Rate Per Tola",118000,101167.68,10116.6,10116600,"Gahana",https://gahanaonline.com/gold-rate-history/,Secondary-only
2024-02-08,2080/10/25,Silver,"Silver Rate Per Tola",1370,1174.55,117.46,117460,"NotifyNepal",https://notifynepal.com/en/silver-price-history-nepal,Secondary-only
2024-02-08,2080/10/25,Gold,"Gold Rate Per Tola",118400,101510.62,10150.89,10150890,"Gahana",https://gahanaonline.com/gold-rate-history/,Secondary-only
2024-02-07,2080/10/24,Silver,"Silver Rate Per Tola",1375,1178.84,117.88,117880,"NotifyNepal",https://notifynepal.com/en/silver-price-history-nepal,Secondary-only
2024-02-07,2080/10/24,Gold,"Gold Rate Per Tola",118600,101682.09,10168.04,10168040,"Gahana",https://gahanaonline.com/gold-rate-history/,Secondary-only
2024-02-06,2080/10/23,Silver,"Silver Rate Per Tola",1375,1178.84,117.88,117880,"NotifyNepal",https://notifynepal.com/en/silver-price-history-nepal,Secondary-only
2024-02-06,2080/10/23,Gold,"Gold Rate Per Tola",118000,101167.68,10116.6,10116600,"Gahana",https://gahanaonline.com/gold-rate-history/,Secondary-only
2024-02-05,2080/10/22,Silver,"Silver Rate Per Tola",1390,1191.7,119.17,119170,"NotifyNepal",https://notifynepal.com/en/silver-price-history-nepal,Secondary-only
2024-02-05,2080/10/22,Gold,"Gold Rate Per Tola",118500,101596.36,10159.47,10159470,"Gahana",https://gahanaonline.com/gold-rate-history/,Secondary-only
2024-02-04,2080/10/21,Silver,"Silver Rate Per Tola",1395,1195.99,119.6,119600,"NotifyNepal",https://notifynepal.com/en/silver-price-history-nepal,Secondary-only
2024-02-04,2080/10/21,Gold,"Gold Rate Per Tola",118900,101939.3,10193.76,10193760,"Gahana",https://gahanaonline.com/gold-rate-history/,Secondary-only
2024-02-02,2080/10/19,Silver,"Silver Rate Per Tola",1415,1213.13,121.31,121310,"NotifyNepal",https://notifynepal.com/en/silver-price-history-nepal,Secondary-only
2024-02-02,2080/10/19,Gold,"Gold Rate Per Tola",119500,102453.71,10245.2,10245200,"Gahana",https://gahanaonline.com/gold-rate-history/,Secondary-only
2024-02-01,2080/10/18,Silver,"Silver Rate Per Tola",1410,1208.85,120.88,120880,"NotifyNepal",https://notifynepal.com/en/silver-price-history-nepal,Secondary-only
2024-02-01,2080/10/18,Gold,"Gold Rate Per Tola",119200,102196.51,10219.48,10219480,"Gahana",https://gahanaonline.com/gold-rate-history/,Secondary-only
2024-01-31,2080/10/17,Silver,"Silver Rate Per Tola",1420,1217.42,121.74,121740,"NotifyNepal",https://notifynepal.com/en/silver-price-history-nepal,Secondary-only
2024-01-31,2080/10/17,Gold,"Gold Rate Per Tola",118700,101767.83,10176.61,10176610,"Gahana",https://gahanaonline.com/gold-rate-history/,Secondary-only
2024-01-30,2080/10/16,Silver,"Silver Rate Per Tola",1420,1217.42,121.74,121740,"NotifyNepal",https://notifynepal.com/en/silver-price-history-nepal,Secondary-only
2024-01-30,2080/10/16,Gold,"Gold Rate Per Tola",118600,101682.09,10168.04,10168040,"Gahana",https://gahanaonline.com/gold-rate-history/,Secondary-only
2024-01-29,,Silver,"Silver Rate Per Tola",1405,1204.56,120.46,120460,"NotifyNepal",https://notifynepal.com/en/silver-price-history-nepal,Secondary-only
2024-01-28,2080/10/14,Silver,"Silver Rate Per Tola",1400,1200.27,120.03,120030,"NotifyNepal",https://notifynepal.com/en/silver-price-history-nepal,Secondary-only
2024-01-28,2080/10/14,Gold,"Gold Rate Per Tola",118000,101167.68,10116.6,10116600,"Gahana",https://gahanaonline.com/gold-rate-history/,Secondary-only
2024-01-26,2080/10/12,Silver,"Silver Rate Per Tola",1400,1200.27,120.03,120030,"NotifyNepal",https://notifynepal.com/en/silver-price-history-nepal,Secondary-only
2024-01-26,2080/10/12,Gold,"Gold Rate Per Tola",118000,101167.68,10116.6,10116600,"Gahana",https://gahanaonline.com/gold-rate-history/,Secondary-only
2024-01-25,2080/10/11,Silver,"Silver Rate Per Tola",1400,1200.27,120.03,120030,"NotifyNepal",https://notifynepal.com/en/silver-price-history-nepal,Secondary-only
2024-01-25,2080/10/11,Gold,"Gold Rate Per Tola",118000,101167.68,10116.6,10116600,"Gahana",https://gahanaonline.com/gold-rate-history/,Secondary-only
2024-01-24,2080/10/10,Silver,"Silver Rate Per Tola",1380,1183.13,118.31,118310,"NotifyNepal",https://notifynepal.com/en/silver-price-history-nepal,Secondary-only
2024-01-24,2080/10/10,Gold,"Gold Rate Per Tola",118400,101510.62,10150.89,10150890,"Gahana",https://gahanaonline.com/gold-rate-history/,Secondary-only
2024-01-23,2080/10/09,Silver,"Silver Rate Per Tola",1370,1174.55,117.46,117460,"NotifyNepal",https://notifynepal.com/en/silver-price-history-nepal,Secondary-only
2024-01-23,2080/10/09,Gold,"Gold Rate Per Tola",118400,101510.62,10150.89,10150890,"Gahana",https://gahanaonline.com/gold-rate-history/,Secondary-only
2024-01-22,2080/10/08,Silver,"Silver Rate Per Tola",1390,1191.7,119.17,119170,"NotifyNepal",https://notifynepal.com/en/silver-price-history-nepal,Secondary-only
2024-01-22,2080/10/08,Gold,"Gold Rate Per Tola",118400,101510.62,10150.89,10150890,"Gahana",https://gahanaonline.com/gold-rate-history/,Secondary-only
2024-01-21,2080/10/07,Silver,"Silver Rate Per Tola",1390,1191.7,119.17,119170,"NotifyNepal",https://notifynepal.com/en/silver-price-history-nepal,Secondary-only
2024-01-21,2080/10/07,Gold,"Gold Rate Per Tola",118400,101510.62,10150.89,10150890,"Gahana",https://gahanaonline.com/gold-rate-history/,Secondary-only
2024-01-19,2080/10/05,Silver,"Silver Rate Per Tola",1395,1195.99,119.6,119600,"NotifyNepal",https://notifynepal.com/en/silver-price-history-nepal,Secondary-only
2024-01-19,2080/10/05,Gold,"Gold Rate Per Tola",118000,101167.68,10116.6,10116600,"Gahana",https://gahanaonline.com/gold-rate-history/,Secondary-only
2024-01-18,2080/10/04,Silver,"Silver Rate Per Tola",1390,1191.7,119.17,119170,"NotifyNepal",https://notifynepal.com/en/silver-price-history-nepal,Secondary-only
2024-01-18,2080/10/04,Gold,"Gold Rate Per Tola",117500,100739.01,10073.73,10073730,"Gahana",https://gahanaonline.com/gold-rate-history/,Secondary-only
2024-01-17,2080/10/03,Silver,"Silver Rate Per Tola",1400,1200.27,120.03,120030,"NotifyNepal",https://notifynepal.com/en/silver-price-history-nepal,Secondary-only
2024-01-17,2080/10/03,Gold,"Gold Rate Per Tola",118200,101339.15,10133.74,10133740,"Gahana",https://gahanaonline.com/gold-rate-history/,Secondary-only
2024-01-16,2080/10/02,Silver,"Silver Rate Per Tola",1415,1213.13,121.31,121310,"NotifyNepal",https://notifynepal.com/en/silver-price-history-nepal,Secondary-only
2024-01-16,2080/10/02,Gold,"Gold Rate Per Tola",119400,102367.98,10236.63,10236630,"Gahana",https://gahanaonline.com/gold-rate-history/,Secondary-only
2024-01-15,2080/10/01,Silver,"Silver Rate Per Tola",1420,1217.42,121.74,121740,"NotifyNepal",https://notifynepal.com/en/silver-price-history-nepal,Secondary-only
2024-01-15,2080/10/01,Gold,"Gold Rate Per Tola",119500,102453.71,10245.2,10245200,"Gahana",https://gahanaonline.com/gold-rate-history/,Secondary-only
2024-01-14,2080/09/29,Silver,"Silver Rate Per Tola",1420,1217.42,121.74,121740,"NotifyNepal",https://notifynepal.com/en/silver-price-history-nepal,Secondary-only
2024-01-14,2080/09/29,Gold,"Gold Rate Per Tola",119200,102196.51,10219.48,10219480,"Gahana",https://gahanaonline.com/gold-rate-history/,Secondary-only
2024-01-12,2080/09/27,Silver,"Silver Rate Per Tola",1400,1200.27,120.03,120030,"NotifyNepal",https://notifynepal.com/en/silver-price-history-nepal,Secondary-only
2024-01-12,2080/09/27,Gold,"Gold Rate Per Tola",118600,101682.09,10168.04,10168040,"Gahana",https://gahanaonline.com/gold-rate-history/,Secondary-only
2024-01-11,2080/09/26,Silver,"Silver Rate Per Tola",1410,1208.85,120.88,120880,"NotifyNepal",https://notifynepal.com/en/silver-price-history-nepal,Secondary-only
2024-01-11,2080/09/26,Gold,"Gold Rate Per Tola",118300,101424.89,10142.32,10142320,"Gahana",https://gahanaonline.com/gold-rate-history/,Secondary-only
2024-01-10,2080/09/25,Silver,"Silver Rate Per Tola",1410,1208.85,120.88,120880,"NotifyNepal",https://notifynepal.com/en/silver-price-history-nepal,Secondary-only
2024-01-10,2080/09/25,Gold,"Gold Rate Per Tola",118500,101596.36,10159.47,10159470,"Gahana",https://gahanaonline.com/gold-rate-history/,Secondary-only
2024-01-09,2080/09/24,Silver,"Silver Rate Per Tola",1415,1213.13,121.31,121310,"NotifyNepal",https://notifynepal.com/en/silver-price-history-nepal,Secondary-only
2024-01-09,2080/09/24,Gold,"Gold Rate Per Tola",118600,101682.09,10168.04,10168040,"Gahana",https://gahanaonline.com/gold-rate-history/,Secondary-only
2024-01-08,2080/09/23,Silver,"Silver Rate Per Tola",1415,1213.13,121.31,121310,"NotifyNepal",https://notifynepal.com/en/silver-price-history-nepal,Secondary-only
2024-01-08,2080/09/23,Gold,"Gold Rate Per Tola",118800,101853.57,10185.19,10185190,"Gahana",https://gahanaonline.com/gold-rate-history/,Secondary-only
2024-01-07,2080/09/22,Silver,"Silver Rate Per Tola",1420,1217.42,121.74,121740,"NotifyNepal",https://notifynepal.com/en/silver-price-history-nepal,Secondary-only
2024-01-07,2080/09/22,Gold,"Gold Rate Per Tola",119500,102453.71,10245.2,10245200,"Gahana",https://gahanaonline.com/gold-rate-history/,Secondary-only
2024-01-05,2080/09/20,Silver,"Silver Rate Per Tola",1420,1217.42,121.74,121740,"NotifyNepal",https://notifynepal.com/en/silver-price-history-nepal,Secondary-only
2024-01-05,2080/09/20,Gold,"Gold Rate Per Tola",119500,102453.71,10245.2,10245200,"Gahana",https://gahanaonline.com/gold-rate-history/,Secondary-only
2024-01-04,2080/09/19,Silver,"Silver Rate Per Tola",1420,1217.42,121.74,121740,"NotifyNepal",https://notifynepal.com/en/silver-price-history-nepal,Secondary-only
2024-01-04,2080/09/19,Gold,"Gold Rate Per Tola",119500,102453.71,10245.2,10245200,"Gahana",https://gahanaonline.com/gold-rate-history/,Secondary-only
2024-01-03,2080/09/18,Silver,"Silver Rate Per Tola",1450,1243.14,124.31,124310,"NotifyNepal",https://notifynepal.com/en/silver-price-history-nepal,Secondary-only
2024-01-03,2080/09/18,Gold,"Gold Rate Per Tola",120800,103568.27,10356.65,10356650,"Gahana",https://gahanaonline.com/gold-rate-history/,Secondary-only
2024-01-02,2080/09/17,Silver,"Silver Rate Per Tola",1460,1251.71,125.17,125170,"NotifyNepal",https://notifynepal.com/en/silver-price-history-nepal,Secondary-only
2024-01-02,2080/09/17,Gold,"Gold Rate Per Tola",121000,103739.74,10373.8,10373800,"Gahana",https://gahanaonline.com/gold-rate-history/,Secondary-only
2024-01-01,2080/09/16,Silver,"Silver Rate Per Tola",1455,1247.43,124.74,124740,"NotifyNepal",https://notifynepal.com/en/silver-price-history-nepal,Secondary-only
2024-01-01,2080/09/16,Gold,"Gold Rate Per Tola",120500,103311.07,10330.93,10330930,"Gahana",https://gahanaonline.com/gold-rate-history/,Secondary-only
2023-12-31,2080/09/15,Silver,"Silver Rate Per Tola",1455,1247.43,124.74,124740,"NotifyNepal",https://notifynepal.com/en/silver-price-history-nepal,Secondary-only
2023-12-31,2080/09/15,Gold,"Gold Rate Per Tola",120500,103311.07,10330.93,10330930,"Gahana",https://gahanaonline.com/gold-rate-history/,Secondary-only
2023-12-29,2080/09/13,Silver,"Silver Rate Per Tola",1455,1247.43,124.74,124740,"NotifyNepal",https://notifynepal.com/en/silver-price-history-nepal,Secondary-only
2023-12-29,2080/09/13,Gold,"Gold Rate Per Tola",120700,103482.54,10348.08,10348080,"Gahana",https://gahanaonline.com/gold-rate-history/,Secondary-only
2023-12-28,2080/09/12,Gold,"Gold Rate Per Tola",122000,104597.1,10459.53,10459530,"Gahana",https://gahanaonline.com/gold-rate-history/,Secondary-only
2023-12-27,2080/09/11,Silver,"Silver Rate Per Tola",1475,1264.57,126.46,126460,"NotifyNepal",https://notifynepal.com/en/silver-price-history-nepal,Secondary-only
2023-12-27,2080/09/11,Gold,"Gold Rate Per Tola",120700,103482.54,10348.08,10348080,"Gahana",https://gahanaonline.com/gold-rate-history/,Secondary-only
2023-12-26,2080/09/10,Silver,"Silver Rate Per Tola",1485,1273.15,127.31,127310,"NotifyNepal",https://notifynepal.com/en/silver-price-history-nepal,Secondary-only
2023-12-26,2080/09/10,Gold,"Gold Rate Per Tola",120500,103311.07,10330.93,10330930,"Gahana",https://gahanaonline.com/gold-rate-history/,Secondary-only
2023-12-25,2080/09/09,Silver,"Silver Rate Per Tola",1475,1264.57,126.46,126460,"NotifyNepal",https://notifynepal.com/en/silver-price-history-nepal,Secondary-only
2023-12-25,2080/09/09,Gold,"Gold Rate Per Tola",119900,102796.65,10279.49,10279490,"Gahana",https://gahanaonline.com/gold-rate-history/,Secondary-only
2023-12-24,2080/09/08,Silver,"Silver Rate Per Tola",1475,1264.57,126.46,126460,"NotifyNepal",https://notifynepal.com/en/silver-price-history-nepal,Secondary-only
2023-12-24,2080/09/08,Gold,"Gold Rate Per Tola",119900,102796.65,10279.49,10279490,"Gahana",https://gahanaonline.com/gold-rate-history/,Secondary-only
2023-12-22,2080/09/06,Silver,"Silver Rate Per Tola",1485,1273.15,127.31,127310,"NotifyNepal",https://notifynepal.com/en/silver-price-history-nepal,Secondary-only
2023-12-22,2080/09/06,Gold,"Gold Rate Per Tola",119800,102710.92,10270.92,10270920,"Gahana",https://gahanaonline.com/gold-rate-history/,Secondary-only
2023-12-21,2080/09/05,Silver,"Silver Rate Per Tola",1480,1268.86,126.89,126890,"NotifyNepal",https://notifynepal.com/en/silver-price-history-nepal,Secondary-only
2023-12-21,2080/09/05,Gold,"Gold Rate Per Tola",119000,102025.04,10202.33,10202330,"Gahana",https://gahanaonline.com/gold-rate-history/,Secondary-only
2023-12-20,2080/09/04,Silver,"Silver Rate Per Tola",1465,1256,125.6,125600,"NotifyNepal",https://notifynepal.com/en/silver-price-history-nepal,Secondary-only
2023-12-20,2080/09/04,Gold,"Gold Rate Per Tola",119000,102025.04,10202.33,10202330,"Gahana",https://gahanaonline.com/gold-rate-history/,Secondary-only
2023-12-19,2080/09/03,Silver,"Silver Rate Per Tola",1450,1243.14,124.31,124310,"NotifyNepal",https://notifynepal.com/en/silver-price-history-nepal,Secondary-only
2023-12-19,2080/09/03,Gold,"Gold Rate Per Tola",118000,101167.68,10116.6,10116600,"Gahana",https://gahanaonline.com/gold-rate-history/,Secondary-only
2023-12-18,2080/09/02,Silver,"Silver Rate Per Tola",1455,1247.43,124.74,124740,"NotifyNepal",https://notifynepal.com/en/silver-price-history-nepal,Secondary-only
2023-12-18,2080/09/02,Gold,"Gold Rate Per Tola",117800,100996.21,10099.45,10099450,"Gahana",https://gahanaonline.com/gold-rate-history/,Secondary-only
2023-12-17,2080/09/01,Silver,"Silver Rate Per Tola",1455,1247.43,124.74,124740,"NotifyNepal",https://notifynepal.com/en/silver-price-history-nepal,Secondary-only
2023-12-17,2080/09/01,Gold,"Gold Rate Per Tola",117800,100996.21,10099.45,10099450,"Gahana",https://gahanaonline.com/gold-rate-history/,Secondary-only
2023-12-15,2080/08/29,Silver,"Silver Rate Per Tola",1470,1260.29,126.03,126030,"NotifyNepal",https://notifynepal.com/en/silver-price-history-nepal,Secondary-only
2023-12-15,2080/08/29,Gold,"Gold Rate Per Tola",119100,102110.77,10210.91,10210910,"Gahana",https://gahanaonline.com/gold-rate-history/,Secondary-only
2023-12-14,,Silver,"Silver Rate Per Tola",1455,1247.43,124.74,124740,"NotifyNepal",https://notifynepal.com/en/silver-price-history-nepal,Secondary-only
2023-12-13,2080/08/27,Silver,"Silver Rate Per Tola",1400,1200.27,120.03,120030,"NotifyNepal",https://notifynepal.com/en/silver-price-history-nepal,Secondary-only
2023-12-13,2080/08/27,Gold,"Gold Rate Per Tola",116000,99452.98,9945.13,9945130,"Gahana",https://gahanaonline.com/gold-rate-history/,Secondary-only
2023-12-12,2080/08/26,Silver,"Silver Rate Per Tola",1410,1208.85,120.88,120880,"NotifyNepal",https://notifynepal.com/en/silver-price-history-nepal,Secondary-only
2023-12-12,2080/08/26,Gold,"Gold Rate Per Tola",116300,99710.18,9970.85,9970850,"Gahana",https://gahanaonline.com/gold-rate-history/,Secondary-only
2023-12-11,2080/08/25,Silver,"Silver Rate Per Tola",1410,1208.85,120.88,120880,"NotifyNepal",https://notifynepal.com/en/silver-price-history-nepal,Secondary-only
2023-12-11,2080/08/25,Gold,"Gold Rate Per Tola",117000,100310.33,10030.86,10030860,"Gahana",https://gahanaonline.com/gold-rate-history/,Secondary-only
2023-12-10,2080/08/24,Silver,"Silver Rate Per Tola",1425,1221.71,122.17,122170,"NotifyNepal",https://notifynepal.com/en/silver-price-history-nepal,Secondary-only
2023-12-10,2080/08/24,Gold,"Gold Rate Per Tola",117500,100739.01,10073.73,10073730,"Gahana",https://gahanaonline.com/gold-rate-history/,Secondary-only
2023-12-08,2080/08/22,Silver,"Silver Rate Per Tola",1460,1251.71,125.17,125170,"NotifyNepal",https://notifynepal.com/en/silver-price-history-nepal,Secondary-only
2023-12-08,2080/08/22,Gold,"Gold Rate Per Tola",118800,101853.57,10185.19,10185190,"Gahana",https://gahanaonline.com/gold-rate-history/,Secondary-only
2023-12-07,2080/08/21,Silver,"Silver Rate Per Tola",1460,1251.71,125.17,125170,"NotifyNepal",https://notifynepal.com/en/silver-price-history-nepal,Secondary-only
2023-12-07,2080/08/21,Gold,"Gold Rate Per Tola",118600,101682.09,10168.04,10168040,"Gahana",https://gahanaonline.com/gold-rate-history/,Secondary-only
2023-12-06,2080/08/20,Silver,"Silver Rate Per Tola",1480,1268.86,126.89,126890,"NotifyNepal",https://notifynepal.com/en/silver-price-history-nepal,Secondary-only
2023-12-06,2080/08/20,Gold,"Gold Rate Per Tola",118400,101510.62,10150.89,10150890,"Gahana",https://gahanaonline.com/gold-rate-history/,Secondary-only
2023-12-05,2080/08/19,Silver,"Silver Rate Per Tola",1500,1286.01,128.6,128600,"NotifyNepal",https://notifynepal.com/en/silver-price-history-nepal,Secondary-only
2023-12-05,2080/08/19,Gold,"Gold Rate Per Tola",119200,102196.51,10219.48,10219480,"Gahana",https://gahanaonline.com/gold-rate-history/,Secondary-only
2023-12-04,2080/08/18,Silver,"Silver Rate Per Tola",1545,1324.59,132.46,132460,"NotifyNepal",https://notifynepal.com/en/silver-price-history-nepal,Secondary-only
2023-12-04,2080/08/18,Gold,"Gold Rate Per Tola",121600,104254.15,10425.24,10425240,"Gahana",https://gahanaonline.com/gold-rate-history/,Secondary-only
2023-12-03,2080/08/17,Silver,"Silver Rate Per Tola",1545,1324.59,132.46,132460,"NotifyNepal",https://notifynepal.com/en/silver-price-history-nepal,Secondary-only
2023-12-03,2080/08/17,Gold,"Gold Rate Per Tola",120800,103568.27,10356.65,10356650,"Gahana",https://gahanaonline.com/gold-rate-history/,Secondary-only
2023-12-01,2080/08/15,Silver,"Silver Rate Per Tola",1540,1320.3,132.03,132030,"NotifyNepal",https://notifynepal.com/en/silver-price-history-nepal,Secondary-only
2023-12-01,2080/08/15,Gold,"Gold Rate Per Tola",119000,102025.04,10202.33,10202330,"Gahana",https://gahanaonline.com/gold-rate-history/,Secondary-only
2023-11-30,2080/08/14,Silver,"Silver Rate Per Tola",1520,1303.16,130.32,130320,"NotifyNepal",https://notifynepal.com/en/silver-price-history-nepal,Secondary-only
2023-11-30,2080/08/14,Gold,"Gold Rate Per Tola",119300,102282.24,10228.05,10228050,"Gahana",https://gahanaonline.com/gold-rate-history/,Secondary-only
2023-11-29,2080/08/13,Silver,"Silver Rate Per Tola",1520,1303.16,130.32,130320,"NotifyNepal",https://notifynepal.com/en/silver-price-history-nepal,Secondary-only
2023-11-29,2080/08/13,Gold,"Gold Rate Per Tola",119300,102282.24,10228.05,10228050,"Gahana",https://gahanaonline.com/gold-rate-history/,Secondary-only
2023-11-28,2080/08/12,Silver,"Silver Rate Per Tola",1500,1286.01,128.6,128600,"NotifyNepal",https://notifynepal.com/en/silver-price-history-nepal,Secondary-only
2023-11-28,2080/08/12,Gold,"Gold Rate Per Tola",117700,100910.48,10090.88,10090880,"Gahana",https://gahanaonline.com/gold-rate-history/,Secondary-only
2023-11-27,2080/08/11,Silver,"Silver Rate Per Tola",1500,1286.01,128.6,128600,"NotifyNepal",https://notifynepal.com/en/silver-price-history-nepal,Secondary-only
2023-11-27,2080/08/11,Gold,"Gold Rate Per Tola",117400,100653.27,10065.16,10065160,"Gahana",https://gahanaonline.com/gold-rate-history/,Secondary-only
2023-11-26,2080/08/10,Silver,"Silver Rate Per Tola",1485,1273.15,127.31,127310,"NotifyNepal",https://notifynepal.com/en/silver-price-history-nepal,Secondary-only
2023-11-26,2080/08/10,Gold,"Gold Rate Per Tola",116900,100224.59,10022.29,10022290,"Gahana",https://gahanaonline.com/gold-rate-history/,Secondary-only
2023-11-24,2080/08/08,Silver,"Silver Rate Per Tola",1450,1243.14,124.31,124310,"NotifyNepal",https://notifynepal.com/en/silver-price-history-nepal,Secondary-only
2023-11-24,2080/08/08,Gold,"Gold Rate Per Tola",116300,99710.18,9970.85,9970850,"Gahana",https://gahanaonline.com/gold-rate-history/,Secondary-only
2023-11-23,2080/08/07,Silver,"Silver Rate Per Tola",1445,1238.85,123.89,123890,"NotifyNepal",https://notifynepal.com/en/silver-price-history-nepal,Secondary-only
2023-11-23,2080/08/07,Gold,"Gold Rate Per Tola",116500,99881.65,9988,9988000,"Gahana",https://gahanaonline.com/gold-rate-history/,Secondary-only
2023-11-22,2080/08/06,Silver,"Silver Rate Per Tola",1455,1247.43,124.74,124740,"NotifyNepal",https://notifynepal.com/en/silver-price-history-nepal,Secondary-only
2023-11-22,2080/08/06,Gold,"Gold Rate Per Tola",116500,99881.65,9988,9988000,"Gahana",https://gahanaonline.com/gold-rate-history/,Secondary-only
2023-11-21,2080/08/05,Silver,"Silver Rate Per Tola",1455,1247.43,124.74,124740,"NotifyNepal",https://notifynepal.com/en/silver-price-history-nepal,Secondary-only
2023-11-21,2080/08/05,Gold,"Gold Rate Per Tola",116200,99624.45,9962.28,9962280,"Gahana",https://gahanaonline.com/gold-rate-history/,Secondary-only
2023-11-20,2080/08/04,Silver,"Silver Rate Per Tola",1450,1243.14,124.31,124310,"NotifyNepal",https://notifynepal.com/en/silver-price-history-nepal,Secondary-only
2023-11-20,2080/08/04,Gold,"Gold Rate Per Tola",115700,99195.77,9919.41,9919410,"Gahana",https://gahanaonline.com/gold-rate-history/,Secondary-only
2023-11-19,2080/08/03,Silver,"Silver Rate Per Tola",1450,1243.14,124.31,124310,"NotifyNepal",https://notifynepal.com/en/silver-price-history-nepal,Secondary-only
2023-11-19,2080/08/03,Gold,"Gold Rate Per Tola",115500,99024.3,9902.26,9902260,"Gahana",https://gahanaonline.com/gold-rate-history/,Secondary-only
2023-11-17,2080/08/01,Silver,"Silver Rate Per Tola",1450,1243.14,124.31,124310,"NotifyNepal",https://notifynepal.com/en/silver-price-history-nepal,Secondary-only
2023-11-17,2080/08/01,Gold,"Gold Rate Per Tola",115500,99024.3,9902.26,9902260,"Gahana",https://gahanaonline.com/gold-rate-history/,Secondary-only
2023-11-13,,Silver,"Silver Rate Per Tola",1360,1165.98,116.6,116600,"NotifyNepal",https://notifynepal.com/en/silver-price-history-nepal,Secondary-only
2023-11-12,,Silver,"Silver Rate Per Tola",1380,1183.13,118.31,118310,"NotifyNepal",https://notifynepal.com/en/silver-price-history-nepal,Secondary-only
2023-11-10,2080/07/24,Silver,"Silver Rate Per Tola",1400,1200.27,120.03,120030,"NotifyNepal",https://notifynepal.com/en/silver-price-history-nepal,Secondary-only
2023-11-10,2080/07/24,Gold,"Gold Rate Per Tola",114700,98338.42,9833.68,9833680,"Gahana",https://gahanaonline.com/gold-rate-history/,Secondary-only
2023-11-09,2080/07/23,Silver,"Silver Rate Per Tola",1380,1183.13,118.31,118310,"NotifyNepal",https://notifynepal.com/en/silver-price-history-nepal,Secondary-only
2023-11-09,2080/07/23,Gold,"Gold Rate Per Tola",113700,97481.06,9747.94,9747940,"Gahana",https://gahanaonline.com/gold-rate-history/,Secondary-only
2023-11-08,2080/07/22,Silver,"Silver Rate Per Tola",1385,1187.41,118.74,118740,"NotifyNepal",https://notifynepal.com/en/silver-price-history-nepal,Secondary-only
2023-11-08,2080/07/22,Gold,"Gold Rate Per Tola",114700,98338.42,9833.68,9833680,"Gahana",https://gahanaonline.com/gold-rate-history/,Secondary-only
2023-11-07,2080/07/21,Silver,"Silver Rate Per Tola",1405,1204.56,120.46,120460,"NotifyNepal",https://notifynepal.com/en/silver-price-history-nepal,Secondary-only
2023-11-07,2080/07/21,Gold,"Gold Rate Per Tola",115000,98595.62,9859.4,9859400,"Gahana",https://gahanaonline.com/gold-rate-history/,Secondary-only
2023-11-06,2080/07/20,Silver,"Silver Rate Per Tola",1415,1213.13,121.31,121310,"NotifyNepal",https://notifynepal.com/en/silver-price-history-nepal,Secondary-only
2023-11-06,2080/07/20,Gold,"Gold Rate Per Tola",115400,98938.56,9893.69,9893690,"Gahana",https://gahanaonline.com/gold-rate-history/,Secondary-only
2023-11-05,2080/07/19,Silver,"Silver Rate Per Tola",1415,1213.13,121.31,121310,"NotifyNepal",https://notifynepal.com/en/silver-price-history-nepal,Secondary-only
2023-11-05,2080/07/19,Gold,"Gold Rate Per Tola",115900,99367.24,9936.56,9936560,"Gahana",https://gahanaonline.com/gold-rate-history/,Secondary-only
2023-11-03,2080/07/17,Silver,"Silver Rate Per Tola",1390,1191.7,119.17,119170,"NotifyNepal",https://notifynepal.com/en/silver-price-history-nepal,Secondary-only
2023-11-03,2080/07/17,Gold,"Gold Rate Per Tola",115900,99367.24,9936.56,9936560,"Gahana",https://gahanaonline.com/gold-rate-history/,Secondary-only
2023-11-02,2080/07/16,Silver,"Silver Rate Per Tola",1405,1204.56,120.46,120460,"NotifyNepal",https://notifynepal.com/en/silver-price-history-nepal,Secondary-only
2023-11-02,2080/07/16,Gold,"Gold Rate Per Tola",115700,99195.77,9919.41,9919410,"Gahana",https://gahanaonline.com/gold-rate-history/,Secondary-only
2023-11-01,2080/07/15,Silver,"Silver Rate Per Tola",1385,1187.41,118.74,118740,"NotifyNepal",https://notifynepal.com/en/silver-price-history-nepal,Secondary-only
2023-11-01,2080/07/15,Gold,"Gold Rate Per Tola",115000,98595.62,9859.4,9859400,"Gahana",https://gahanaonline.com/gold-rate-history/,Secondary-only
2023-10-31,2080/07/14,Silver,"Silver Rate Per Tola",1420,1217.42,121.74,121740,"NotifyNepal",https://notifynepal.com/en/silver-price-history-nepal,Secondary-only
2023-10-31,2080/07/14,Gold,"Gold Rate Per Tola",116000,99452.98,9945.13,9945130,"Gahana",https://gahanaonline.com/gold-rate-history/,Secondary-only
2023-10-30,2080/07/13,Silver,"Silver Rate Per Tola",1410,1208.85,120.88,120880,"NotifyNepal",https://notifynepal.com/en/silver-price-history-nepal,Secondary-only
2023-10-30,2080/07/13,Gold,"Gold Rate Per Tola",116500,99881.65,9988,9988000,"Gahana",https://gahanaonline.com/gold-rate-history/,Secondary-only
2023-10-29,2080/07/12,Silver,"Silver Rate Per Tola",1415,1213.13,121.31,121310,"NotifyNepal",https://notifynepal.com/en/silver-price-history-nepal,Secondary-only
2023-10-29,2080/07/12,Gold,"Gold Rate Per Tola",117000,100310.33,10030.86,10030860,"Gahana",https://gahanaonline.com/gold-rate-history/,Secondary-only
2023-10-28,,Silver,"Silver Rate Per Tola",1415,1213.13,121.31,121310,"NotifyNepal",https://notifynepal.com/en/silver-price-history-nepal,Secondary-only
2023-10-27,,Silver,"Silver Rate Per Tola",1400,1200.27,120.03,120030,"NotifyNepal",https://notifynepal.com/en/silver-price-history-nepal,Secondary-only
2023-10-20,2080/07/03,Silver,"Silver Rate Per Tola",1400,1200.27,120.03,120030,"NotifyNepal",https://notifynepal.com/en/silver-price-history-nepal,Secondary-only
2023-10-20,2080/07/03,Gold,"Gold Rate Per Tola",115500,99024.3,9902.26,9902260,"Gahana",https://gahanaonline.com/gold-rate-history/,Secondary-only
2023-10-19,2080/07/02,Silver,"Silver Rate Per Tola",1395,1195.99,119.6,119600,"NotifyNepal",https://notifynepal.com/en/silver-price-history-nepal,Secondary-only
2023-10-19,2080/07/02,Gold,"Gold Rate Per Tola",113700,97481.06,9747.94,9747940,"Gahana",https://gahanaonline.com/gold-rate-history/,Secondary-only
2023-10-18,2080/07/01,Silver,"Silver Rate Per Tola",1410,1208.85,120.88,120880,"NotifyNepal",https://notifynepal.com/en/silver-price-history-nepal,Secondary-only
2023-10-18,2080/07/01,Gold,"Gold Rate Per Tola",113200,97052.39,9705.08,9705080,"Gahana",https://gahanaonline.com/gold-rate-history/,Secondary-only
2023-10-17,2080/06/30,Silver,"Silver Rate Per Tola",1375,1178.84,117.88,117880,"NotifyNepal",https://notifynepal.com/en/silver-price-history-nepal,Secondary-only
2023-10-17,2080/06/30,Gold,"Gold Rate Per Tola",111900,95937.83,9593.62,9593620,"Gahana",https://gahanaonline.com/gold-rate-history/,Secondary-only
2023-10-16,2080/06/29,Silver,"Silver Rate Per Tola",1390,1191.7,119.17,119170,"NotifyNepal",https://notifynepal.com/en/silver-price-history-nepal,Secondary-only
2023-10-16,2080/06/29,Gold,"Gold Rate Per Tola",112300,96280.77,9627.91,9627910,"Gahana",https://gahanaonline.com/gold-rate-history/,Secondary-only
2023-10-15,2080/06/28,Silver,"Silver Rate Per Tola",1390,1191.7,119.17,119170,"NotifyNepal",https://notifynepal.com/en/silver-price-history-nepal,Secondary-only
2023-10-15,2080/06/28,Gold,"Gold Rate Per Tola",113000,96880.92,9687.93,9687930,"Gahana",https://gahanaonline.com/gold-rate-history/,Secondary-only
2023-10-14,2080/06/27,Gold,"Gold Rate Per Tola",113000,96880.92,9687.93,9687930,"Gahana",https://gahanaonline.com/gold-rate-history/,Secondary-only
2023-10-13,2080/06/26,Silver,"Silver Rate Per Tola",1345,1153.12,115.31,115310,"NotifyNepal",https://notifynepal.com/en/silver-price-history-nepal,Secondary-only
2023-10-13,2080/06/26,Gold,"Gold Rate Per Tola",110100,94394.59,9439.3,9439300,"Gahana",https://gahanaonline.com/gold-rate-history/,Secondary-only
2023-10-12,2080/06/25,Silver,"Silver Rate Per Tola",1350,1157.41,115.74,115740,"NotifyNepal",https://notifynepal.com/en/silver-price-history-nepal,Secondary-only
2023-10-12,2080/06/25,Gold,"Gold Rate Per Tola",109500,93880.18,9387.86,9387860,"Gahana",https://gahanaonline.com/gold-rate-history/,Secondary-only
2023-10-11,2080/06/24,Silver,"Silver Rate Per Tola",1340,1148.83,114.88,114880,"NotifyNepal",https://notifynepal.com/en/silver-price-history-nepal,Secondary-only
2023-10-11,2080/06/24,Gold,"Gold Rate Per Tola",108800,93280.03,9327.85,9327850,"Gahana",https://gahanaonline.com/gold-rate-history/,Secondary-only
2023-10-10,2080/06/23,Silver,"Silver Rate Per Tola",1340,1148.83,114.88,114880,"NotifyNepal",https://notifynepal.com/en/silver-price-history-nepal,Secondary-only
2023-10-10,2080/06/23,Gold,"Gold Rate Per Tola",108900,93365.77,9336.42,9336420,"Gahana",https://gahanaonline.com/gold-rate-history/,Secondary-only
2023-10-09,2080/06/22,Silver,"Silver Rate Per Tola",1345,1153.12,115.31,115310,"NotifyNepal",https://notifynepal.com/en/silver-price-history-nepal,Secondary-only
2023-10-09,2080/06/22,Gold,"Gold Rate Per Tola",108600,93108.56,9310.7,9310700,"Gahana",https://gahanaonline.com/gold-rate-history/,Secondary-only
2023-10-08,2080/06/21,Silver,"Silver Rate Per Tola",1330,1140.26,114.03,114030,"NotifyNepal",https://notifynepal.com/en/silver-price-history-nepal,Secondary-only
2023-10-08,2080/06/21,Gold,"Gold Rate Per Tola",107600,92251.21,9224.97,9224970,"Gahana",https://gahanaonline.com/gold-rate-history/,Secondary-only
2023-10-06,2080/06/19,Silver,"Silver Rate Per Tola",1310,1123.11,112.31,112310,"NotifyNepal",https://notifynepal.com/en/silver-price-history-nepal,Secondary-only
2023-10-06,2080/06/19,Gold,"Gold Rate Per Tola",107300,91994,9199.25,9199250,"Gahana",https://gahanaonline.com/gold-rate-history/,Secondary-only
2023-10-05,2080/06/18,Silver,"Silver Rate Per Tola",1310,1123.11,112.31,112310,"NotifyNepal",https://notifynepal.com/en/silver-price-history-nepal,Secondary-only
2023-10-05,2080/06/18,Gold,"Gold Rate Per Tola",107300,91994,9199.25,9199250,"Gahana",https://gahanaonline.com/gold-rate-history/,Secondary-only
2023-10-04,2080/06/17,Silver,"Silver Rate Per Tola",1310,1123.11,112.31,112310,"NotifyNepal",https://notifynepal.com/en/silver-price-history-nepal,Secondary-only
2023-10-04,2080/06/17,Gold,"Gold Rate Per Tola",106900,91651.06,9164.95,9164950,"Gahana",https://gahanaonline.com/gold-rate-history/,Secondary-only
2023-10-03,2080/06/16,Silver,"Silver Rate Per Tola",1310,1123.11,112.31,112310,"NotifyNepal",https://notifynepal.com/en/silver-price-history-nepal,Secondary-only
2023-10-03,2080/06/16,Gold,"Gold Rate Per Tola",106600,91393.86,9139.23,9139230,"Gahana",https://gahanaonline.com/gold-rate-history/,Secondary-only
2023-10-02,2080/06/15,Silver,"Silver Rate Per Tola",1340,1148.83,114.88,114880,"NotifyNepal",https://notifynepal.com/en/silver-price-history-nepal,Secondary-only
2023-10-02,2080/06/15,Gold,"Gold Rate Per Tola",107900,92508.41,9250.69,9250690,"Gahana",https://gahanaonline.com/gold-rate-history/,Secondary-only
2023-10-01,2080/06/14,Silver,"Silver Rate Per Tola",1360,1165.98,116.6,116600,"NotifyNepal",https://notifynepal.com/en/silver-price-history-nepal,Secondary-only
2023-10-01,2080/06/14,Gold,"Gold Rate Per Tola",108000,92594.15,9259.26,9259260,"Gahana",https://gahanaonline.com/gold-rate-history/,Secondary-only
2023-09-29,2080/06/12,Silver,"Silver Rate Per Tola",1395,1195.99,119.6,119600,"NotifyNepal",https://notifynepal.com/en/silver-price-history-nepal,Secondary-only
2023-09-29,2080/06/12,Gold,"Gold Rate Per Tola",108800,93280.03,9327.85,9327850,"Gahana",https://gahanaonline.com/gold-rate-history/,Secondary-only
2023-09-28,2080/06/11,Silver,"Silver Rate Per Tola",1370,1174.55,117.46,117460,"NotifyNepal",https://notifynepal.com/en/silver-price-history-nepal,Secondary-only
2023-09-28,2080/06/11,Gold,"Gold Rate Per Tola",109600,93965.92,9396.43,9396430,"Gahana",https://gahanaonline.com/gold-rate-history/,Secondary-only
2023-09-27,2080/06/10,Silver,"Silver Rate Per Tola",1385,1187.41,118.74,118740,"NotifyNepal",https://notifynepal.com/en/silver-price-history-nepal,Secondary-only
2023-09-27,2080/06/10,Gold,"Gold Rate Per Tola",111000,95166.21,9516.46,9516460,"Gahana",https://gahanaonline.com/gold-rate-history/,Secondary-only
2023-09-26,2080/06/09,Silver,"Silver Rate Per Tola",1400,1200.27,120.03,120030,"NotifyNepal",https://notifynepal.com/en/silver-price-history-nepal,Secondary-only
2023-09-26,2080/06/09,Gold,"Gold Rate Per Tola",111800,95852.09,9585.05,9585050,"Gahana",https://gahanaonline.com/gold-rate-history/,Secondary-only
2023-09-25,2080/06/08,Silver,"Silver Rate Per Tola",1430,1225.99,122.6,122600,"NotifyNepal",https://notifynepal.com/en/silver-price-history-nepal,Secondary-only
2023-09-25,2080/06/08,Gold,"Gold Rate Per Tola",112200,96195.03,9619.34,9619340,"Gahana",https://gahanaonline.com/gold-rate-history/,Secondary-only
2023-09-24,2080/06/07,Silver,"Silver Rate Per Tola",1430,1225.99,122.6,122600,"NotifyNepal",https://notifynepal.com/en/silver-price-history-nepal,Secondary-only
2023-09-24,2080/06/07,Gold,"Gold Rate Per Tola",112200,96195.03,9619.34,9619340,"Gahana",https://gahanaonline.com/gold-rate-history/,Secondary-only
2023-09-22,2080/06/05,Silver,"Silver Rate Per Tola",1425,1221.71,122.17,122170,"NotifyNepal",https://notifynepal.com/en/silver-price-history-nepal,Secondary-only
2023-09-22,2080/06/05,Gold,"Gold Rate Per Tola",112100,96109.3,9610.77,9610770,"Gahana",https://gahanaonline.com/gold-rate-history/,Secondary-only
2023-09-21,2080/06/04,Silver,"Silver Rate Per Tola",1410,1208.85,120.88,120880,"NotifyNepal",https://notifynepal.com/en/silver-price-history-nepal,Secondary-only
2023-09-21,2080/06/04,Gold,"Gold Rate Per Tola",112500,96452.24,9645.06,9645060,"Gahana",https://gahanaonline.com/gold-rate-history/,Secondary-only
2023-09-20,2080/06/03,Silver,"Silver Rate Per Tola",1405,1204.56,120.46,120460,"NotifyNepal",https://notifynepal.com/en/silver-price-history-nepal,Secondary-only
2023-09-20,2080/06/03,Gold,"Gold Rate Per Tola",112800,96709.45,9670.78,9670780,"Gahana",https://gahanaonline.com/gold-rate-history/,Secondary-only
2023-09-19,2080/06/02,Silver,"Silver Rate Per Tola",1410,1208.85,120.88,120880,"NotifyNepal",https://notifynepal.com/en/silver-price-history-nepal,Secondary-only
2023-09-19,2080/06/02,Gold,"Gold Rate Per Tola",113000,96880.92,9687.93,9687930,"Gahana",https://gahanaonline.com/gold-rate-history/,Secondary-only
2023-09-18,2080/06/01,Silver,"Silver Rate Per Tola",1405,1204.56,120.46,120460,"NotifyNepal",https://notifynepal.com/en/silver-price-history-nepal,Secondary-only
2023-09-18,2080/06/01,Gold,"Gold Rate Per Tola",112500,96452.24,9645.06,9645060,"Gahana",https://gahanaonline.com/gold-rate-history/,Secondary-only
2023-09-17,2080/05/31,Silver,"Silver Rate Per Tola",1400,1200.27,120.03,120030,"NotifyNepal",https://notifynepal.com/en/silver-price-history-nepal,Secondary-only
2023-09-17,2080/05/31,Gold,"Gold Rate Per Tola",112300,96280.77,9627.91,9627910,"Gahana",https://gahanaonline.com/gold-rate-history/,Secondary-only
2023-09-15,2080/05/29,Silver,"Silver Rate Per Tola",1395,1195.99,119.6,119600,"NotifyNepal",https://notifynepal.com/en/silver-price-history-nepal,Secondary-only
2023-09-15,2080/05/29,Gold,"Gold Rate Per Tola",111800,95852.09,9585.05,9585050,"Gahana",https://gahanaonline.com/gold-rate-history/,Secondary-only
2023-09-14,2080/05/28,Silver,"Silver Rate Per Tola",1385,1187.41,118.74,118740,"NotifyNepal",https://notifynepal.com/en/silver-price-history-nepal,Secondary-only
2023-09-14,2080/05/28,Gold,"Gold Rate Per Tola",111200,95337.68,9533.61,9533610,"Gahana",https://gahanaonline.com/gold-rate-history/,Secondary-only
2023-09-13,2080/05/27,Silver,"Silver Rate Per Tola",1390,1191.7,119.17,119170,"NotifyNepal",https://notifynepal.com/en/silver-price-history-nepal,Secondary-only
2023-09-13,2080/05/27,Gold,"Gold Rate Per Tola",111200,95337.68,9533.61,9533610,"Gahana",https://gahanaonline.com/gold-rate-history/,Secondary-only
2023-09-12,2080/05/26,Silver,"Silver Rate Per Tola",1405,1204.56,120.46,120460,"NotifyNepal",https://notifynepal.com/en/silver-price-history-nepal,Secondary-only
2023-09-12,2080/05/26,Gold,"Gold Rate Per Tola",112000,96023.56,9602.19,9602190,"Gahana",https://gahanaonline.com/gold-rate-history/,Secondary-only
2023-09-11,2080/05/25,Silver,"Silver Rate Per Tola",1400,1200.27,120.03,120030,"NotifyNepal",https://notifynepal.com/en/silver-price-history-nepal,Secondary-only
2023-09-11,2080/05/25,Gold,"Gold Rate Per Tola",112000,96023.56,9602.19,9602190,"Gahana",https://gahanaonline.com/gold-rate-history/,Secondary-only
2023-09-10,2080/05/24,Silver,"Silver Rate Per Tola",1395,1195.99,119.6,119600,"NotifyNepal",https://notifynepal.com/en/silver-price-history-nepal,Secondary-only
2023-09-10,2080/05/24,Gold,"Gold Rate Per Tola",111900,95937.83,9593.62,9593620,"Gahana",https://gahanaonline.com/gold-rate-history/,Secondary-only
2023-09-08,2080/05/22,Silver,"Silver Rate Per Tola",1405,1204.56,120.46,120460,"NotifyNepal",https://notifynepal.com/en/silver-price-history-nepal,Secondary-only
2023-09-08,2080/05/22,Gold,"Gold Rate Per Tola",112300,96280.77,9627.91,9627910,"Gahana",https://gahanaonline.com/gold-rate-history/,Secondary-only
2023-09-07,2080/05/21,Silver,"Silver Rate Per Tola",1410,1208.85,120.88,120880,"NotifyNepal",https://notifynepal.com/en/silver-price-history-nepal,Secondary-only
2023-09-07,2080/05/21,Gold,"Gold Rate Per Tola",112000,96023.56,9602.19,9602190,"Gahana",https://gahanaonline.com/gold-rate-history/,Secondary-only
2023-09-06,2080/05/20,Silver,"Silver Rate Per Tola",1430,1225.99,122.6,122600,"NotifyNepal",https://notifynepal.com/en/silver-price-history-nepal,Secondary-only
2023-09-06,2080/05/20,Gold,"Gold Rate Per Tola",112400,96366.5,9636.49,9636490,"Gahana",https://gahanaonline.com/gold-rate-history/,Secondary-only
2023-09-05,2080/05/19,Silver,"Silver Rate Per Tola",1445,1238.85,123.89,123890,"NotifyNepal",https://notifynepal.com/en/silver-price-history-nepal,Secondary-only
2023-09-05,2080/05/19,Gold,"Gold Rate Per Tola",112700,96623.71,9662.21,9662210,"Gahana",https://gahanaonline.com/gold-rate-history/,Secondary-only
2023-09-04,2080/05/18,Silver,"Silver Rate Per Tola",1465,1256,125.6,125600,"NotifyNepal",https://notifynepal.com/en/silver-price-history-nepal,Secondary-only
2023-09-04,2080/05/18,Gold,"Gold Rate Per Tola",113000,96880.92,9687.93,9687930,"Gahana",https://gahanaonline.com/gold-rate-history/,Secondary-only
2023-09-03,2080/05/17,Silver,"Silver Rate Per Tola",1460,1251.71,125.17,125170,"NotifyNepal",https://notifynepal.com/en/silver-price-history-nepal,Secondary-only
2023-09-03,2080/05/17,Gold,"Gold Rate Per Tola",112600,96537.98,9653.64,9653640,"Gahana",https://gahanaonline.com/gold-rate-history/,Secondary-only
2023-09-01,2080/05/15,Silver,"Silver Rate Per Tola",1470,1260.29,126.03,126030,"NotifyNepal",https://notifynepal.com/en/silver-price-history-nepal,Secondary-only
2023-09-01,2080/05/15,Gold,"Gold Rate Per Tola",112500,96452.24,9645.06,9645060,"Gahana",https://gahanaonline.com/gold-rate-history/,Secondary-only
2023-08-31,2080/05/14,Silver,"Silver Rate Per Tola",1480,1268.86,126.89,126890,"NotifyNepal",https://notifynepal.com/en/silver-price-history-nepal,Secondary-only
2023-08-31,2080/05/14,Gold,"Gold Rate Per Tola",112800,96709.45,9670.78,9670780,"Gahana",https://gahanaonline.com/gold-rate-history/,Secondary-only
2023-08-30,2080/05/13,Silver,"Silver Rate Per Tola",1485,1273.15,127.31,127310,"NotifyNepal",https://notifynepal.com/en/silver-price-history-nepal,Secondary-only
2023-08-30,2080/05/13,Gold,"Gold Rate Per Tola",112500,96452.24,9645.06,9645060,"Gahana",https://gahanaonline.com/gold-rate-history/,Secondary-only
2023-08-29,2080/05/12,Silver,"Silver Rate Per Tola",1465,1256,125.6,125600,"NotifyNepal",https://notifynepal.com/en/silver-price-history-nepal,Secondary-only
2023-08-29,2080/05/12,Gold,"Gold Rate Per Tola",111700,95766.36,9576.47,9576470,"Gahana",https://gahanaonline.com/gold-rate-history/,Secondary-only
2023-08-28,2080/05/11,Silver,"Silver Rate Per Tola",1460,1251.71,125.17,125170,"NotifyNepal",https://notifynepal.com/en/silver-price-history-nepal,Secondary-only
2023-08-28,2080/05/11,Gold,"Gold Rate Per Tola",111100,95251.95,9525.03,9525030,"Gahana",https://gahanaonline.com/gold-rate-history/,Secondary-only
2023-08-27,2080/05/10,Silver,"Silver Rate Per Tola",1465,1256,125.6,125600,"NotifyNepal",https://notifynepal.com/en/silver-price-history-nepal,Secondary-only
2023-08-27,2080/05/10,Gold,"Gold Rate Per Tola",111100,95251.95,9525.03,9525030,"Gahana",https://gahanaonline.com/gold-rate-history/,Secondary-only
2023-08-25,2080/05/08,Silver,"Silver Rate Per Tola",1450,1243.14,124.31,124310,"NotifyNepal",https://notifynepal.com/en/silver-price-history-nepal,Secondary-only
2023-08-25,2080/05/08,Gold,"Gold Rate Per Tola",111100,95251.95,9525.03,9525030,"Gahana",https://gahanaonline.com/gold-rate-history/,Secondary-only
2023-08-24,2080/05/07,Silver,"Silver Rate Per Tola",1460,1251.71,125.17,125170,"NotifyNepal",https://notifynepal.com/en/silver-price-history-nepal,Secondary-only
2023-08-24,2080/05/07,Gold,"Gold Rate Per Tola",111100,95251.95,9525.03,9525030,"Gahana",https://gahanaonline.com/gold-rate-history/,Secondary-only
2023-08-23,2080/05/06,Silver,"Silver Rate Per Tola",1425,1221.71,122.17,122170,"NotifyNepal",https://notifynepal.com/en/silver-price-history-nepal,Secondary-only
2023-08-23,2080/05/06,Gold,"Gold Rate Per Tola",110600,94823.27,9482.17,9482170,"Gahana",https://gahanaonline.com/gold-rate-history/,Secondary-only
2023-08-22,2080/05/05,Gold,"Gold Rate Per Tola",110500,94737.53,9473.59,9473590,"Gahana",https://gahanaonline.com/gold-rate-history/,Secondary-only
2023-08-21,2080/05/04,Silver,"Silver Rate Per Tola",1390,1191.7,119.17,119170,"NotifyNepal",https://notifynepal.com/en/silver-price-history-nepal,Secondary-only
2023-08-21,2080/05/04,Gold,"Gold Rate Per Tola",110300,94566.06,9456.45,9456450,"Gahana",https://gahanaonline.com/gold-rate-history/,Secondary-only
2023-08-20,2080/05/03,Silver,"Silver Rate Per Tola",1390,1191.7,119.17,119170,"NotifyNepal",https://notifynepal.com/en/silver-price-history-nepal,Secondary-only
2023-08-20,2080/05/03,Gold,"Gold Rate Per Tola",110300,94566.06,9456.45,9456450,"Gahana",https://gahanaonline.com/gold-rate-history/,Secondary-only
2023-08-18,2080/05/01,Silver,"Silver Rate Per Tola",1390,1191.7,119.17,119170,"NotifyNepal",https://notifynepal.com/en/silver-price-history-nepal,Secondary-only
2023-08-18,2080/05/01,Gold,"Gold Rate Per Tola",110400,94651.8,9465.02,9465020,"Gahana",https://gahanaonline.com/gold-rate-history/,Secondary-only
2023-08-17,2080/04/32,Silver,"Silver Rate Per Tola",1370,1174.55,117.46,117460,"NotifyNepal",https://notifynepal.com/en/silver-price-history-nepal,Secondary-only
2023-08-17,2080/04/32,Gold,"Gold Rate Per Tola",110400,94651.8,9465.02,9465020,"Gahana",https://gahanaonline.com/gold-rate-history/,Secondary-only
2023-08-16,2080/04/31,Silver,"Silver Rate Per Tola",1375,1178.84,117.88,117880,"NotifyNepal",https://notifynepal.com/en/silver-price-history-nepal,Secondary-only
2023-08-16,2080/04/31,Gold,"Gold Rate Per Tola",111200,95337.68,9533.61,9533610,"Gahana",https://gahanaonline.com/gold-rate-history/,Secondary-only
2023-08-15,2080/04/30,Silver,"Silver Rate Per Tola",1380,1183.13,118.31,118310,"NotifyNepal",https://notifynepal.com/en/silver-price-history-nepal,Secondary-only
2023-08-15,2080/04/30,Gold,"Gold Rate Per Tola",111300,95423.42,9542.18,9542180,"Gahana",https://gahanaonline.com/gold-rate-history/,Secondary-only
2023-08-14,2080/04/29,Silver,"Silver Rate Per Tola",1375,1178.84,117.88,117880,"NotifyNepal",https://notifynepal.com/en/silver-price-history-nepal,Secondary-only
2023-08-14,2080/04/29,Gold,"Gold Rate Per Tola",111300,95423.42,9542.18,9542180,"Gahana",https://gahanaonline.com/gold-rate-history/,Secondary-only
2023-08-13,2080/04/28,Silver,"Silver Rate Per Tola",1375,1178.84,117.88,117880,"NotifyNepal",https://notifynepal.com/en/silver-price-history-nepal,Secondary-only
2023-08-13,2080/04/28,Gold,"Gold Rate Per Tola",111100,95251.95,9525.03,9525030,"Gahana",https://gahanaonline.com/gold-rate-history/,Secondary-only
2023-08-11,2080/04/26,Silver,"Silver Rate Per Tola",1375,1178.84,117.88,117880,"NotifyNepal",https://notifynepal.com/en/silver-price-history-nepal,Secondary-only
2023-08-11,2080/04/26,Gold,"Gold Rate Per Tola",111100,95251.95,9525.03,9525030,"Gahana",https://gahanaonline.com/gold-rate-history/,Secondary-only
2023-08-10,2080/04/25,Silver,"Silver Rate Per Tola",1380,1183.13,118.31,118310,"NotifyNepal",https://notifynepal.com/en/silver-price-history-nepal,Secondary-only
2023-08-10,2080/04/25,Gold,"Gold Rate Per Tola",111300,95423.42,9542.18,9542180,"Gahana",https://gahanaonline.com/gold-rate-history/,Secondary-only
2023-08-09,2080/04/24,Silver,"Silver Rate Per Tola",1390,1191.7,119.17,119170,"NotifyNepal",https://notifynepal.com/en/silver-price-history-nepal,Secondary-only
2023-08-09,2080/04/24,Gold,"Gold Rate Per Tola",112000,96023.56,9602.19,9602190,"Gahana",https://gahanaonline.com/gold-rate-history/,Secondary-only
2023-08-08,2080/04/23,Silver,"Silver Rate Per Tola",1400,1200.27,120.03,120030,"NotifyNepal",https://notifynepal.com/en/silver-price-history-nepal,Secondary-only
2023-08-08,2080/04/23,Gold,"Gold Rate Per Tola",112100,96109.3,9610.77,9610770,"Gahana",https://gahanaonline.com/gold-rate-history/,Secondary-only
2023-08-07,2080/04/22,Silver,"Silver Rate Per Tola",1425,1221.71,122.17,122170,"NotifyNepal",https://notifynepal.com/en/silver-price-history-nepal,Secondary-only
2023-08-07,2080/04/22,Gold,"Gold Rate Per Tola",112400,96366.5,9636.49,9636490,"Gahana",https://gahanaonline.com/gold-rate-history/,Secondary-only
2023-08-06,2080/04/21,Silver,"Silver Rate Per Tola",1425,1221.71,122.17,122170,"NotifyNepal",https://notifynepal.com/en/silver-price-history-nepal,Secondary-only
2023-08-06,2080/04/21,Gold,"Gold Rate Per Tola",112500,96452.24,9645.06,9645060,"Gahana",https://gahanaonline.com/gold-rate-history/,Secondary-only
2023-08-04,2080/04/19,Silver,"Silver Rate Per Tola",1425,1221.71,122.17,122170,"NotifyNepal",https://notifynepal.com/en/silver-price-history-nepal,Secondary-only
2023-08-04,2080/04/19,Gold,"Gold Rate Per Tola",112200,96195.03,9619.34,9619340,"Gahana",https://gahanaonline.com/gold-rate-history/,Secondary-only
2023-08-03,2080/04/18,Silver,"Silver Rate Per Tola",1425,1221.71,122.17,122170,"NotifyNepal",https://notifynepal.com/en/silver-price-history-nepal,Secondary-only
2023-08-03,2080/04/18,Gold,"Gold Rate Per Tola",112200,96195.03,9619.34,9619340,"Gahana",https://gahanaonline.com/gold-rate-history/,Secondary-only
2023-08-02,2080/04/17,Silver,"Silver Rate Per Tola",1460,1251.71,125.17,125170,"NotifyNepal",https://notifynepal.com/en/silver-price-history-nepal,Secondary-only
2023-08-02,2080/04/17,Gold,"Gold Rate Per Tola",112400,96366.5,9636.49,9636490,"Gahana",https://gahanaonline.com/gold-rate-history/,Secondary-only
2023-08-01,2080/04/16,Silver,"Silver Rate Per Tola",1475,1264.57,126.46,126460,"NotifyNepal",https://notifynepal.com/en/silver-price-history-nepal,Secondary-only
2023-08-01,2080/04/16,Gold,"Gold Rate Per Tola",113000,96880.92,9687.93,9687930,"Gahana",https://gahanaonline.com/gold-rate-history/,Secondary-only
2023-07-31,2080/04/15,Silver,"Silver Rate Per Tola",1450,1243.14,124.31,124310,"NotifyNepal",https://notifynepal.com/en/silver-price-history-nepal,Secondary-only
2023-07-31,2080/04/15,Gold,"Gold Rate Per Tola",112600,96537.98,9653.64,9653640,"Gahana",https://gahanaonline.com/gold-rate-history/,Secondary-only
2023-07-30,2080/04/14,Silver,"Silver Rate Per Tola",1455,1247.43,124.74,124740,"NotifyNepal",https://notifynepal.com/en/silver-price-history-nepal,Secondary-only
2023-07-30,2080/04/14,Gold,"Gold Rate Per Tola",112900,96795.18,9679.36,9679360,"Gahana",https://gahanaonline.com/gold-rate-history/,Secondary-only
2023-07-28,2080/04/12,Silver,"Silver Rate Per Tola",1450,1243.14,124.31,124310,"NotifyNepal",https://notifynepal.com/en/silver-price-history-nepal,Secondary-only
2023-07-28,2080/04/12,Gold,"Gold Rate Per Tola",112600,96537.98,9653.64,9653640,"Gahana",https://gahanaonline.com/gold-rate-history/,Secondary-only
2023-07-27,2080/04/11,Silver,"Silver Rate Per Tola",1490,1277.43,127.74,127740,"NotifyNepal",https://notifynepal.com/en/silver-price-history-nepal,Secondary-only
2023-07-27,2080/04/11,Gold,"Gold Rate Per Tola",113500,97309.59,9730.8,9730800,"Gahana",https://gahanaonline.com/gold-rate-history/,Secondary-only
2023-07-26,2080/04/10,Silver,"Silver Rate Per Tola",1465,1256,125.6,125600,"NotifyNepal",https://notifynepal.com/en/silver-price-history-nepal,Secondary-only
2023-07-26,2080/04/10,Gold,"Gold Rate Per Tola",112700,96623.71,9662.21,9662210,"Gahana",https://gahanaonline.com/gold-rate-history/,Secondary-only
2023-07-25,2080/04/09,Silver,"Silver Rate Per Tola",1455,1247.43,124.74,124740,"NotifyNepal",https://notifynepal.com/en/silver-price-history-nepal,Secondary-only
2023-07-25,2080/04/09,Gold,"Gold Rate Per Tola",112200,96195.03,9619.34,9619340,"Gahana",https://gahanaonline.com/gold-rate-history/,Secondary-only
2023-07-24,2080/04/08,Silver,"Silver Rate Per Tola",1460,1251.71,125.17,125170,"NotifyNepal",https://notifynepal.com/en/silver-price-history-nepal,Secondary-only
2023-07-24,2080/04/08,Gold,"Gold Rate Per Tola",112000,96023.56,9602.19,9602190,"Gahana",https://gahanaonline.com/gold-rate-history/,Secondary-only
2023-07-23,2080/04/07,Silver,"Silver Rate Per Tola",1465,1256,125.6,125600,"NotifyNepal",https://notifynepal.com/en/silver-price-history-nepal,Secondary-only
2023-07-23,2080/04/07,Gold,"Gold Rate Per Tola",112300,96280.77,9627.91,9627910,"Gahana",https://gahanaonline.com/gold-rate-history/,Secondary-only
2023-07-21,2080/04/05,Silver,"Silver Rate Per Tola",1480,1268.86,126.89,126890,"NotifyNepal",https://notifynepal.com/en/silver-price-history-nepal,Secondary-only
2023-07-21,2080/04/05,Gold,"Gold Rate Per Tola",112800,96709.45,9670.78,9670780,"Gahana",https://gahanaonline.com/gold-rate-history/,Secondary-only
2023-07-20,2080/04/04,Silver,"Silver Rate Per Tola",1495,1281.72,128.17,128170,"NotifyNepal",https://notifynepal.com/en/silver-price-history-nepal,Secondary-only
2023-07-20,2080/04/04,Gold,"Gold Rate Per Tola",113600,97395.33,9739.37,9739370,"Gahana",https://gahanaonline.com/gold-rate-history/,Secondary-only
2023-07-19,2080/04/03,Silver,"Silver Rate Per Tola",1490,1277.43,127.74,127740,"NotifyNepal",https://notifynepal.com/en/silver-price-history-nepal,Secondary-only
2023-07-19,2080/04/03,Gold,"Gold Rate Per Tola",113100,96966.65,9696.5,9696500,"Gahana",https://gahanaonline.com/gold-rate-history/,Secondary-only
2023-07-18,2080/04/02,Silver,"Silver Rate Per Tola",1480,1268.86,126.89,126890,"NotifyNepal",https://notifynepal.com/en/silver-price-history-nepal,Secondary-only
2023-07-18,2080/04/02,Gold,"Gold Rate Per Tola",112500,96452.24,9645.06,9645060,"Gahana",https://gahanaonline.com/gold-rate-history/,Secondary-only
2023-07-17,2080/04/01,Silver,"Silver Rate Per Tola",1480,1268.86,126.89,126890,"NotifyNepal",https://notifynepal.com/en/silver-price-history-nepal,Secondary-only
2023-07-17,2080/04/01,Gold,"Gold Rate Per Tola",112200,96195.03,9619.34,9619340,"Gahana",https://gahanaonline.com/gold-rate-history/,Secondary-only
2023-07-16,2080/03/31,Silver,"Silver Rate Per Tola",1480,1268.86,126.89,126890,"NotifyNepal",https://notifynepal.com/en/silver-price-history-nepal,Secondary-only
2023-07-16,2080/03/31,Gold,"Gold Rate Per Tola",112200,96195.03,9619.34,9619340,"Gahana",https://gahanaonline.com/gold-rate-history/,Secondary-only
2023-07-14,2080/03/29,Silver,"Silver Rate Per Tola",1480,1268.86,126.89,126890,"NotifyNepal",https://notifynepal.com/en/silver-price-history-nepal,Secondary-only
2023-07-14,2080/03/29,Gold,"Gold Rate Per Tola",112500,96452.24,9645.06,9645060,"Gahana",https://gahanaonline.com/gold-rate-history/,Secondary-only
2023-07-13,2080/03/28,Silver,"Silver Rate Per Tola",1440,1234.57,123.46,123460,"NotifyNepal",https://notifynepal.com/en/silver-price-history-nepal,Secondary-only
2023-07-13,2080/03/28,Gold,"Gold Rate Per Tola",112400,96366.5,9636.49,9636490,"Gahana",https://gahanaonline.com/gold-rate-history/,Secondary-only
2023-07-12,2080/03/27,Silver,"Silver Rate Per Tola",1400,1200.27,120.03,120030,"NotifyNepal",https://notifynepal.com/en/silver-price-history-nepal,Secondary-only
2023-07-12,2080/03/27,Gold,"Gold Rate Per Tola",111600,95680.62,9567.9,9567900,"Gahana",https://gahanaonline.com/gold-rate-history/,Secondary-only
2023-07-11,2080/03/26,Silver,"Silver Rate Per Tola",1395,1195.99,119.6,119600,"NotifyNepal",https://notifynepal.com/en/silver-price-history-nepal,Secondary-only
2023-07-11,2080/03/26,Gold,"Gold Rate Per Tola",111300,95423.42,9542.18,9542180,"Gahana",https://gahanaonline.com/gold-rate-history/,Secondary-only
2023-07-10,2080/03/25,Silver,"Silver Rate Per Tola",1395,1195.99,119.6,119600,"NotifyNepal",https://notifynepal.com/en/silver-price-history-nepal,Secondary-only
2023-07-10,2080/03/25,Gold,"Gold Rate Per Tola",111300,95423.42,9542.18,9542180,"Gahana",https://gahanaonline.com/gold-rate-history/,Secondary-only
2023-07-09,2080/03/24,Gold,"Gold Rate Per Tola",111300,95423.42,9542.18,9542180,"Gahana",https://gahanaonline.com/gold-rate-history/,Secondary-only
2023-07-07,2080/03/22,Silver,"Silver Rate Per Tola",1375,1178.84,117.88,117880,"NotifyNepal",https://notifynepal.com/en/silver-price-history-nepal,Secondary-only
2023-07-07,2080/03/22,Gold,"Gold Rate Per Tola",110600,94823.27,9482.17,9482170,"Gahana",https://gahanaonline.com/gold-rate-history/,Secondary-only
2023-07-06,2080/03/21,Silver,"Silver Rate Per Tola",1395,1195.99,119.6,119600,"NotifyNepal",https://notifynepal.com/en/silver-price-history-nepal,Secondary-only
2023-07-06,2080/03/21,Gold,"Gold Rate Per Tola",110700,94909,9490.74,9490740,"Gahana",https://gahanaonline.com/gold-rate-history/,Secondary-only
2023-07-05,2080/03/20,Silver,"Silver Rate Per Tola",1380,1183.13,118.31,118310,"NotifyNepal",https://notifynepal.com/en/silver-price-history-nepal,Secondary-only
2023-07-05,2080/03/20,Gold,"Gold Rate Per Tola",110600,94823.27,9482.17,9482170,"Gahana",https://gahanaonline.com/gold-rate-history/,Secondary-only
2023-07-04,2080/03/19,Silver,"Silver Rate Per Tola",1375,1178.84,117.88,117880,"NotifyNepal",https://notifynepal.com/en/silver-price-history-nepal,Secondary-only
2023-07-04,2080/03/19,Gold,"Gold Rate Per Tola",110400,94651.8,9465.02,9465020,"Gahana",https://gahanaonline.com/gold-rate-history/,Secondary-only
2023-07-03,2080/03/18,Silver,"Silver Rate Per Tola",1370,1174.55,117.46,117460,"NotifyNepal",https://notifynepal.com/en/silver-price-history-nepal,Secondary-only
2023-07-03,2080/03/18,Gold,"Gold Rate Per Tola",110000,94308.86,9430.73,9430730,"Gahana",https://gahanaonline.com/gold-rate-history/,Secondary-only
2023-07-02,2080/03/17,Silver,"Silver Rate Per Tola",1370,1174.55,117.46,117460,"NotifyNepal",https://notifynepal.com/en/silver-price-history-nepal,Secondary-only
2023-07-02,2080/03/17,Gold,"Gold Rate Per Tola",110100,94394.59,9439.3,9439300,"Gahana",https://gahanaonline.com/gold-rate-history/,Secondary-only
2023-06-30,2080/03/15,Silver,"Silver Rate Per Tola",1360,1165.98,116.6,116600,"NotifyNepal",https://notifynepal.com/en/silver-price-history-nepal,Secondary-only
2023-06-30,2080/03/15,Gold,"Gold Rate Per Tola",109600,93965.92,9396.43,9396430,"Gahana",https://gahanaonline.com/gold-rate-history/,Secondary-only
2023-06-29,2080/03/14,Silver,"Silver Rate Per Tola",1370,1174.55,117.46,117460,"NotifyNepal",https://notifynepal.com/en/silver-price-history-nepal,Secondary-only
2023-06-29,2080/03/14,Gold,"Gold Rate Per Tola",109400,93794.44,9379.29,9379290,"Gahana",https://gahanaonline.com/gold-rate-history/,Secondary-only
2023-06-28,2080/03/13,Silver,"Silver Rate Per Tola",1375,1178.84,117.88,117880,"NotifyNepal",https://notifynepal.com/en/silver-price-history-nepal,Secondary-only
2023-06-28,2080/03/13,Gold,"Gold Rate Per Tola",110000,94308.86,9430.73,9430730,"Gahana",https://gahanaonline.com/gold-rate-history/,Secondary-only
2023-06-27,2080/03/12,Silver,"Silver Rate Per Tola",1375,1178.84,117.88,117880,"NotifyNepal",https://notifynepal.com/en/silver-price-history-nepal,Secondary-only
2023-06-27,2080/03/12,Gold,"Gold Rate Per Tola",110600,94823.27,9482.17,9482170,"Gahana",https://gahanaonline.com/gold-rate-history/,Secondary-only
2023-06-26,2080/03/11,Silver,"Silver Rate Per Tola",1365,1170.27,117.03,117030,"NotifyNepal",https://notifynepal.com/en/silver-price-history-nepal,Secondary-only
2023-06-26,2080/03/11,Gold,"Gold Rate Per Tola",110400,94651.8,9465.02,9465020,"Gahana",https://gahanaonline.com/gold-rate-history/,Secondary-only
2023-06-25,2080/03/10,Silver,"Silver Rate Per Tola",1350,1157.41,115.74,115740,"NotifyNepal",https://notifynepal.com/en/silver-price-history-nepal,Secondary-only
2023-06-25,2080/03/10,Gold,"Gold Rate Per Tola",110200,94480.33,9447.87,9447870,"Gahana",https://gahanaonline.com/gold-rate-history/,Secondary-only
2023-06-23,2080/03/08,Silver,"Silver Rate Per Tola",1335,1144.55,114.45,114450,"NotifyNepal",https://notifynepal.com/en/silver-price-history-nepal,Secondary-only
2023-06-23,2080/03/08,Gold,"Gold Rate Per Tola",109800,94137.39,9413.58,9413580,"Gahana",https://gahanaonline.com/gold-rate-history/,Secondary-only
2023-06-22,2080/03/07,Silver,"Silver Rate Per Tola",1360,1165.98,116.6,116600,"NotifyNepal",https://notifynepal.com/en/silver-price-history-nepal,Secondary-only
2023-06-22,2080/03/07,Gold,"Gold Rate Per Tola",110500,94737.53,9473.59,9473590,"Gahana",https://gahanaonline.com/gold-rate-history/,Secondary-only
2023-06-21,2080/03/06,Silver,"Silver Rate Per Tola",1385,1187.41,118.74,118740,"NotifyNepal",https://notifynepal.com/en/silver-price-history-nepal,Secondary-only
2023-06-21,2080/03/06,Gold,"Gold Rate Per Tola",111000,95166.21,9516.46,9516460,"Gahana",https://gahanaonline.com/gold-rate-history/,Secondary-only
2023-06-20,2080/03/05,Silver,"Silver Rate Per Tola",1430,1225.99,122.6,122600,"NotifyNepal",https://notifynepal.com/en/silver-price-history-nepal,Secondary-only
2023-06-20,2080/03/05,Gold,"Gold Rate Per Tola",111800,95852.09,9585.05,9585050,"Gahana",https://gahanaonline.com/gold-rate-history/,Secondary-only
2023-06-19,2080/03/04,Gold,"Gold Rate Per Tola",112000,96023.56,9602.19,9602190,"Gahana",https://gahanaonline.com/gold-rate-history/,Secondary-only
2023-06-18,2080/03/03,Silver,"Silver Rate Per Tola",1445,1238.85,123.89,123890,"NotifyNepal",https://notifynepal.com/en/silver-price-history-nepal,Secondary-only
2023-06-18,2080/03/03,Gold,"Gold Rate Per Tola",112000,96023.56,9602.19,9602190,"Gahana",https://gahanaonline.com/gold-rate-history/,Secondary-only
2023-06-16,2080/03/01,Silver,"Silver Rate Per Tola",1425,1221.71,122.17,122170,"NotifyNepal",https://notifynepal.com/en/silver-price-history-nepal,Secondary-only
2023-06-16,2080/03/01,Gold,"Gold Rate Per Tola",111800,95852.09,9585.05,9585050,"Gahana",https://gahanaonline.com/gold-rate-history/,Secondary-only
2023-06-15,2080/02/32,Silver,"Silver Rate Per Tola",1405,1204.56,120.46,120460,"NotifyNepal",https://notifynepal.com/en/silver-price-history-nepal,Secondary-only
2023-06-15,2080/02/32,Gold,"Gold Rate Per Tola",111000,95166.21,9516.46,9516460,"Gahana",https://gahanaonline.com/gold-rate-history/,Secondary-only
2023-06-14,2080/02/31,Silver,"Silver Rate Per Tola",1425,1221.71,122.17,122170,"NotifyNepal",https://notifynepal.com/en/silver-price-history-nepal,Secondary-only
2023-06-14,2080/02/31,Gold,"Gold Rate Per Tola",111800,95852.09,9585.05,9585050,"Gahana",https://gahanaonline.com/gold-rate-history/,Secondary-only
2023-06-13,2080/02/30,Silver,"Silver Rate Per Tola",1450,1243.14,124.31,124310,"NotifyNepal",https://notifynepal.com/en/silver-price-history-nepal,Secondary-only
2023-06-13,2080/02/30,Gold,"Gold Rate Per Tola",112700,96623.71,9662.21,9662210,"Gahana",https://gahanaonline.com/gold-rate-history/,Secondary-only
2023-06-12,2080/02/29,Silver,"Silver Rate Per Tola",1445,1238.85,123.89,123890,"NotifyNepal",https://notifynepal.com/en/silver-price-history-nepal,Secondary-only
2023-06-12,2080/02/29,Gold,"Gold Rate Per Tola",112400,96366.5,9636.49,9636490,"Gahana",https://gahanaonline.com/gold-rate-history/,Secondary-only
2023-06-11,2080/02/28,Silver,"Silver Rate Per Tola",1455,1247.43,124.74,124740,"NotifyNepal",https://notifynepal.com/en/silver-price-history-nepal,Secondary-only
2023-06-11,2080/02/28,Gold,"Gold Rate Per Tola",112500,96452.24,9645.06,9645060,"Gahana",https://gahanaonline.com/gold-rate-history/,Secondary-only
2023-06-09,2080/02/26,Silver,"Silver Rate Per Tola",1455,1247.43,124.74,124740,"NotifyNepal",https://notifynepal.com/en/silver-price-history-nepal,Secondary-only
2023-06-09,2080/02/26,Gold,"Gold Rate Per Tola",112500,96452.24,9645.06,9645060,"Gahana",https://gahanaonline.com/gold-rate-history/,Secondary-only
2023-06-08,2080/02/25,Silver,"Silver Rate Per Tola",1415,1213.13,121.31,121310,"NotifyNepal",https://notifynepal.com/en/silver-price-history-nepal,Secondary-only
2023-06-08,2080/02/25,Gold,"Gold Rate Per Tola",111700,95766.36,9576.47,9576470,"Gahana",https://gahanaonline.com/gold-rate-history/,Secondary-only
2023-06-07,2080/02/24,Silver,"Silver Rate Per Tola",1420,1217.42,121.74,121740,"NotifyNepal",https://notifynepal.com/en/silver-price-history-nepal,Secondary-only
2023-06-07,2080/02/24,Gold,"Gold Rate Per Tola",112700,96623.71,9662.21,9662210,"Gahana",https://gahanaonline.com/gold-rate-history/,Secondary-only
2023-06-06,2080/02/23,Silver,"Silver Rate Per Tola",1420,1217.42,121.74,121740,"NotifyNepal",https://notifynepal.com/en/silver-price-history-nepal,Secondary-only
2023-06-06,2080/02/23,Gold,"Gold Rate Per Tola",112500,96452.24,9645.06,9645060,"Gahana",https://gahanaonline.com/gold-rate-history/,Secondary-only
2023-06-05,2080/02/22,Silver,"Silver Rate Per Tola",1415,1213.13,121.31,121310,"NotifyNepal",https://notifynepal.com/en/silver-price-history-nepal,Secondary-only
2023-06-05,2080/02/22,Gold,"Gold Rate Per Tola",111600,95680.62,9567.9,9567900,"Gahana",https://gahanaonline.com/gold-rate-history/,Secondary-only
2023-06-04,2080/02/21,Silver,"Silver Rate Per Tola",1415,1213.13,121.31,121310,"NotifyNepal",https://notifynepal.com/en/silver-price-history-nepal,Secondary-only
2023-06-04,2080/02/21,Gold,"Gold Rate Per Tola",111600,95680.62,9567.9,9567900,"Gahana",https://gahanaonline.com/gold-rate-history/,Secondary-only
2023-06-02,2080/02/19,Silver,"Silver Rate Per Tola",1435,1230.28,123.03,123030,"NotifyNepal",https://notifynepal.com/en/silver-price-history-nepal,Secondary-only
2023-06-02,2080/02/19,Gold,"Gold Rate Per Tola",113300,97138.12,9713.65,9713650,"Gahana",https://gahanaonline.com/gold-rate-history/,Secondary-only
2023-06-01,2080/02/18,Silver,"Silver Rate Per Tola",1410,1208.85,120.88,120880,"NotifyNepal",https://notifynepal.com/en/silver-price-history-nepal,Secondary-only
2023-06-01,2080/02/18,Gold,"Gold Rate Per Tola",112500,96452.24,9645.06,9645060,"Gahana",https://gahanaonline.com/gold-rate-history/,Secondary-only
2023-05-31,2080/02/17,Silver,"Silver Rate Per Tola",1395,1195.99,119.6,119600,"NotifyNepal",https://notifynepal.com/en/silver-price-history-nepal,Secondary-only
2023-05-31,2080/02/17,Gold,"Gold Rate Per Tola",112000,96023.56,9602.19,9602190,"Gahana",https://gahanaonline.com/gold-rate-history/,Secondary-only
2023-05-30,2080/02/16,Silver,"Silver Rate Per Tola",1375,1178.84,117.88,117880,"NotifyNepal",https://notifynepal.com/en/silver-price-history-nepal,Secondary-only
2023-05-30,2080/02/16,Gold,"Gold Rate Per Tola",110500,94737.53,9473.59,9473590,"Gahana",https://gahanaonline.com/gold-rate-history/,Secondary-only
2023-05-29,2080/02/15,Silver,"Silver Rate Per Tola",1360,1165.98,116.6,116600,"NotifyNepal",https://notifynepal.com/en/silver-price-history-nepal,Secondary-only
2023-05-29,2080/02/15,Gold,"Gold Rate Per Tola",108100,92679.89,9267.83,9267830,"Gahana",https://gahanaonline.com/gold-rate-history/,Secondary-only
2023-05-28,2080/02/14,Silver,"Silver Rate Per Tola",1360,1165.98,116.6,116600,"NotifyNepal",https://notifynepal.com/en/silver-price-history-nepal,Secondary-only
2023-05-28,2080/02/14,Gold,"Gold Rate Per Tola",108100,92679.89,9267.83,9267830,"Gahana",https://gahanaonline.com/gold-rate-history/,Secondary-only
2023-05-26,2080/02/12,Silver,"Silver Rate Per Tola",1345,1153.12,115.31,115310,"NotifyNepal",https://notifynepal.com/en/silver-price-history-nepal,Secondary-only
2023-05-26,2080/02/12,Gold,"Gold Rate Per Tola",108300,92851.36,9284.98,9284980,"Gahana",https://gahanaonline.com/gold-rate-history/,Secondary-only
2023-05-25,2080/02/11,Silver,"Silver Rate Per Tola",1350,1157.41,115.74,115740,"NotifyNepal",https://notifynepal.com/en/silver-price-history-nepal,Secondary-only
2023-05-25,2080/02/11,Gold,"Gold Rate Per Tola",108800,93280.03,9327.85,9327850,"Gahana",https://gahanaonline.com/gold-rate-history/,Secondary-only
2023-05-24,2080/02/10,Silver,"Silver Rate Per Tola",1360,1165.98,116.6,116600,"NotifyNepal",https://notifynepal.com/en/silver-price-history-nepal,Secondary-only
2023-05-24,2080/02/10,Gold,"Gold Rate Per Tola",109800,94137.39,9413.58,9413580,"Gahana",https://gahanaonline.com/gold-rate-history/,Secondary-only
2023-05-23,2080/02/09,Silver,"Silver Rate Per Tola",1365,1170.27,117.03,117030,"NotifyNepal",https://notifynepal.com/en/silver-price-history-nepal,Secondary-only
2023-05-23,2080/02/09,Gold,"Gold Rate Per Tola",109200,93622.97,9362.14,9362140,"Gahana",https://gahanaonline.com/gold-rate-history/,Secondary-only
2023-05-22,2080/02/08,Silver,"Silver Rate Per Tola",1375,1178.84,117.88,117880,"NotifyNepal",https://notifynepal.com/en/silver-price-history-nepal,Secondary-only
2023-05-22,2080/02/08,Gold,"Gold Rate Per Tola",110000,94308.86,9430.73,9430730,"Gahana",https://gahanaonline.com/gold-rate-history/,Secondary-only
2023-05-21,2080/02/07,Silver,"Silver Rate Per Tola",1385,1187.41,118.74,118740,"NotifyNepal",https://notifynepal.com/en/silver-price-history-nepal,Secondary-only
2023-05-21,2080/02/07,Gold,"Gold Rate Per Tola",110000,94308.86,9430.73,9430730,"Gahana",https://gahanaonline.com/gold-rate-history/,Secondary-only
2023-05-19,2080/02/05,Silver,"Silver Rate Per Tola",1370,1174.55,117.46,117460,"NotifyNepal",https://notifynepal.com/en/silver-price-history-nepal,Secondary-only
2023-05-19,2080/02/05,Gold,"Gold Rate Per Tola",109200,93622.97,9362.14,9362140,"Gahana",https://gahanaonline.com/gold-rate-history/,Secondary-only
2023-05-18,2080/02/04,Silver,"Silver Rate Per Tola",1370,1174.55,117.46,117460,"NotifyNepal",https://notifynepal.com/en/silver-price-history-nepal,Secondary-only
2023-05-18,2080/02/04,Gold,"Gold Rate Per Tola",109700,94051.65,9405.01,9405010,"Gahana",https://gahanaonline.com/gold-rate-history/,Secondary-only
2023-05-17,2080/02/03,Silver,"Silver Rate Per Tola",1370,1174.55,117.46,117460,"NotifyNepal",https://notifynepal.com/en/silver-price-history-nepal,Secondary-only
2023-05-17,2080/02/03,Gold,"Gold Rate Per Tola",110000,94308.86,9430.73,9430730,"Gahana",https://gahanaonline.com/gold-rate-history/,Secondary-only
2023-05-16,2080/02/02,Silver,"Silver Rate Per Tola",1375,1178.84,117.88,117880,"NotifyNepal",https://notifynepal.com/en/silver-price-history-nepal,Secondary-only
2023-05-16,2080/02/02,Gold,"Gold Rate Per Tola",111100,95251.95,9525.03,9525030,"Gahana",https://gahanaonline.com/gold-rate-history/,Secondary-only
2023-05-15,2080/02/01,Silver,"Silver Rate Per Tola",1375,1178.84,117.88,117880,"NotifyNepal",https://notifynepal.com/en/silver-price-history-nepal,Secondary-only
2023-05-15,2080/02/01,Gold,"Gold Rate Per Tola",111000,95166.21,9516.46,9516460,"Gahana",https://gahanaonline.com/gold-rate-history/,Secondary-only
2023-05-14,2080/01/31,Silver,"Silver Rate Per Tola",1375,1178.84,117.88,117880,"NotifyNepal",https://notifynepal.com/en/silver-price-history-nepal,Secondary-only
2023-05-14,2080/01/31,Gold,"Gold Rate Per Tola",110800,94994.74,9499.31,9499310,"Gahana",https://gahanaonline.com/gold-rate-history/,Secondary-only
2023-05-12,2080/01/29,Silver,"Silver Rate Per Tola",1375,1178.84,117.88,117880,"NotifyNepal",https://notifynepal.com/en/silver-price-history-nepal,Secondary-only
2023-05-12,2080/01/29,Gold,"Gold Rate Per Tola",110800,94994.74,9499.31,9499310,"Gahana",https://gahanaonline.com/gold-rate-history/,Secondary-only
2023-05-11,,Silver,"Silver Rate Per Tola",1430,1225.99,122.6,122600,"NotifyNepal",https://notifynepal.com/en/silver-price-history-nepal,Secondary-only
2023-05-10,2080/01/27,Silver,"Silver Rate Per Tola",1445,1238.85,123.89,123890,"NotifyNepal",https://notifynepal.com/en/silver-price-history-nepal,Secondary-only
2023-05-10,2080/01/27,Gold,"Gold Rate Per Tola",111600,95680.62,9567.9,9567900,"Gahana",https://gahanaonline.com/gold-rate-history/,Secondary-only
2023-05-09,2080/01/26,Silver,"Silver Rate Per Tola",1445,1238.85,123.89,123890,"NotifyNepal",https://notifynepal.com/en/silver-price-history-nepal,Secondary-only
2023-05-09,2080/01/26,Gold,"Gold Rate Per Tola",111200,95337.68,9533.61,9533610,"Gahana",https://gahanaonline.com/gold-rate-history/,Secondary-only
2023-05-08,2080/01/25,Silver,"Silver Rate Per Tola",1445,1238.85,123.89,123890,"NotifyNepal",https://notifynepal.com/en/silver-price-history-nepal,Secondary-only
2023-05-08,2080/01/25,Gold,"Gold Rate Per Tola",110900,95080.47,9507.89,9507890,"Gahana",https://gahanaonline.com/gold-rate-history/,Secondary-only
2023-05-07,2080/01/24,Silver,"Silver Rate Per Tola",1445,1238.85,123.89,123890,"NotifyNepal",https://notifynepal.com/en/silver-price-history-nepal,Secondary-only
2023-05-07,2080/01/24,Gold,"Gold Rate Per Tola",110600,94823.27,9482.17,9482170,"Gahana",https://gahanaonline.com/gold-rate-history/,Secondary-only
2023-05-04,2080/01/21,Silver,"Silver Rate Per Tola",1445,1238.85,123.89,123890,"NotifyNepal",https://notifynepal.com/en/silver-price-history-nepal,Secondary-only
2023-05-04,2080/01/21,Gold,"Gold Rate Per Tola",111800,95852.09,9585.05,9585050,"Gahana",https://gahanaonline.com/gold-rate-history/,Secondary-only
2023-05-03,2080/01/20,Silver,"Silver Rate Per Tola",1425,1221.71,122.17,122170,"NotifyNepal",https://notifynepal.com/en/silver-price-history-nepal,Secondary-only
2023-05-03,2080/01/20,Gold,"Gold Rate Per Tola",110600,94823.27,9482.17,9482170,"Gahana",https://gahanaonline.com/gold-rate-history/,Secondary-only
2023-05-02,2080/01/19,Silver,"Silver Rate Per Tola",1405,1204.56,120.46,120460,"NotifyNepal",https://notifynepal.com/en/silver-price-history-nepal,Secondary-only
2023-05-02,2080/01/19,Gold,"Gold Rate Per Tola",108800,93280.03,9327.85,9327850,"Gahana",https://gahanaonline.com/gold-rate-history/,Secondary-only
2023-05-01,2080/01/18,Silver,"Silver Rate Per Tola",1415,1213.13,121.31,121310,"NotifyNepal",https://notifynepal.com/en/silver-price-history-nepal,Secondary-only
2023-05-01,2080/01/18,Gold,"Gold Rate Per Tola",109000,93451.5,9344.99,9344990,"Gahana",https://gahanaonline.com/gold-rate-history/,Secondary-only
2023-04-30,2080/01/17,Silver,"Silver Rate Per Tola",1415,1213.13,121.31,121310,"NotifyNepal",https://notifynepal.com/en/silver-price-history-nepal,Secondary-only
2023-04-30,2080/01/17,Gold,"Gold Rate Per Tola",109200,93622.97,9362.14,9362140,"Gahana",https://gahanaonline.com/gold-rate-history/,Secondary-only
2023-04-28,2080/01/15,Silver,"Silver Rate Per Tola",1410,1208.85,120.88,120880,"NotifyNepal",https://notifynepal.com/en/silver-price-history-nepal,Secondary-only
2023-04-28,2080/01/15,Gold,"Gold Rate Per Tola",109100,93537.24,9353.57,9353570,"Gahana",https://gahanaonline.com/gold-rate-history/,Secondary-only
2023-04-27,2080/01/14,Silver,"Silver Rate Per Tola",1415,1213.13,121.31,121310,"NotifyNepal",https://notifynepal.com/en/silver-price-history-nepal,Secondary-only
2023-04-27,2080/01/14,Gold,"Gold Rate Per Tola",109600,93965.92,9396.43,9396430,"Gahana",https://gahanaonline.com/gold-rate-history/,Secondary-only
2023-04-26,2080/01/13,Silver,"Silver Rate Per Tola",1415,1213.13,121.31,121310,"NotifyNepal",https://notifynepal.com/en/silver-price-history-nepal,Secondary-only
2023-04-26,2080/01/13,Gold,"Gold Rate Per Tola",109700,94051.65,9405.01,9405010,"Gahana",https://gahanaonline.com/gold-rate-history/,Secondary-only
2023-04-25,2080/01/12,Silver,"Silver Rate Per Tola",1420,1217.42,121.74,121740,"NotifyNepal",https://notifynepal.com/en/silver-price-history-nepal,Secondary-only
2023-04-25,2080/01/12,Gold,"Gold Rate Per Tola",109500,93880.18,9387.86,9387860,"Gahana",https://gahanaonline.com/gold-rate-history/,Secondary-only
2023-04-24,2080/01/11,Silver,"Silver Rate Per Tola",1420,1217.42,121.74,121740,"NotifyNepal",https://notifynepal.com/en/silver-price-history-nepal,Secondary-only
2023-04-24,2080/01/11,Gold,"Gold Rate Per Tola",109100,93537.24,9353.57,9353570,"Gahana",https://gahanaonline.com/gold-rate-history/,Secondary-only
2023-04-23,2080/01/10,Silver,"Silver Rate Per Tola",1440,1234.57,123.46,123460,"NotifyNepal",https://notifynepal.com/en/silver-price-history-nepal,Secondary-only
2023-04-23,2080/01/10,Gold,"Gold Rate Per Tola",109300,93708.71,9370.71,9370710,"Gahana",https://gahanaonline.com/gold-rate-history/,Secondary-only
2023-04-21,2080/01/08,Silver,"Silver Rate Per Tola",1445,1238.85,123.89,123890,"NotifyNepal",https://notifynepal.com/en/silver-price-history-nepal,Secondary-only
2023-04-21,2080/01/08,Gold,"Gold Rate Per Tola",110200,94480.33,9447.87,9447870,"Gahana",https://gahanaonline.com/gold-rate-history/,Secondary-only
2023-04-20,2080/01/07,Silver,"Silver Rate Per Tola",1445,1238.85,123.89,123890,"NotifyNepal",https://notifynepal.com/en/silver-price-history-nepal,Secondary-only
2023-04-20,2080/01/07,Gold,"Gold Rate Per Tola",109800,94137.39,9413.58,9413580,"Gahana",https://gahanaonline.com/gold-rate-history/,Secondary-only
2023-04-19,2080/01/06,Silver,"Silver Rate Per Tola",1445,1238.85,123.89,123890,"NotifyNepal",https://notifynepal.com/en/silver-price-history-nepal,Secondary-only
2023-04-19,2080/01/06,Gold,"Gold Rate Per Tola",110300,94566.06,9456.45,9456450,"Gahana",https://gahanaonline.com/gold-rate-history/,Secondary-only
2023-04-18,2080/01/05,Silver,"Silver Rate Per Tola",1435,1230.28,123.03,123030,"NotifyNepal",https://notifynepal.com/en/silver-price-history-nepal,Secondary-only
2023-04-18,2080/01/05,Gold,"Gold Rate Per Tola",110000,94308.86,9430.73,9430730,"Gahana",https://gahanaonline.com/gold-rate-history/,Secondary-only
2023-04-17,2080/01/04,Silver,"Silver Rate Per Tola",1450,1243.14,124.31,124310,"NotifyNepal",https://notifynepal.com/en/silver-price-history-nepal,Secondary-only
2023-04-17,2080/01/04,Gold,"Gold Rate Per Tola",110000,94308.86,9430.73,9430730,"Gahana",https://gahanaonline.com/gold-rate-history/,Secondary-only
2023-04-16,2080/01/03,Silver,"Silver Rate Per Tola",1450,1243.14,124.31,124310,"NotifyNepal",https://notifynepal.com/en/silver-price-history-nepal,Secondary-only
2023-04-16,2080/01/03,Gold,"Gold Rate Per Tola",110000,94308.86,9430.73,9430730,"Gahana",https://gahanaonline.com/gold-rate-history/,Secondary-only
2023-04-13,2079/12/30,Silver,"Silver Rate Per Tola",1450,1243.14,124.31,124310,"NotifyNepal",https://notifynepal.com/en/silver-price-history-nepal,Secondary-only
2023-04-13,2079/12/30,Gold,"Gold Rate Per Tola",110800,94994.74,9499.31,9499310,"Gahana",https://gahanaonline.com/gold-rate-history/,Secondary-only
2023-04-12,2079/12/29,Silver,"Silver Rate Per Tola",1450,1243.14,124.31,124310,"NotifyNepal",https://notifynepal.com/en/silver-price-history-nepal,Secondary-only
2023-04-12,2079/12/29,Gold,"Gold Rate Per Tola",110800,94994.74,9499.31,9499310,"Gahana",https://gahanaonline.com/gold-rate-history/,Secondary-only
2023-04-11,2079/12/28,Silver,"Silver Rate Per Tola",1435,1230.28,123.03,123030,"NotifyNepal",https://notifynepal.com/en/silver-price-history-nepal,Secondary-only
2023-04-11,2079/12/28,Gold,"Gold Rate Per Tola",109800,94137.39,9413.58,9413580,"Gahana",https://gahanaonline.com/gold-rate-history/,Secondary-only
2023-04-10,2079/12/27,Silver,"Silver Rate Per Tola",1430,1225.99,122.6,122600,"NotifyNepal",https://notifynepal.com/en/silver-price-history-nepal,Secondary-only
2023-04-10,2079/12/27,Gold,"Gold Rate Per Tola",109300,93708.71,9370.71,9370710,"Gahana",https://gahanaonline.com/gold-rate-history/,Secondary-only
2023-04-09,2079/12/26,Silver,"Silver Rate Per Tola",1440,1234.57,123.46,123460,"NotifyNepal",https://notifynepal.com/en/silver-price-history-nepal,Secondary-only
2023-04-09,2079/12/26,Gold,"Gold Rate Per Tola",110000,94308.86,9430.73,9430730,"Gahana",https://gahanaonline.com/gold-rate-history/,Secondary-only
2023-04-07,2079/12/24,Silver,"Silver Rate Per Tola",1440,1234.57,123.46,123460,"NotifyNepal",https://notifynepal.com/en/silver-price-history-nepal,Secondary-only
2023-04-07,2079/12/24,Gold,"Gold Rate Per Tola",110000,94308.86,9430.73,9430730,"Gahana",https://gahanaonline.com/gold-rate-history/,Secondary-only
2023-04-06,2079/12/23,Silver,"Silver Rate Per Tola",1435,1230.28,123.03,123030,"NotifyNepal",https://notifynepal.com/en/silver-price-history-nepal,Secondary-only
2023-04-06,2079/12/23,Gold,"Gold Rate Per Tola",110200,94480.33,9447.87,9447870,"Gahana",https://gahanaonline.com/gold-rate-history/,Secondary-only
2023-04-05,2079/12/22,Silver,"Silver Rate Per Tola",1440,1234.57,123.46,123460,"NotifyNepal",https://notifynepal.com/en/silver-price-history-nepal,Secondary-only
2023-04-05,2079/12/22,Gold,"Gold Rate Per Tola",111000,95166.21,9516.46,9516460,"Gahana",https://gahanaonline.com/gold-rate-history/,Secondary-only
2023-04-04,2079/12/21,Silver,"Silver Rate Per Tola",1400,1200.27,120.03,120030,"NotifyNepal",https://notifynepal.com/en/silver-price-history-nepal,Secondary-only
2023-04-04,2079/12/21,Gold,"Gold Rate Per Tola",109000,93451.5,9344.99,9344990,"Gahana",https://gahanaonline.com/gold-rate-history/,Secondary-only
2023-04-03,2079/12/20,Silver,"Silver Rate Per Tola",1390,1191.7,119.17,119170,"NotifyNepal",https://notifynepal.com/en/silver-price-history-nepal,Secondary-only
2023-04-03,2079/12/20,Gold,"Gold Rate Per Tola",108000,92594.15,9259.26,9259260,"Gahana",https://gahanaonline.com/gold-rate-history/,Secondary-only
2023-04-02,2079/12/19,Silver,"Silver Rate Per Tola",1410,1208.85,120.88,120880,"NotifyNepal",https://notifynepal.com/en/silver-price-history-nepal,Secondary-only
2023-04-02,2079/12/19,Gold,"Gold Rate Per Tola",108597,93105.99,9310.44,9310440,"Gahana",https://gahanaonline.com/gold-rate-history/,Secondary-only
2023-03-31,2079/12/17,Silver,"Silver Rate Per Tola",1400,1200.27,120.03,120030,"NotifyNepal",https://notifynepal.com/en/silver-price-history-nepal,Secondary-only
2023-03-31,2079/12/17,Gold,"Gold Rate Per Tola",109198,93621.26,9361.97,9361970,"Gahana",https://gahanaonline.com/gold-rate-history/,Secondary-only
2023-03-30,2079/12/16,Silver,"Silver Rate Per Tola",1375,1178.84,117.88,117880,"NotifyNepal",https://notifynepal.com/en/silver-price-history-nepal,Secondary-only
2023-03-30,2079/12/16,Gold,"Gold Rate Per Tola",108200,92765.62,9276.41,9276410,"Gahana",https://gahanaonline.com/gold-rate-history/,Secondary-only
2023-03-29,2079/12/15,Silver,"Silver Rate Per Tola",1365,1170.27,117.03,117030,"NotifyNepal",https://notifynepal.com/en/silver-price-history-nepal,Secondary-only
2023-03-29,2079/12/15,Gold,"Gold Rate Per Tola",108498,93021.11,9301.95,9301950,"Gahana",https://gahanaonline.com/gold-rate-history/,Secondary-only
2023-03-28,2079/12/14,Silver,"Silver Rate Per Tola",1355,1161.69,116.17,116170,"NotifyNepal",https://notifynepal.com/en/silver-price-history-nepal,Secondary-only
2023-03-28,2079/12/14,Gold,"Gold Rate Per Tola",108000,92594.15,9259.26,9259260,"Gahana",https://gahanaonline.com/gold-rate-history/,Secondary-only
2023-03-27,2079/12/13,Silver,"Silver Rate Per Tola",1360,1165.98,116.6,116600,"NotifyNepal",https://notifynepal.com/en/silver-price-history-nepal,Secondary-only
2023-03-27,2079/12/13,Gold,"Gold Rate Per Tola",109000,93451.5,9344.99,9344990,"Gahana",https://gahanaonline.com/gold-rate-history/,Secondary-only
2023-03-26,2079/12/12,Silver,"Silver Rate Per Tola",1370,1174.55,117.46,117460,"NotifyNepal",https://notifynepal.com/en/silver-price-history-nepal,Secondary-only
2023-03-26,2079/12/12,Gold,"Gold Rate Per Tola",109198,93621.26,9361.97,9361970,"Gahana",https://gahanaonline.com/gold-rate-history/,Secondary-only
2023-03-24,2079/12/10,Silver,"Silver Rate Per Tola",1360,1165.98,116.6,116600,"NotifyNepal",https://notifynepal.com/en/silver-price-history-nepal,Secondary-only
2023-03-24,2079/12/10,Gold,"Gold Rate Per Tola",109800,94137.39,9413.58,9413580,"Gahana",https://gahanaonline.com/gold-rate-history/,Secondary-only
2023-03-23,2079/12/09,Silver,"Silver Rate Per Tola",1360,1165.98,116.6,116600,"NotifyNepal",https://notifynepal.com/en/silver-price-history-nepal,Secondary-only
2023-03-23,2079/12/09,Gold,"Gold Rate Per Tola",109000,93451.5,9344.99,9344990,"Gahana",https://gahanaonline.com/gold-rate-history/,Secondary-only
2023-03-22,2079/12/08,Silver,"Silver Rate Per Tola",1335,1144.55,114.45,114450,"NotifyNepal",https://notifynepal.com/en/silver-price-history-nepal,Secondary-only
2023-03-22,2079/12/08,Gold,"Gold Rate Per Tola",107798,92420.96,9241.94,9241940,"Gahana",https://gahanaonline.com/gold-rate-history/,Secondary-only
2023-03-21,2079/12/07,Silver,"Silver Rate Per Tola",1340,1148.83,114.88,114880,"NotifyNepal",https://notifynepal.com/en/silver-price-history-nepal,Secondary-only
2023-03-21,2079/12/07,Gold,"Gold Rate Per Tola",109799,94136.53,9413.49,9413490,"Gahana",https://gahanaonline.com/gold-rate-history/,Secondary-only
2023-03-20,2079/12/06,Silver,"Silver Rate Per Tola",1330,1140.26,114.03,114030,"NotifyNepal",https://notifynepal.com/en/silver-price-history-nepal,Secondary-only
2023-03-20,2079/12/06,Gold,"Gold Rate Per Tola",109300,93708.71,9370.71,9370710,"Gahana",https://gahanaonline.com/gold-rate-history/,Secondary-only
2023-03-19,2079/12/05,Silver,"Silver Rate Per Tola",1345,1153.12,115.31,115310,"NotifyNepal",https://notifynepal.com/en/silver-price-history-nepal,Secondary-only
2023-03-19,2079/12/05,Gold,"Gold Rate Per Tola",110000,94308.86,9430.73,9430730,"Gahana",https://gahanaonline.com/gold-rate-history/,Secondary-only
2023-03-17,2079/12/03,Silver,"Silver Rate Per Tola",1310,1123.11,112.31,112310,"NotifyNepal",https://notifynepal.com/en/silver-price-history-nepal,Secondary-only
2023-03-17,2079/12/03,Gold,"Gold Rate Per Tola",107098,91820.82,9181.93,9181930,"Gahana",https://gahanaonline.com/gold-rate-history/,Secondary-only
2023-03-16,2079/12/02,Silver,"Silver Rate Per Tola",1305,1118.83,111.88,111880,"NotifyNepal",https://notifynepal.com/en/silver-price-history-nepal,Secondary-only
2023-03-16,2079/12/02,Gold,"Gold Rate Per Tola",106702,91481.31,9147.98,9147980,"Gahana",https://gahanaonline.com/gold-rate-history/,Secondary-only
2023-03-15,2079/12/01,Silver,"Silver Rate Per Tola",1300,1114.54,111.45,111450,"NotifyNepal",https://notifynepal.com/en/silver-price-history-nepal,Secondary-only
2023-03-15,2079/12/01,Gold,"Gold Rate Per Tola",105700,90622.24,9062.07,9062070,"Gahana",https://gahanaonline.com/gold-rate-history/,Secondary-only
2023-03-14,2079/11/30,Silver,"Silver Rate Per Tola",1300,1114.54,111.45,111450,"NotifyNepal",https://notifynepal.com/en/silver-price-history-nepal,Secondary-only
2023-03-14,2079/11/30,Gold,"Gold Rate Per Tola",105700,90622.24,9062.07,9062070,"Gahana",https://gahanaonline.com/gold-rate-history/,Secondary-only
2023-03-13,2079/11/29,Silver,"Silver Rate Per Tola",1255,1075.96,107.6,107600,"NotifyNepal",https://notifynepal.com/en/silver-price-history-nepal,Secondary-only
2023-03-13,2079/11/29,Gold,"Gold Rate Per Tola",104101,89251.33,8924.98,8924980,"Gahana",https://gahanaonline.com/gold-rate-history/,Secondary-only
2023-03-12,2079/11/28,Silver,"Silver Rate Per Tola",1245,1067.39,106.74,106740,"NotifyNepal",https://notifynepal.com/en/silver-price-history-nepal,Secondary-only
2023-03-12,2079/11/28,Gold,"Gold Rate Per Tola",103500,88736.06,8873.46,8873460,"Gahana",https://gahanaonline.com/gold-rate-history/,Secondary-only
2023-03-10,2079/11/26,Silver,"Silver Rate Per Tola",1220,1045.95,104.6,104600,"NotifyNepal",https://notifynepal.com/en/silver-price-history-nepal,Secondary-only
2023-03-10,2079/11/26,Gold,"Gold Rate Per Tola",101800,87278.56,8727.71,8727710,"Gahana",https://gahanaonline.com/gold-rate-history/,Secondary-only
2023-03-09,2079/11/25,Silver,"Silver Rate Per Tola",1220,1045.95,104.6,104600,"NotifyNepal",https://notifynepal.com/en/silver-price-history-nepal,Secondary-only
2023-03-09,2079/11/25,Gold,"Gold Rate Per Tola",100998,86590.96,8658.95,8658950,"Gahana",https://gahanaonline.com/gold-rate-history/,Secondary-only
2023-03-08,2079/11/24,Gold,"Gold Rate Per Tola",101500,87021.35,8701.99,8701990,"Gahana",https://gahanaonline.com/gold-rate-history/,Secondary-only
2023-03-07,2079/11/23,Silver,"Silver Rate Per Tola",1265,1084.53,108.45,108450,"NotifyNepal",https://notifynepal.com/en/silver-price-history-nepal,Secondary-only
2023-03-07,2079/11/23,Gold,"Gold Rate Per Tola",102500,87878.71,8787.72,8787720,"Gahana",https://gahanaonline.com/gold-rate-history/,Secondary-only
2023-03-05,2079/11/21,Gold,"Gold Rate Per Tola",102800,88135.91,8813.44,8813440,"Gahana",https://gahanaonline.com/gold-rate-history/,Secondary-only
2023-03-03,2079/11/19,Silver,"Silver Rate Per Tola",1265,1084.53,108.45,108450,"NotifyNepal",https://notifynepal.com/en/silver-price-history-nepal,Secondary-only
2023-03-03,2079/11/19,Gold,"Gold Rate Per Tola",102500,87878.71,8787.72,8787720,"Gahana",https://gahanaonline.com/gold-rate-history/,Secondary-only
2023-03-02,,Silver,"Silver Rate Per Tola",1270,1088.82,108.88,108880,"NotifyNepal",https://notifynepal.com/en/silver-price-history-nepal,Secondary-only
2023-03-01,2079/11/17,Silver,"Silver Rate Per Tola",1270,1088.82,108.88,108880,"NotifyNepal",https://notifynepal.com/en/silver-price-history-nepal,Secondary-only
2023-03-01,2079/11/17,Gold,"Gold Rate Per Tola",102300,87707.24,8770.58,8770580,"Gahana",https://gahanaonline.com/gold-rate-history/,Secondary-only
2023-02-28,2079/11/16,Silver,"Silver Rate Per Tola",1255,1075.96,107.6,107600,"NotifyNepal",https://notifynepal.com/en/silver-price-history-nepal,Secondary-only
2023-02-28,2079/11/16,Gold,"Gold Rate Per Tola",101800,87278.56,8727.71,8727710,"Gahana",https://gahanaonline.com/gold-rate-history/,Secondary-only
2023-02-27,2079/11/15,Silver,"Silver Rate Per Tola",1255,1075.96,107.6,107600,"NotifyNepal",https://notifynepal.com/en/silver-price-history-nepal,Secondary-only
2023-02-27,2079/11/15,Gold,"Gold Rate Per Tola",101800,87278.56,8727.71,8727710,"Gahana",https://gahanaonline.com/gold-rate-history/,Secondary-only
2023-02-26,2079/11/14,Silver,"Silver Rate Per Tola",1260,1080.25,108.02,108020,"NotifyNepal",https://notifynepal.com/en/silver-price-history-nepal,Secondary-only
2023-02-26,2079/11/14,Gold,"Gold Rate Per Tola",102000,87450.03,8744.86,8744860,"Gahana",https://gahanaonline.com/gold-rate-history/,Secondary-only
2023-02-24,2079/11/12,Silver,"Silver Rate Per Tola",1275,1093.11,109.31,109310,"NotifyNepal",https://notifynepal.com/en/silver-price-history-nepal,Secondary-only
2023-02-24,2079/11/12,Gold,"Gold Rate Per Tola",102400,87792.97,8779.15,8779150,"Gahana",https://gahanaonline.com/gold-rate-history/,Secondary-only
2023-02-23,2079/11/11,Silver,"Silver Rate Per Tola",1285,1101.68,110.17,110170,"NotifyNepal",https://notifynepal.com/en/silver-price-history-nepal,Secondary-only
2023-02-23,2079/11/11,Gold,"Gold Rate Per Tola",102500,87878.71,8787.72,8787720,"Gahana",https://gahanaonline.com/gold-rate-history/,Secondary-only
2023-02-22,2079/11/10,Silver,"Silver Rate Per Tola",1295,1110.25,111.03,111030,"NotifyNepal",https://notifynepal.com/en/silver-price-history-nepal,Secondary-only
2023-02-22,2079/11/10,Gold,"Gold Rate Per Tola",103000,88307.38,8830.59,8830590,"Gahana",https://gahanaonline.com/gold-rate-history/,Secondary-only
2023-02-21,2079/11/09,Silver,"Silver Rate Per Tola",1290,1105.97,110.6,110600,"NotifyNepal",https://notifynepal.com/en/silver-price-history-nepal,Secondary-only
2023-02-21,2079/11/09,Gold,"Gold Rate Per Tola",103000,88307.38,8830.59,8830590,"Gahana",https://gahanaonline.com/gold-rate-history/,Secondary-only
2023-02-20,2079/11/08,Silver,"Silver Rate Per Tola",1290,1105.97,110.6,110600,"NotifyNepal",https://notifynepal.com/en/silver-price-history-nepal,Secondary-only
2023-02-20,2079/11/08,Gold,"Gold Rate Per Tola",103200,88478.85,8847.74,8847740,"Gahana",https://gahanaonline.com/gold-rate-history/,Secondary-only
2023-02-19,2079/11/07,Silver,"Silver Rate Per Tola",1290,1105.97,110.6,110600,"NotifyNepal",https://notifynepal.com/en/silver-price-history-nepal,Secondary-only
2023-02-19,2079/11/07,Gold,"Gold Rate Per Tola",103200,88478.85,8847.74,8847740,"Gahana",https://gahanaonline.com/gold-rate-history/,Secondary-only
2023-02-17,2079/11/05,Silver,"Silver Rate Per Tola",1275,1093.11,109.31,109310,"NotifyNepal",https://notifynepal.com/en/silver-price-history-nepal,Secondary-only
2023-02-17,2079/11/05,Gold,"Gold Rate Per Tola",102500,87878.71,8787.72,8787720,"Gahana",https://gahanaonline.com/gold-rate-history/,Secondary-only
2023-02-16,2079/11/04,Silver,"Silver Rate Per Tola",1285,1101.68,110.17,110170,"NotifyNepal",https://notifynepal.com/en/silver-price-history-nepal,Secondary-only
2023-02-16,2079/11/04,Gold,"Gold Rate Per Tola",103000,88307.38,8830.59,8830590,"Gahana",https://gahanaonline.com/gold-rate-history/,Secondary-only
2023-02-15,2079/11/03,Silver,"Silver Rate Per Tola",1290,1105.97,110.6,110600,"NotifyNepal",https://notifynepal.com/en/silver-price-history-nepal,Secondary-only
2023-02-15,2079/11/03,Gold,"Gold Rate Per Tola",103600,88821.8,8882.03,8882030,"Gahana",https://gahanaonline.com/gold-rate-history/,Secondary-only
2023-02-14,2079/11/02,Silver,"Silver Rate Per Tola",1295,1110.25,111.03,111030,"NotifyNepal",https://notifynepal.com/en/silver-price-history-nepal,Secondary-only
2023-02-14,2079/11/02,Gold,"Gold Rate Per Tola",103800,88993.27,8899.18,8899180,"Gahana",https://gahanaonline.com/gold-rate-history/,Secondary-only
2023-02-13,2079/11/01,Silver,"Silver Rate Per Tola",1295,1110.25,111.03,111030,"NotifyNepal",https://notifynepal.com/en/silver-price-history-nepal,Secondary-only
2023-02-13,2079/11/01,Gold,"Gold Rate Per Tola",104000,89164.74,8916.32,8916320,"Gahana",https://gahanaonline.com/gold-rate-history/,Secondary-only
2023-02-12,,Silver,"Silver Rate Per Tola",1295,1110.25,111.03,111030,"NotifyNepal",https://notifynepal.com/en/silver-price-history-nepal,Secondary-only
2023-02-10,2079/10/27,Silver,"Silver Rate Per Tola",1290,1105.97,110.6,110600,"NotifyNepal",https://notifynepal.com/en/silver-price-history-nepal,Secondary-only
2023-02-10,2079/10/27,Gold,"Gold Rate Per Tola",103600,88821.8,8882.03,8882030,"Gahana",https://gahanaonline.com/gold-rate-history/,Secondary-only
2023-02-09,2079/10/26,Silver,"Silver Rate Per Tola",1320,1131.69,113.17,113170,"NotifyNepal",https://notifynepal.com/en/silver-price-history-nepal,Secondary-only
2023-02-09,2079/10/26,Gold,"Gold Rate Per Tola",104900,89936.36,8993.48,8993480,"Gahana",https://gahanaonline.com/gold-rate-history/,Secondary-only
2023-02-08,2079/10/25,Silver,"Silver Rate Per Tola",1315,1127.4,112.74,112740,"NotifyNepal",https://notifynepal.com/en/silver-price-history-nepal,Secondary-only
2023-02-08,2079/10/25,Gold,"Gold Rate Per Tola",104800,89850.62,8984.91,8984910,"Gahana",https://gahanaonline.com/gold-rate-history/,Secondary-only
2023-02-07,2079/10/24,Silver,"Silver Rate Per Tola",1320,1131.69,113.17,113170,"NotifyNepal",https://notifynepal.com/en/silver-price-history-nepal,Secondary-only
2023-02-07,2079/10/24,Gold,"Gold Rate Per Tola",104600,89679.15,8967.76,8967760,"Gahana",https://gahanaonline.com/gold-rate-history/,Secondary-only
2023-02-06,2079/10/23,Silver,"Silver Rate Per Tola",1320,1131.69,113.17,113170,"NotifyNepal",https://notifynepal.com/en/silver-price-history-nepal,Secondary-only
2023-02-06,2079/10/23,Gold,"Gold Rate Per Tola",104600,89679.15,8967.76,8967760,"Gahana",https://gahanaonline.com/gold-rate-history/,Secondary-only
2023-02-05,2079/10/22,Silver,"Silver Rate Per Tola",1320,1131.69,113.17,113170,"NotifyNepal",https://notifynepal.com/en/silver-price-history-nepal,Secondary-only
2023-02-05,2079/10/22,Gold,"Gold Rate Per Tola",104100,89250.47,8924.9,8924900,"Gahana",https://gahanaonline.com/gold-rate-history/,Secondary-only
2023-02-03,2079/10/20,Silver,"Silver Rate Per Tola",1365,1170.27,117.03,117030,"NotifyNepal",https://notifynepal.com/en/silver-price-history-nepal,Secondary-only
2023-02-03,2079/10/20,Gold,"Gold Rate Per Tola",106100,90965.18,9096.36,9096360,"Gahana",https://gahanaonline.com/gold-rate-history/,Secondary-only
2023-02-02,2079/10/19,Silver,"Silver Rate Per Tola",1395,1195.99,119.6,119600,"NotifyNepal",https://notifynepal.com/en/silver-price-history-nepal,Secondary-only
2023-02-02,2079/10/19,Gold,"Gold Rate Per Tola",107500,92165.47,9216.39,9216390,"Gahana",https://gahanaonline.com/gold-rate-history/,Secondary-only
2023-02-01,2079/10/18,Silver,"Silver Rate Per Tola",1370,1174.55,117.46,117460,"NotifyNepal",https://notifynepal.com/en/silver-price-history-nepal,Secondary-only
2023-02-01,2079/10/18,Gold,"Gold Rate Per Tola",106300,91136.65,9113.51,9113510,"Gahana",https://gahanaonline.com/gold-rate-history/,Secondary-only
2023-01-31,2079/10/17,Silver,"Silver Rate Per Tola",1365,1170.27,117.03,117030,"NotifyNepal",https://notifynepal.com/en/silver-price-history-nepal,Secondary-only
2023-01-31,2079/10/17,Gold,"Gold Rate Per Tola",105800,90707.97,9070.64,9070640,"Gahana",https://gahanaonline.com/gold-rate-history/,Secondary-only
2023-01-30,2079/10/16,Silver,"Silver Rate Per Tola",1365,1170.27,117.03,117030,"NotifyNepal",https://notifynepal.com/en/silver-price-history-nepal,Secondary-only
2023-01-30,2079/10/16,Gold,"Gold Rate Per Tola",106300,91136.65,9113.51,9113510,"Gahana",https://gahanaonline.com/gold-rate-history/,Secondary-only
2023-01-29,2079/10/15,Silver,"Silver Rate Per Tola",1365,1170.27,117.03,117030,"NotifyNepal",https://notifynepal.com/en/silver-price-history-nepal,Secondary-only
2023-01-29,2079/10/15,Gold,"Gold Rate Per Tola",106000,90879.44,9087.79,9087790,"Gahana",https://gahanaonline.com/gold-rate-history/,Secondary-only
2023-01-27,2079/10/13,Silver,"Silver Rate Per Tola",1380,1183.13,118.31,118310,"NotifyNepal",https://notifynepal.com/en/silver-price-history-nepal,Secondary-only
2023-01-27,2079/10/13,Gold,"Gold Rate Per Tola",105800,90707.97,9070.64,9070640,"Gahana",https://gahanaonline.com/gold-rate-history/,Secondary-only
2023-01-26,2079/10/12,Silver,"Silver Rate Per Tola",1380,1183.13,118.31,118310,"NotifyNepal",https://notifynepal.com/en/silver-price-history-nepal,Secondary-only
2023-01-26,2079/10/12,Gold,"Gold Rate Per Tola",106900,91651.06,9164.95,9164950,"Gahana",https://gahanaonline.com/gold-rate-history/,Secondary-only
2023-01-25,2079/10/11,Silver,"Silver Rate Per Tola",1365,1170.27,117.03,117030,"NotifyNepal",https://notifynepal.com/en/silver-price-history-nepal,Secondary-only
2023-01-25,2079/10/11,Gold,"Gold Rate Per Tola",106200,91050.91,9104.94,9104940,"Gahana",https://gahanaonline.com/gold-rate-history/,Secondary-only
2023-01-24,2079/10/10,Silver,"Silver Rate Per Tola",1365,1170.27,117.03,117030,"NotifyNepal",https://notifynepal.com/en/silver-price-history-nepal,Secondary-only
2023-01-24,2079/10/10,Gold,"Gold Rate Per Tola",106300,91136.65,9113.51,9113510,"Gahana",https://gahanaonline.com/gold-rate-history/,Secondary-only
2023-01-23,2079/10/09,Silver,"Silver Rate Per Tola",1380,1183.13,118.31,118310,"NotifyNepal",https://notifynepal.com/en/silver-price-history-nepal,Secondary-only
2023-01-23,2079/10/09,Gold,"Gold Rate Per Tola",105300,90279.3,9027.78,9027780,"Gahana",https://gahanaonline.com/gold-rate-history/,Secondary-only
2023-01-22,2079/10/08,Silver,"Silver Rate Per Tola",1375,1178.84,117.88,117880,"NotifyNepal",https://notifynepal.com/en/silver-price-history-nepal,Secondary-only
2023-01-22,2079/10/08,Gold,"Gold Rate Per Tola",105000,90022.09,9002.06,9002060,"Gahana",https://gahanaonline.com/gold-rate-history/,Secondary-only
2023-01-20,2079/10/06,Silver,"Silver Rate Per Tola",1375,1178.84,117.88,117880,"NotifyNepal",https://notifynepal.com/en/silver-price-history-nepal,Secondary-only
2023-01-20,2079/10/06,Gold,"Gold Rate Per Tola",105200,90193.56,9019.2,9019200,"Gahana",https://gahanaonline.com/gold-rate-history/,Secondary-only
2023-01-19,2079/10/05,Silver,"Silver Rate Per Tola",1355,1161.69,116.17,116170,"NotifyNepal",https://notifynepal.com/en/silver-price-history-nepal,Secondary-only
2023-01-19,2079/10/05,Gold,"Gold Rate Per Tola",104500,89593.41,8959.19,8959190,"Gahana",https://gahanaonline.com/gold-rate-history/,Secondary-only
2023-01-18,2079/10/04,Silver,"Silver Rate Per Tola",1375,1178.84,117.88,117880,"NotifyNepal",https://notifynepal.com/en/silver-price-history-nepal,Secondary-only
2023-01-18,2079/10/04,Gold,"Gold Rate Per Tola",104500,89593.41,8959.19,8959190,"Gahana",https://gahanaonline.com/gold-rate-history/,Secondary-only
2023-01-17,2079/10/03,Silver,"Silver Rate Per Tola",1390,1191.7,119.17,119170,"NotifyNepal",https://notifynepal.com/en/silver-price-history-nepal,Secondary-only
2023-01-17,2079/10/03,Gold,"Gold Rate Per Tola",105100,90107.83,9010.63,9010630,"Gahana",https://gahanaonline.com/gold-rate-history/,Secondary-only
2023-01-16,2079/10/02,Silver,"Silver Rate Per Tola",1400,1200.27,120.03,120030,"NotifyNepal",https://notifynepal.com/en/silver-price-history-nepal,Secondary-only
2023-01-16,2079/10/02,Gold,"Gold Rate Per Tola",105200,90193.56,9019.2,9019200,"Gahana",https://gahanaonline.com/gold-rate-history/,Secondary-only
2023-01-15,2079/10/01,Silver,"Silver Rate Per Tola",1390,1191.7,119.17,119170,"NotifyNepal",https://notifynepal.com/en/silver-price-history-nepal,Secondary-only
2023-01-15,2079/10/01,Gold,"Gold Rate Per Tola",105000,90022.09,9002.06,9002060,"Gahana",https://gahanaonline.com/gold-rate-history/,Secondary-only
2023-01-13,2079/09/29,Silver,"Silver Rate Per Tola",1365,1170.27,117.03,117030,"NotifyNepal",https://notifynepal.com/en/silver-price-history-nepal,Secondary-only
2023-01-13,2079/09/29,Gold,"Gold Rate Per Tola",103900,89079,8907.75,8907750,"Gahana",https://gahanaonline.com/gold-rate-history/,Secondary-only
2023-01-12,2079/09/28,Silver,"Silver Rate Per Tola",1360,1165.98,116.6,116600,"NotifyNepal",https://notifynepal.com/en/silver-price-history-nepal,Secondary-only
2023-01-12,2079/09/28,Gold,"Gold Rate Per Tola",103400,88650.33,8864.88,8864880,"Gahana",https://gahanaonline.com/gold-rate-history/,Secondary-only
2023-01-11,2079/09/27,Silver,"Silver Rate Per Tola",1365,1170.27,117.03,117030,"NotifyNepal",https://notifynepal.com/en/silver-price-history-nepal,Secondary-only
2023-01-11,2079/09/27,Gold,"Gold Rate Per Tola",103200,88478.85,8847.74,8847740,"Gahana",https://gahanaonline.com/gold-rate-history/,Secondary-only
2023-01-10,2079/09/26,Silver,"Silver Rate Per Tola",1365,1170.27,117.03,117030,"NotifyNepal",https://notifynepal.com/en/silver-price-history-nepal,Secondary-only
2023-01-10,2079/09/26,Gold,"Gold Rate Per Tola",103500,88736.06,8873.46,8873460,"Gahana",https://gahanaonline.com/gold-rate-history/,Secondary-only
2023-01-09,2079/09/25,Silver,"Silver Rate Per Tola",1390,1191.7,119.17,119170,"NotifyNepal",https://notifynepal.com/en/silver-price-history-nepal,Secondary-only
2023-01-09,2079/09/25,Gold,"Gold Rate Per Tola",103900,89079,8907.75,8907750,"Gahana",https://gahanaonline.com/gold-rate-history/,Secondary-only
2023-01-08,2079/09/24,Silver,"Silver Rate Per Tola",1380,1183.13,118.31,118310,"NotifyNepal",https://notifynepal.com/en/silver-price-history-nepal,Secondary-only
2023-01-08,2079/09/24,Gold,"Gold Rate Per Tola",103300,88564.59,8856.31,8856310,"Gahana",https://gahanaonline.com/gold-rate-history/,Secondary-only
2023-01-06,2079/09/22,Silver,"Silver Rate Per Tola",1365,1170.27,117.03,117030,"NotifyNepal",https://notifynepal.com/en/silver-price-history-nepal,Secondary-only
2023-01-06,2079/09/22,Gold,"Gold Rate Per Tola",102300,87707.24,8770.58,8770580,"Gahana",https://gahanaonline.com/gold-rate-history/,Secondary-only
2023-01-05,2079/09/21,Silver,"Silver Rate Per Tola",1385,1187.41,118.74,118740,"NotifyNepal",https://notifynepal.com/en/silver-price-history-nepal,Secondary-only
2023-01-05,2079/09/21,Gold,"Gold Rate Per Tola",103100,88393.12,8839.16,8839160,"Gahana",https://gahanaonline.com/gold-rate-history/,Secondary-only
2023-01-04,2079/09/20,Silver,"Silver Rate Per Tola",1400,1200.27,120.03,120030,"NotifyNepal",https://notifynepal.com/en/silver-price-history-nepal,Secondary-only
2023-01-04,2079/09/20,Gold,"Gold Rate Per Tola",102900,88221.65,8822.02,8822020,"Gahana",https://gahanaonline.com/gold-rate-history/,Secondary-only
2023-01-03,2079/09/19,Silver,"Silver Rate Per Tola",1410,1208.85,120.88,120880,"NotifyNepal",https://notifynepal.com/en/silver-price-history-nepal,Secondary-only
2023-01-03,2079/09/19,Gold,"Gold Rate Per Tola",102600,87964.44,8796.3,8796300,"Gahana",https://gahanaonline.com/gold-rate-history/,Secondary-only
2023-01-02,2079/09/18,Silver,"Silver Rate Per Tola",1400,1200.27,120.03,120030,"NotifyNepal",https://notifynepal.com/en/silver-price-history-nepal,Secondary-only
2023-01-02,2079/09/18,Gold,"Gold Rate Per Tola",101700,87192.82,8719.14,8719140,"Gahana",https://gahanaonline.com/gold-rate-history/,Secondary-only
2023-01-01,2079/09/17,Silver,"Silver Rate Per Tola",1400,1200.27,120.03,120030,"NotifyNepal",https://notifynepal.com/en/silver-price-history-nepal,Secondary-only
2023-01-01,2079/09/17,Gold,"Gold Rate Per Tola",101700,87192.82,8719.14,8719140,"Gahana",https://gahanaonline.com/gold-rate-history/,Secondary-only
2022-12-30,2079/09/15,Silver,"Silver Rate Per Tola",1395,1195.99,119.6,119600,"NotifyNepal",https://notifynepal.com/en/silver-price-history-nepal,Secondary-only
2022-12-30,2079/09/15,Gold,"Gold Rate Per Tola",101400,86935.62,8693.42,8693420,"Gahana",https://gahanaonline.com/gold-rate-history/,Secondary-only
2022-12-29,2079/09/14,Silver,"Silver Rate Per Tola",1380,1183.13,118.31,118310,"NotifyNepal",https://notifynepal.com/en/silver-price-history-nepal,Secondary-only
2022-12-29,2079/09/14,Gold,"Gold Rate Per Tola",100900,86506.94,8650.55,8650550,"Gahana",https://gahanaonline.com/gold-rate-history/,Secondary-only
2022-12-28,2079/09/13,Silver,"Silver Rate Per Tola",1400,1200.27,120.03,120030,"NotifyNepal",https://notifynepal.com/en/silver-price-history-nepal,Secondary-only
2022-12-28,2079/09/13,Gold,"Gold Rate Per Tola",101100,86678.41,8667.7,8667700,"Gahana",https://gahanaonline.com/gold-rate-history/,Secondary-only
2022-12-27,2079/09/12,Silver,"Silver Rate Per Tola",1390,1191.7,119.17,119170,"NotifyNepal",https://notifynepal.com/en/silver-price-history-nepal,Secondary-only
2022-12-27,2079/09/12,Gold,"Gold Rate Per Tola",100700,86335.47,8633.4,8633400,"Gahana",https://gahanaonline.com/gold-rate-history/,Secondary-only
2022-12-26,2079/09/11,Silver,"Silver Rate Per Tola",1390,1191.7,119.17,119170,"NotifyNepal",https://notifynepal.com/en/silver-price-history-nepal,Secondary-only
2022-12-26,2079/09/11,Gold,"Gold Rate Per Tola",100500,86164,8616.26,8616260,"Gahana",https://gahanaonline.com/gold-rate-history/,Secondary-only
2022-12-25,2079/09/10,Silver,"Silver Rate Per Tola",1390,1191.7,119.17,119170,"NotifyNepal",https://notifynepal.com/en/silver-price-history-nepal,Secondary-only
2022-12-25,2079/09/10,Gold,"Gold Rate Per Tola",100500,86164,8616.26,8616260,"Gahana",https://gahanaonline.com/gold-rate-history/,Secondary-only
2022-12-23,2079/09/08,Silver,"Silver Rate Per Tola",1390,1191.7,119.17,119170,"NotifyNepal",https://notifynepal.com/en/silver-price-history-nepal,Secondary-only
2022-12-23,2079/09/08,Gold,"Gold Rate Per Tola",100300,85992.53,8599.11,8599110,"Gahana",https://gahanaonline.com/gold-rate-history/,Secondary-only
2022-12-22,2079/09/07,Silver,"Silver Rate Per Tola",1405,1204.56,120.46,120460,"NotifyNepal",https://notifynepal.com/en/silver-price-history-nepal,Secondary-only
2022-12-22,2079/09/07,Gold,"Gold Rate Per Tola",101500,87021.35,8701.99,8701990,"Gahana",https://gahanaonline.com/gold-rate-history/,Secondary-only
2022-12-21,2079/09/06,Silver,"Silver Rate Per Tola",1400,1200.27,120.03,120030,"NotifyNepal",https://notifynepal.com/en/silver-price-history-nepal,Secondary-only
2022-12-21,2079/09/06,Gold,"Gold Rate Per Tola",101200,86764.15,8676.27,8676270,"Gahana",https://gahanaonline.com/gold-rate-history/,Secondary-only
2022-12-20,2079/09/05,Silver,"Silver Rate Per Tola",1375,1178.84,117.88,117880,"NotifyNepal",https://notifynepal.com/en/silver-price-history-nepal,Secondary-only
2022-12-20,2079/09/05,Gold,"Gold Rate Per Tola",100400,86078.27,8607.68,8607680,"Gahana",https://gahanaonline.com/gold-rate-history/,Secondary-only
2022-12-19,2079/09/04,Silver,"Silver Rate Per Tola",1380,1183.13,118.31,118310,"NotifyNepal",https://notifynepal.com/en/silver-price-history-nepal,Secondary-only
2022-12-19,2079/09/04,Gold,"Gold Rate Per Tola",100500,86164,8616.26,8616260,"Gahana",https://gahanaonline.com/gold-rate-history/,Secondary-only
2022-12-18,2079/09/03,Silver,"Silver Rate Per Tola",1380,1183.13,118.31,118310,"NotifyNepal",https://notifynepal.com/en/silver-price-history-nepal,Secondary-only
2022-12-18,2079/09/03,Gold,"Gold Rate Per Tola",100500,86164,8616.26,8616260,"Gahana",https://gahanaonline.com/gold-rate-history/,Secondary-only
2022-12-16,2079/09/01,Silver,"Silver Rate Per Tola",1370,1174.55,117.46,117460,"NotifyNepal",https://notifynepal.com/en/silver-price-history-nepal,Secondary-only
2022-12-16,2079/09/01,Gold,"Gold Rate Per Tola",99900,85649.59,8564.81,8564810,"Gahana",https://gahanaonline.com/gold-rate-history/,Secondary-only
2022-12-15,2079/08/29,Silver,"Silver Rate Per Tola",1380,1183.13,118.31,118310,"NotifyNepal",https://notifynepal.com/en/silver-price-history-nepal,Secondary-only
2022-12-15,2079/08/29,Gold,"Gold Rate Per Tola",100300,85992.53,8599.11,8599110,"Gahana",https://gahanaonline.com/gold-rate-history/,Secondary-only
2022-12-14,2079/08/28,Silver,"Silver Rate Per Tola",1400,1200.27,120.03,120030,"NotifyNepal",https://notifynepal.com/en/silver-price-history-nepal,Secondary-only
2022-12-14,2079/08/28,Gold,"Gold Rate Per Tola",101000,86592.68,8659.12,8659120,"Gahana",https://gahanaonline.com/gold-rate-history/,Secondary-only
2022-12-13,2079/08/27,Silver,"Silver Rate Per Tola",1390,1191.7,119.17,119170,"NotifyNepal",https://notifynepal.com/en/silver-price-history-nepal,Secondary-only
2022-12-13,2079/08/27,Gold,"Gold Rate Per Tola",100000,85735.32,8573.39,8573390,"Gahana",https://gahanaonline.com/gold-rate-history/,Secondary-only
2022-12-12,2079/08/26,Silver,"Silver Rate Per Tola",1390,1191.7,119.17,119170,"NotifyNepal",https://notifynepal.com/en/silver-price-history-nepal,Secondary-only
2022-12-12,2079/08/26,Gold,"Gold Rate Per Tola",100200,85906.79,8590.53,8590530,"Gahana",https://gahanaonline.com/gold-rate-history/,Secondary-only
2022-12-11,2079/08/25,Silver,"Silver Rate Per Tola",1400,1200.27,120.03,120030,"NotifyNepal",https://notifynepal.com/en/silver-price-history-nepal,Secondary-only
2022-12-11,2079/08/25,Gold,"Gold Rate Per Tola",100500,86164,8616.26,8616260,"Gahana",https://gahanaonline.com/gold-rate-history/,Secondary-only
2022-12-09,2079/08/23,Silver,"Silver Rate Per Tola",1390,1191.7,119.17,119170,"NotifyNepal",https://notifynepal.com/en/silver-price-history-nepal,Secondary-only
2022-12-09,2079/08/23,Gold,"Gold Rate Per Tola",100300,85992.53,8599.11,8599110,"Gahana",https://gahanaonline.com/gold-rate-history/,Secondary-only
2022-12-08,2079/08/22,Silver,"Silver Rate Per Tola",1360,1165.98,116.6,116600,"NotifyNepal",https://notifynepal.com/en/silver-price-history-nepal,Secondary-only
2022-12-08,2079/08/22,Gold,"Gold Rate Per Tola",99700,85478.12,8547.67,8547670,"Gahana",https://gahanaonline.com/gold-rate-history/,Secondary-only
2022-12-07,2079/08/21,Silver,"Silver Rate Per Tola",1350,1157.41,115.74,115740,"NotifyNepal",https://notifynepal.com/en/silver-price-history-nepal,Secondary-only
2022-12-07,2079/08/21,Gold,"Gold Rate Per Tola",99300,85135.18,8513.37,8513370,"Gahana",https://gahanaonline.com/gold-rate-history/,Secondary-only
2022-12-06,2079/08/20,Silver,"Silver Rate Per Tola",1350,1157.41,115.74,115740,"NotifyNepal",https://notifynepal.com/en/silver-price-history-nepal,Secondary-only
2022-12-06,2079/08/20,Gold,"Gold Rate Per Tola",99300,85135.18,8513.37,8513370,"Gahana",https://gahanaonline.com/gold-rate-history/,Secondary-only
2022-12-05,2079/08/19,Silver,"Silver Rate Per Tola",1385,1187.41,118.74,118740,"NotifyNepal",https://notifynepal.com/en/silver-price-history-nepal,Secondary-only
2022-12-05,2079/08/19,Gold,"Gold Rate Per Tola",99900,85649.59,8564.81,8564810,"Gahana",https://gahanaonline.com/gold-rate-history/,Secondary-only
2022-12-04,2079/08/18,Silver,"Silver Rate Per Tola",1370,1174.55,117.46,117460,"NotifyNepal",https://notifynepal.com/en/silver-price-history-nepal,Secondary-only
2022-12-04,2079/08/18,Gold,"Gold Rate Per Tola",99500,85306.65,8530.52,8530520,"Gahana",https://gahanaonline.com/gold-rate-history/,Secondary-only
2022-12-02,2079/08/16,Silver,"Silver Rate Per Tola",1345,1153.12,115.31,115310,"NotifyNepal",https://notifynepal.com/en/silver-price-history-nepal,Secondary-only
2022-12-02,2079/08/16,Gold,"Gold Rate Per Tola",99100,84963.71,8496.23,8496230,"Gahana",https://gahanaonline.com/gold-rate-history/,Secondary-only
2022-12-01,2079/08/15,Silver,"Silver Rate Per Tola",1330,1140.26,114.03,114030,"NotifyNepal",https://notifynepal.com/en/silver-price-history-nepal,Secondary-only
2022-12-01,2079/08/15,Gold,"Gold Rate Per Tola",98100,84106.35,8410.49,8410490,"Gahana",https://gahanaonline.com/gold-rate-history/,Secondary-only
2022-11-30,2079/08/14,Silver,"Silver Rate Per Tola",1290,1105.97,110.6,110600,"NotifyNepal",https://notifynepal.com/en/silver-price-history-nepal,Secondary-only
2022-11-30,2079/08/14,Gold,"Gold Rate Per Tola",97600,83677.68,8367.63,8367630,"Gahana",https://gahanaonline.com/gold-rate-history/,Secondary-only
2022-11-29,2079/08/13,Silver,"Silver Rate Per Tola",1285,1101.68,110.17,110170,"NotifyNepal",https://notifynepal.com/en/silver-price-history-nepal,Secondary-only
2022-11-29,2079/08/13,Gold,"Gold Rate Per Tola",97400,83506.21,8350.48,8350480,"Gahana",https://gahanaonline.com/gold-rate-history/,Secondary-only
2022-11-28,2079/08/12,Silver,"Silver Rate Per Tola",1285,1101.68,110.17,110170,"NotifyNepal",https://notifynepal.com/en/silver-price-history-nepal,Secondary-only
2022-11-28,2079/08/12,Gold,"Gold Rate Per Tola",97500,83591.94,8359.05,8359050,"Gahana",https://gahanaonline.com/gold-rate-history/,Secondary-only
2022-11-27,2079/08/11,Silver,"Silver Rate Per Tola",1295,1110.25,111.03,111030,"NotifyNepal",https://notifynepal.com/en/silver-price-history-nepal,Secondary-only
2022-11-27,2079/08/11,Gold,"Gold Rate Per Tola",97800,83849.15,8384.77,8384770,"Gahana",https://gahanaonline.com/gold-rate-history/,Secondary-only
2022-11-25,2079/08/09,Silver,"Silver Rate Per Tola",1295,1110.25,111.03,111030,"NotifyNepal",https://notifynepal.com/en/silver-price-history-nepal,Secondary-only
2022-11-25,2079/08/09,Gold,"Gold Rate Per Tola",97800,83849.15,8384.77,8384770,"Gahana",https://gahanaonline.com/gold-rate-history/,Secondary-only
2022-11-24,2079/08/08,Silver,"Silver Rate Per Tola",1305,1118.83,111.88,111880,"NotifyNepal",https://notifynepal.com/en/silver-price-history-nepal,Secondary-only
2022-11-24,2079/08/08,Gold,"Gold Rate Per Tola",97800,83849.15,8384.77,8384770,"Gahana",https://gahanaonline.com/gold-rate-history/,Secondary-only
2022-11-23,2079/08/07,Silver,"Silver Rate Per Tola",1275,1093.11,109.31,109310,"NotifyNepal",https://notifynepal.com/en/silver-price-history-nepal,Secondary-only
2022-11-23,2079/08/07,Gold,"Gold Rate Per Tola",96800,82991.79,8299.04,8299040,"Gahana",https://gahanaonline.com/gold-rate-history/,Secondary-only
2022-11-22,2079/08/06,Silver,"Silver Rate Per Tola",1280,1097.39,109.74,109740,"NotifyNepal",https://notifynepal.com/en/silver-price-history-nepal,Secondary-only
2022-11-22,2079/08/06,Gold,"Gold Rate Per Tola",97200,83334.74,8333.33,8333330,"Gahana",https://gahanaonline.com/gold-rate-history/,Secondary-only
2022-11-21,2079/08/05,Silver,"Silver Rate Per Tola",1265,1084.53,108.45,108450,"NotifyNepal",https://notifynepal.com/en/silver-price-history-nepal,Secondary-only
2022-11-21,2079/08/05,Gold,"Gold Rate Per Tola",97500,83591.94,8359.05,8359050,"Gahana",https://gahanaonline.com/gold-rate-history/,Secondary-only
2022-11-18,2079/08/02,Silver,"Silver Rate Per Tola",1280,1097.39,109.74,109740,"NotifyNepal",https://notifynepal.com/en/silver-price-history-nepal,Secondary-only
2022-11-18,2079/08/02,Gold,"Gold Rate Per Tola",98100,84106.35,8410.49,8410490,"Gahana",https://gahanaonline.com/gold-rate-history/,Secondary-only
2022-11-17,2079/08/01,Silver,"Silver Rate Per Tola",1285,1101.68,110.17,110170,"NotifyNepal",https://notifynepal.com/en/silver-price-history-nepal,Secondary-only
2022-11-17,2079/08/01,Gold,"Gold Rate Per Tola",98000,84020.62,8401.92,8401920,"Gahana",https://gahanaonline.com/gold-rate-history/,Secondary-only
2022-11-16,2079/07/30,Silver,"Silver Rate Per Tola",1295,1110.25,111.03,111030,"NotifyNepal",https://notifynepal.com/en/silver-price-history-nepal,Secondary-only
2022-11-16,2079/07/30,Gold,"Gold Rate Per Tola",98400,84363.56,8436.21,8436210,"Gahana",https://gahanaonline.com/gold-rate-history/,Secondary-only
2022-11-15,2079/07/29,Silver,"Silver Rate Per Tola",1325,1135.97,113.6,113600,"NotifyNepal",https://notifynepal.com/en/silver-price-history-nepal,Secondary-only
2022-11-15,2079/07/29,Gold,"Gold Rate Per Tola",98200,84192.09,8419.07,8419070,"Gahana",https://gahanaonline.com/gold-rate-history/,Secondary-only
2022-11-14,2079/07/28,Silver,"Silver Rate Per Tola",1295,1110.25,111.03,111030,"NotifyNepal",https://notifynepal.com/en/silver-price-history-nepal,Secondary-only
2022-11-14,2079/07/28,Gold,"Gold Rate Per Tola",97200,83334.74,8333.33,8333330,"Gahana",https://gahanaonline.com/gold-rate-history/,Secondary-only
2022-11-13,2079/07/27,Silver,"Silver Rate Per Tola",1300,1114.54,111.45,111450,"NotifyNepal",https://notifynepal.com/en/silver-price-history-nepal,Secondary-only
2022-11-13,2079/07/27,Gold,"Gold Rate Per Tola",97300,83420.47,8341.91,8341910,"Gahana",https://gahanaonline.com/gold-rate-history/,Secondary-only
2022-11-11,2079/07/25,Silver,"Silver Rate Per Tola",1295,1110.25,111.03,111030,"NotifyNepal",https://notifynepal.com/en/silver-price-history-nepal,Secondary-only
2022-11-11,2079/07/25,Gold,"Gold Rate Per Tola",96700,82906.06,8290.47,8290470,"Gahana",https://gahanaonline.com/gold-rate-history/,Secondary-only
2022-11-10,2079/07/24,Silver,"Silver Rate Per Tola",1285,1101.68,110.17,110170,"NotifyNepal",https://notifynepal.com/en/silver-price-history-nepal,Secondary-only
2022-11-10,2079/07/24,Gold,"Gold Rate Per Tola",95400,81791.5,8179.01,8179010,"Gahana",https://gahanaonline.com/gold-rate-history/,Secondary-only
2022-11-09,2079/07/23,Gold,"Gold Rate Per Tola",95400,81791.5,8179.01,8179010,"Gahana",https://gahanaonline.com/gold-rate-history/,Secondary-only
2022-11-08,2079/07/22,Silver,"Silver Rate Per Tola",1265,1084.53,108.45,108450,"NotifyNepal",https://notifynepal.com/en/silver-price-history-nepal,Secondary-only
2022-11-08,2079/07/22,Gold,"Gold Rate Per Tola",94000,80591.2,8058.98,8058980,"Gahana",https://gahanaonline.com/gold-rate-history/,Secondary-only
2022-11-07,2079/07/21,Silver,"Silver Rate Per Tola",1265,1084.53,108.45,108450,"NotifyNepal",https://notifynepal.com/en/silver-price-history-nepal,Secondary-only
2022-11-07,2079/07/21,Gold,"Gold Rate Per Tola",94200,80762.68,8076.13,8076130,"Gahana",https://gahanaonline.com/gold-rate-history/,Secondary-only
2022-11-06,2079/07/20,Silver,"Silver Rate Per Tola",1275,1093.11,109.31,109310,"NotifyNepal",https://notifynepal.com/en/silver-price-history-nepal,Secondary-only
2022-11-06,2079/07/20,Gold,"Gold Rate Per Tola",94500,81019.88,8101.85,8101850,"Gahana",https://gahanaonline.com/gold-rate-history/,Secondary-only
2022-11-04,2079/07/18,Silver,"Silver Rate Per Tola",1225,1050.24,105.02,105020,"NotifyNepal",https://notifynepal.com/en/silver-price-history-nepal,Secondary-only
2022-11-04,2079/07/18,Gold,"Gold Rate Per Tola",93100,79819.59,7981.82,7981820,"Gahana",https://gahanaonline.com/gold-rate-history/,Secondary-only
2022-11-03,2079/07/17,Silver,"Silver Rate Per Tola",1215,1041.67,104.17,104170,"NotifyNepal",https://notifynepal.com/en/silver-price-history-nepal,Secondary-only
2022-11-03,2079/07/17,Gold,"Gold Rate Per Tola",93200,79905.32,7990.4,7990400,"Gahana",https://gahanaonline.com/gold-rate-history/,Secondary-only
2022-11-02,2079/07/16,Silver,"Silver Rate Per Tola",1225,1050.24,105.02,105020,"NotifyNepal",https://notifynepal.com/en/silver-price-history-nepal,Secondary-only
2022-11-02,2079/07/16,Gold,"Gold Rate Per Tola",93600,80248.26,8024.69,8024690,"Gahana",https://gahanaonline.com/gold-rate-history/,Secondary-only
2022-11-01,2079/07/15,Silver,"Silver Rate Per Tola",1215,1041.67,104.17,104170,"NotifyNepal",https://notifynepal.com/en/silver-price-history-nepal,Secondary-only
2022-11-01,2079/07/15,Gold,"Gold Rate Per Tola",93100,79819.59,7981.82,7981820,"Gahana",https://gahanaonline.com/gold-rate-history/,Secondary-only
2022-10-31,2079/07/14,Silver,"Silver Rate Per Tola",1200,1028.81,102.88,102880,"NotifyNepal",https://notifynepal.com/en/silver-price-history-nepal,Secondary-only
2022-10-31,2079/07/14,Gold,"Gold Rate Per Tola",93000,79733.85,7973.25,7973250,"Gahana",https://gahanaonline.com/gold-rate-history/,Secondary-only
2022-10-30,2079/07/13,Silver,"Silver Rate Per Tola",1200,1028.81,102.88,102880,"NotifyNepal",https://notifynepal.com/en/silver-price-history-nepal,Secondary-only
2022-10-30,2079/07/13,Gold,"Gold Rate Per Tola",93000,79733.85,7973.25,7973250,"Gahana",https://gahanaonline.com/gold-rate-history/,Secondary-only
2022-10-24,2079/07/07,Silver,"Silver Rate Per Tola",1215,1041.67,104.17,104170,"NotifyNepal",https://notifynepal.com/en/silver-price-history-nepal,Secondary-only
2022-10-24,2079/07/07,Gold,"Gold Rate Per Tola",94000,80591.2,8058.98,8058980,"Gahana",https://gahanaonline.com/gold-rate-history/,Secondary-only
2022-10-23,2079/07/06,Silver,"Silver Rate Per Tola",1215,1041.67,104.17,104170,"NotifyNepal",https://notifynepal.com/en/silver-price-history-nepal,Secondary-only
2022-10-23,2079/07/06,Gold,"Gold Rate Per Tola",94000,80591.2,8058.98,8058980,"Gahana",https://gahanaonline.com/gold-rate-history/,Secondary-only
2022-10-22,2079/07/05,Silver,"Silver Rate Per Tola",1215,1041.67,104.17,104170,"NotifyNepal",https://notifynepal.com/en/silver-price-history-nepal,Secondary-only
2022-10-22,2079/07/05,Gold,"Gold Rate Per Tola",94000,80591.2,8058.98,8058980,"Gahana",https://gahanaonline.com/gold-rate-history/,Secondary-only
2022-10-21,2079/07/04,Silver,"Silver Rate Per Tola",1170,1003.09,100.31,100310,"NotifyNepal",https://notifynepal.com/en/silver-price-history-nepal,Secondary-only
2022-10-21,2079/07/04,Gold,"Gold Rate Per Tola",92500,79305.17,7930.38,7930380,"Gahana",https://gahanaonline.com/gold-rate-history/,Secondary-only
2022-10-20,2079/07/03,Silver,"Silver Rate Per Tola",1170,1003.09,100.31,100310,"NotifyNepal",https://notifynepal.com/en/silver-price-history-nepal,Secondary-only
2022-10-20,2079/07/03,Gold,"Gold Rate Per Tola",93100,79819.59,7981.82,7981820,"Gahana",https://gahanaonline.com/gold-rate-history/,Secondary-only
2022-10-19,2079/07/02,Silver,"Silver Rate Per Tola",1175,1007.37,100.74,100740,"NotifyNepal",https://notifynepal.com/en/silver-price-history-nepal,Secondary-only
2022-10-19,2079/07/02,Gold,"Gold Rate Per Tola",93200,79905.32,7990.4,7990400,"Gahana",https://gahanaonline.com/gold-rate-history/,Secondary-only
2022-10-18,2079/07/01,Silver,"Silver Rate Per Tola",1180,1011.66,101.17,101170,"NotifyNepal",https://notifynepal.com/en/silver-price-history-nepal,Secondary-only
2022-10-18,2079/07/01,Gold,"Gold Rate Per Tola",93400,80076.79,8007.54,8007540,"Gahana",https://gahanaonline.com/gold-rate-history/,Secondary-only
2022-10-17,2079/06/31,Silver,"Silver Rate Per Tola",1160,994.51,99.45,99450,"NotifyNepal",https://notifynepal.com/en/silver-price-history-nepal,Secondary-only
2022-10-17,2079/06/31,Gold,"Gold Rate Per Tola",93300,79991.06,7998.97,7998970,"Gahana",https://gahanaonline.com/gold-rate-history/,Secondary-only
2022-10-16,2079/06/30,Silver,"Silver Rate Per Tola",1160,994.51,99.45,99450,"NotifyNepal",https://notifynepal.com/en/silver-price-history-nepal,Secondary-only
2022-10-16,2079/06/30,Gold,"Gold Rate Per Tola",93100,79819.59,7981.82,7981820,"Gahana",https://gahanaonline.com/gold-rate-history/,Secondary-only
2022-10-14,2079/06/28,Silver,"Silver Rate Per Tola",1185,1015.95,101.59,101590,"NotifyNepal",https://notifynepal.com/en/silver-price-history-nepal,Secondary-only
2022-10-14,2079/06/28,Gold,"Gold Rate Per Tola",94100,80676.94,8067.56,8067560,"Gahana",https://gahanaonline.com/gold-rate-history/,Secondary-only
2022-10-13,2079/06/27,Silver,"Silver Rate Per Tola",1190,1020.23,102.02,102020,"NotifyNepal",https://notifynepal.com/en/silver-price-history-nepal,Secondary-only
2022-10-13,2079/06/27,Gold,"Gold Rate Per Tola",94200,80762.68,8076.13,8076130,"Gahana",https://gahanaonline.com/gold-rate-history/,Secondary-only
2022-10-12,2079/06/26,Silver,"Silver Rate Per Tola",1200,1028.81,102.88,102880,"NotifyNepal",https://notifynepal.com/en/silver-price-history-nepal,Secondary-only
2022-10-12,2079/06/26,Gold,"Gold Rate Per Tola",94200,80762.68,8076.13,8076130,"Gahana",https://gahanaonline.com/gold-rate-history/,Secondary-only
2022-10-11,2079/06/25,Silver,"Silver Rate Per Tola",1215,1041.67,104.17,104170,"NotifyNepal",https://notifynepal.com/en/silver-price-history-nepal,Secondary-only
2022-10-11,2079/06/25,Gold,"Gold Rate Per Tola",94000,80591.2,8058.98,8058980,"Gahana",https://gahanaonline.com/gold-rate-history/,Secondary-only
2022-10-10,2079/06/24,Silver,"Silver Rate Per Tola",1230,1054.53,105.45,105450,"NotifyNepal",https://notifynepal.com/en/silver-price-history-nepal,Secondary-only
2022-10-10,2079/06/24,Gold,"Gold Rate Per Tola",95200,81620.03,8161.87,8161870,"Gahana",https://gahanaonline.com/gold-rate-history/,Secondary-only
2022-10-09,2079/06/23,Silver,"Silver Rate Per Tola",1255,1075.96,107.6,107600,"NotifyNepal",https://notifynepal.com/en/silver-price-history-nepal,Secondary-only
2022-10-09,2079/06/23,Gold,"Gold Rate Per Tola",96000,82305.91,8230.45,8230450,"Gahana",https://gahanaonline.com/gold-rate-history/,Secondary-only
2022-10-01,2079/06/15,Gold,"Gold Rate Per Tola",93000,79733.85,7973.25,7973250,"Gahana",https://gahanaonline.com/gold-rate-history/,Secondary-only
2022-09-30,2079/06/14,Silver,"Silver Rate Per Tola",1170,1003.09,100.31,100310,"NotifyNepal",https://notifynepal.com/en/silver-price-history-nepal,Secondary-only
2022-09-30,2079/06/14,Gold,"Gold Rate Per Tola",93000,79733.85,7973.25,7973250,"Gahana",https://gahanaonline.com/gold-rate-history/,Secondary-only
2022-09-29,2079/06/13,Silver,"Silver Rate Per Tola",1170,1003.09,100.31,100310,"NotifyNepal",https://notifynepal.com/en/silver-price-history-nepal,Secondary-only
2022-09-29,2079/06/13,Gold,"Gold Rate Per Tola",92800,79562.38,7956.1,7956100,"Gahana",https://gahanaonline.com/gold-rate-history/,Secondary-only
2022-09-28,2079/06/12,Silver,"Silver Rate Per Tola",1145,981.65,98.17,98170,"NotifyNepal",https://notifynepal.com/en/silver-price-history-nepal,Secondary-only
2022-09-28,2079/06/12,Gold,"Gold Rate Per Tola",91600,78533.56,7853.22,7853220,"Gahana",https://gahanaonline.com/gold-rate-history/,Secondary-only
2022-09-27,2079/06/11,Silver,"Silver Rate Per Tola",1150,985.94,98.59,98590,"NotifyNepal",https://notifynepal.com/en/silver-price-history-nepal,Secondary-only
2022-09-27,2079/06/11,Gold,"Gold Rate Per Tola",91400,78362.09,7836.08,7836080,"Gahana",https://gahanaonline.com/gold-rate-history/,Secondary-only
2022-09-26,2079/06/10,Silver,"Silver Rate Per Tola",1160,994.51,99.45,99450,"NotifyNepal",https://notifynepal.com/en/silver-price-history-nepal,Secondary-only
2022-09-26,2079/06/10,Gold,"Gold Rate Per Tola",91800,78705.03,7870.37,7870370,"Gahana",https://gahanaonline.com/gold-rate-history/,Secondary-only
2022-09-25,2079/06/09,Silver,"Silver Rate Per Tola",1170,1003.09,100.31,100310,"NotifyNepal",https://notifynepal.com/en/silver-price-history-nepal,Secondary-only
2022-09-25,2079/06/09,Gold,"Gold Rate Per Tola",91800,78705.03,7870.37,7870370,"Gahana",https://gahanaonline.com/gold-rate-history/,Secondary-only
2022-09-23,2079/06/07,Silver,"Silver Rate Per Tola",1200,1028.81,102.88,102880,"NotifyNepal",https://notifynepal.com/en/silver-price-history-nepal,Secondary-only
2022-09-23,2079/06/07,Gold,"Gold Rate Per Tola",92800,79562.38,7956.1,7956100,"Gahana",https://gahanaonline.com/gold-rate-history/,Secondary-only
2022-09-22,2079/06/06,Silver,"Silver Rate Per Tola",1185,1015.95,101.59,101590,"NotifyNepal",https://notifynepal.com/en/silver-price-history-nepal,Secondary-only
2022-09-22,2079/06/06,Gold,"Gold Rate Per Tola",91800,78705.03,7870.37,7870370,"Gahana",https://gahanaonline.com/gold-rate-history/,Secondary-only
2022-09-21,2079/06/05,Silver,"Silver Rate Per Tola",1170,1003.09,100.31,100310,"NotifyNepal",https://notifynepal.com/en/silver-price-history-nepal,Secondary-only
2022-09-21,2079/06/05,Gold,"Gold Rate Per Tola",91300,78276.35,7827.5,7827500,"Gahana",https://gahanaonline.com/gold-rate-history/,Secondary-only
2022-09-20,2079/06/04,Gold,"Gold Rate Per Tola",91800,78705.03,7870.37,7870370,"Gahana",https://gahanaonline.com/gold-rate-history/,Secondary-only
2022-09-19,2079/06/03,Silver,"Silver Rate Per Tola",1175,1007.37,100.74,100740,"NotifyNepal",https://notifynepal.com/en/silver-price-history-nepal,Secondary-only
2022-09-19,2079/06/03,Gold,"Gold Rate Per Tola",91400,78362.09,7836.08,7836080,"Gahana",https://gahanaonline.com/gold-rate-history/,Secondary-only
2022-09-18,2079/06/02,Silver,"Silver Rate Per Tola",1185,1015.95,101.59,101590,"NotifyNepal",https://notifynepal.com/en/silver-price-history-nepal,Secondary-only
2022-09-18,2079/06/02,Gold,"Gold Rate Per Tola",91800,78705.03,7870.37,7870370,"Gahana",https://gahanaonline.com/gold-rate-history/,Secondary-only
2022-09-16,2079/05/31,Silver,"Silver Rate Per Tola",1170,1003.09,100.31,100310,"NotifyNepal",https://notifynepal.com/en/silver-price-history-nepal,Secondary-only
2022-09-16,2079/05/31,Gold,"Gold Rate Per Tola",91500,78447.82,7844.65,7844650,"Gahana",https://gahanaonline.com/gold-rate-history/,Secondary-only
2022-09-15,2079/05/30,Silver,"Silver Rate Per Tola",1180,1011.66,101.17,101170,"NotifyNepal",https://notifynepal.com/en/silver-price-history-nepal,Secondary-only
2022-09-15,2079/05/30,Gold,"Gold Rate Per Tola",92500,79305.17,7930.38,7930380,"Gahana",https://gahanaonline.com/gold-rate-history/,Secondary-only
2022-09-14,2079/05/29,Silver,"Silver Rate Per Tola",1175,1007.37,100.74,100740,"NotifyNepal",https://notifynepal.com/en/silver-price-history-nepal,Secondary-only
2022-09-14,2079/05/29,Gold,"Gold Rate Per Tola",92800,79562.38,7956.1,7956100,"Gahana",https://gahanaonline.com/gold-rate-history/,Secondary-only
2022-09-13,2079/05/28,Gold,"Gold Rate Per Tola",93500,80162.53,8016.12,8016120,"Gahana",https://gahanaonline.com/gold-rate-history/,Secondary-only
2022-09-12,2079/05/27,Silver,"Silver Rate Per Tola",1150,985.94,98.59,98590,"NotifyNepal",https://notifynepal.com/en/silver-price-history-nepal,Secondary-only
2022-09-12,2079/05/27,Gold,"Gold Rate Per Tola",93600,80248.26,8024.69,8024690,"Gahana",https://gahanaonline.com/gold-rate-history/,Secondary-only
2022-09-11,2079/05/26,Silver,"Silver Rate Per Tola",1150,985.94,98.59,98590,"NotifyNepal",https://notifynepal.com/en/silver-price-history-nepal,Secondary-only
2022-09-11,2079/05/26,Gold,"Gold Rate Per Tola",93900,80505.47,8050.41,8050410,"Gahana",https://gahanaonline.com/gold-rate-history/,Secondary-only
2022-09-09,2079/05/24,Silver,"Silver Rate Per Tola",1150,985.94,98.59,98590,"NotifyNepal",https://notifynepal.com/en/silver-price-history-nepal,Secondary-only
2022-09-09,2079/05/24,Gold,"Gold Rate Per Tola",93900,80505.47,8050.41,8050410,"Gahana",https://gahanaonline.com/gold-rate-history/,Secondary-only
2022-09-08,2079/05/23,Silver,"Silver Rate Per Tola",1135,973.08,97.31,97310,"NotifyNepal",https://notifynepal.com/en/silver-price-history-nepal,Secondary-only
2022-09-08,2079/05/23,Gold,"Gold Rate Per Tola",93800,80419.73,8041.84,8041840,"Gahana",https://gahanaonline.com/gold-rate-history/,Secondary-only
2022-09-07,2079/05/22,Gold,"Gold Rate Per Tola",93000,79733.85,7973.25,7973250,"Gahana",https://gahanaonline.com/gold-rate-history/,Secondary-only
2022-09-06,2079/05/21,Silver,"Silver Rate Per Tola",1125,964.51,96.45,96450,"NotifyNepal",https://notifynepal.com/en/silver-price-history-nepal,Secondary-only
2022-09-06,2079/05/21,Gold,"Gold Rate Per Tola",94000,80591.2,8058.98,8058980,"Gahana",https://gahanaonline.com/gold-rate-history/,Secondary-only
2022-09-05,2079/05/20,Silver,"Silver Rate Per Tola",1115,955.93,95.59,95590,"NotifyNepal",https://notifynepal.com/en/silver-price-history-nepal,Secondary-only
2022-09-05,2079/05/20,Gold,"Gold Rate Per Tola",93700,80334,8033.26,8033260,"Gahana",https://gahanaonline.com/gold-rate-history/,Secondary-only
2022-09-04,2079/05/19,Silver,"Silver Rate Per Tola",1110,951.65,95.16,95160,"NotifyNepal",https://notifynepal.com/en/silver-price-history-nepal,Secondary-only
2022-09-04,2079/05/19,Gold,"Gold Rate Per Tola",93600,80248.26,8024.69,8024690,"Gahana",https://gahanaonline.com/gold-rate-history/,Secondary-only
2022-09-02,2079/05/17,Silver,"Silver Rate Per Tola",1105,947.36,94.74,94740,"NotifyNepal",https://notifynepal.com/en/silver-price-history-nepal,Secondary-only
2022-09-02,2079/05/17,Gold,"Gold Rate Per Tola",93000,79733.85,7973.25,7973250,"Gahana",https://gahanaonline.com/gold-rate-history/,Secondary-only
2022-09-01,2079/05/16,Silver,"Silver Rate Per Tola",1100,943.07,94.31,94310,"NotifyNepal",https://notifynepal.com/en/silver-price-history-nepal,Secondary-only
2022-09-01,2079/05/16,Gold,"Gold Rate Per Tola",93100,79819.59,7981.82,7981820,"Gahana",https://gahanaonline.com/gold-rate-history/,Secondary-only
2022-08-31,2079/05/15,Silver,"Silver Rate Per Tola",1130,968.79,96.88,96880,"NotifyNepal",https://notifynepal.com/en/silver-price-history-nepal,Secondary-only
2022-08-31,2079/05/15,Gold,"Gold Rate Per Tola",94000,80591.2,8058.98,8058980,"Gahana",https://gahanaonline.com/gold-rate-history/,Secondary-only
2022-08-30,2079/05/14,Silver,"Silver Rate Per Tola",1145,981.65,98.17,98170,"NotifyNepal",https://notifynepal.com/en/silver-price-history-nepal,Secondary-only
2022-08-30,2079/05/14,Gold,"Gold Rate Per Tola",94800,81277.09,8127.57,8127570,"Gahana",https://gahanaonline.com/gold-rate-history/,Secondary-only
2022-08-29,2079/05/13,Silver,"Silver Rate Per Tola",1145,981.65,98.17,98170,"NotifyNepal",https://notifynepal.com/en/silver-price-history-nepal,Secondary-only
2022-08-29,2079/05/13,Gold,"Gold Rate Per Tola",94500,81019.88,8101.85,8101850,"Gahana",https://gahanaonline.com/gold-rate-history/,Secondary-only
2022-08-28,2079/05/12,Silver,"Silver Rate Per Tola",1160,994.51,99.45,99450,"NotifyNepal",https://notifynepal.com/en/silver-price-history-nepal,Secondary-only
2022-08-28,2079/05/12,Gold,"Gold Rate Per Tola",95100,81534.29,8153.29,8153290,"Gahana",https://gahanaonline.com/gold-rate-history/,Secondary-only
2022-08-26,2079/05/10,Silver,"Silver Rate Per Tola",1175,1007.37,100.74,100740,"NotifyNepal",https://notifynepal.com/en/silver-price-history-nepal,Secondary-only
2022-08-26,2079/05/10,Gold,"Gold Rate Per Tola",95800,82134.44,8213.31,8213310,"Gahana",https://gahanaonline.com/gold-rate-history/,Secondary-only
2022-08-25,2079/05/09,Gold,"Gold Rate Per Tola",95800,82134.44,8213.31,8213310,"Gahana",https://gahanaonline.com/gold-rate-history/,Secondary-only
2022-08-24,2079/05/08,Gold,"Gold Rate Per Tola",95300,81705.76,8170.44,8170440,"Gahana",https://gahanaonline.com/gold-rate-history/,Secondary-only
2022-08-23,2079/05/07,Gold,"Gold Rate Per Tola",95000,81448.56,8144.72,8144720,"Gahana",https://gahanaonline.com/gold-rate-history/,Secondary-only
2022-08-22,2079/05/06,Gold,"Gold Rate Per Tola",95300,81705.76,8170.44,8170440,"Gahana",https://gahanaonline.com/gold-rate-history/,Secondary-only
2022-08-21,2079/05/05,Gold,"Gold Rate Per Tola",95500,81877.23,8187.59,8187590,"Gahana",https://gahanaonline.com/gold-rate-history/,Secondary-only
2022-08-19,2079/05/03,Gold,"Gold Rate Per Tola",95500,81877.23,8187.59,8187590,"Gahana",https://gahanaonline.com/gold-rate-history/,Secondary-only
2022-08-18,2079/05/02,Gold,"Gold Rate Per Tola",95900,82220.18,8221.88,8221880,"Gahana",https://gahanaonline.com/gold-rate-history/,Secondary-only
2022-08-17,2079/05/01,Gold,"Gold Rate Per Tola",96200,82477.38,8247.6,8247600,"Gahana",https://gahanaonline.com/gold-rate-history/,Secondary-only
2022-08-16,2079/04/31,Gold,"Gold Rate Per Tola",96700,82906.06,8290.47,8290470,"Gahana",https://gahanaonline.com/gold-rate-history/,Secondary-only
2022-08-15,2079/04/30,Gold,"Gold Rate Per Tola",97400,83506.21,8350.48,8350480,"Gahana",https://gahanaonline.com/gold-rate-history/,Secondary-only
2022-08-14,2079/04/29,Gold,"Gold Rate Per Tola",97800,83849.15,8384.77,8384770,"Gahana",https://gahanaonline.com/gold-rate-history/,Secondary-only
2022-08-12,2079/04/27,Gold,"Gold Rate Per Tola",97300,83420.47,8341.91,8341910,"Gahana",https://gahanaonline.com/gold-rate-history/,Secondary-only
2022-08-11,2079/04/26,Gold,"Gold Rate Per Tola",96600,82820.32,8281.89,8281890,"Gahana",https://gahanaonline.com/gold-rate-history/,Secondary-only
2022-08-10,2079/04/25,Gold,"Gold Rate Per Tola",97100,83249,8324.76,8324760,"Gahana",https://gahanaonline.com/gold-rate-history/,Secondary-only
2022-08-09,2079/04/24,Gold,"Gold Rate Per Tola",96900,83077.53,8307.61,8307610,"Gahana",https://gahanaonline.com/gold-rate-history/,Secondary-only
2022-08-08,2079/04/23,Gold,"Gold Rate Per Tola",96300,82563.12,8256.17,8256170,"Gahana",https://gahanaonline.com/gold-rate-history/,Secondary-only
2022-08-07,2079/04/22,Gold,"Gold Rate Per Tola",96300,82563.12,8256.17,8256170,"Gahana",https://gahanaonline.com/gold-rate-history/,Secondary-only
2022-08-05,2079/04/20,Gold,"Gold Rate Per Tola",96800,82991.79,8299.04,8299040,"Gahana",https://gahanaonline.com/gold-rate-history/,Secondary-only
2022-08-04,2079/04/19,Gold,"Gold Rate Per Tola",96100,82391.65,8239.03,8239030,"Gahana",https://gahanaonline.com/gold-rate-history/,Secondary-only
2022-08-03,2079/04/18,Gold,"Gold Rate Per Tola",95300,81705.76,8170.44,8170440,"Gahana",https://gahanaonline.com/gold-rate-history/,Secondary-only
2022-08-02,2079/04/17,Gold,"Gold Rate Per Tola",95600,81962.97,8196.16,8196160,"Gahana",https://gahanaonline.com/gold-rate-history/,Secondary-only
2022-08-01,2079/04/16,Silver,"Silver Rate Per Tola",1220,1045.95,104.6,104600,"NotifyNepal",https://notifynepal.com/en/silver-price-history-nepal,Secondary-only
2022-08-01,2079/04/16,Gold,"Gold Rate Per Tola",95400,81791.5,8179.01,8179010,"Gahana",https://gahanaonline.com/gold-rate-history/,Secondary-only
2022-07-31,2079/04/15,Silver,"Silver Rate Per Tola",1230,1054.53,105.45,105450,"NotifyNepal",https://notifynepal.com/en/silver-price-history-nepal,Secondary-only
2022-07-31,2079/04/15,Gold,"Gold Rate Per Tola",95800,82134.44,8213.31,8213310,"Gahana",https://gahanaonline.com/gold-rate-history/,Secondary-only
2022-07-29,2079/04/13,Silver,"Silver Rate Per Tola",1220,1045.95,104.6,104600,"NotifyNepal",https://notifynepal.com/en/silver-price-history-nepal,Secondary-only
2022-07-29,2079/04/13,Gold,"Gold Rate Per Tola",95600,81962.97,8196.16,8196160,"Gahana",https://gahanaonline.com/gold-rate-history/,Secondary-only
2022-07-28,2079/04/12,Silver,"Silver Rate Per Tola",1185,1015.95,101.59,101590,"NotifyNepal",https://notifynepal.com/en/silver-price-history-nepal,Secondary-only
2022-07-28,2079/04/12,Gold,"Gold Rate Per Tola",94800,81277.09,8127.57,8127570,"Gahana",https://gahanaonline.com/gold-rate-history/,Secondary-only
2022-07-27,2079/04/11,Silver,"Silver Rate Per Tola",1155,990.23,99.02,99020,"NotifyNepal",https://notifynepal.com/en/silver-price-history-nepal,Secondary-only
2022-07-27,2079/04/11,Gold,"Gold Rate Per Tola",94000,80591.2,8058.98,8058980,"Gahana",https://gahanaonline.com/gold-rate-history/,Secondary-only
2022-07-26,,Silver,"Silver Rate Per Tola",1150,985.94,98.59,98590,"NotifyNepal",https://notifynepal.com/en/silver-price-history-nepal,Secondary-only
2022-07-25,2079/04/09,Silver,"Silver Rate Per Tola",1155,990.23,99.02,99020,"NotifyNepal",https://notifynepal.com/en/silver-price-history-nepal,Secondary-only
2022-07-25,2079/04/09,Gold,"Gold Rate Per Tola",94400,80934.15,8093.28,8093280,"Gahana",https://gahanaonline.com/gold-rate-history/,Secondary-only
2022-07-24,2079/04/08,Silver,"Silver Rate Per Tola",1155,990.23,99.02,99020,"NotifyNepal",https://notifynepal.com/en/silver-price-history-nepal,Secondary-only
2022-07-24,2079/04/08,Gold,"Gold Rate Per Tola",94500,81019.88,8101.85,8101850,"Gahana",https://gahanaonline.com/gold-rate-history/,Secondary-only
2022-07-22,2079/04/06,Silver,"Silver Rate Per Tola",1165,998.8,99.88,99880,"NotifyNepal",https://notifynepal.com/en/silver-price-history-nepal,Secondary-only
2022-07-22,2079/04/06,Gold,"Gold Rate Per Tola",94000,80591.2,8058.98,8058980,"Gahana",https://gahanaonline.com/gold-rate-history/,Secondary-only
2022-07-21,2079/04/05,Silver,"Silver Rate Per Tola",1155,990.23,99.02,99020,"NotifyNepal",https://notifynepal.com/en/silver-price-history-nepal,Secondary-only
2022-07-21,2079/04/05,Gold,"Gold Rate Per Tola",93000,79733.85,7973.25,7973250,"Gahana",https://gahanaonline.com/gold-rate-history/,Secondary-only
2022-07-20,2079/04/04,Silver,"Silver Rate Per Tola",1165,998.8,99.88,99880,"NotifyNepal",https://notifynepal.com/en/silver-price-history-nepal,Secondary-only
2022-07-20,2079/04/04,Gold,"Gold Rate Per Tola",94000,80591.2,8058.98,8058980,"Gahana",https://gahanaonline.com/gold-rate-history/,Secondary-only
2022-07-19,2079/04/03,Silver,"Silver Rate Per Tola",1160,994.51,99.45,99450,"NotifyNepal",https://notifynepal.com/en/silver-price-history-nepal,Secondary-only
2022-07-19,2079/04/03,Gold,"Gold Rate Per Tola",93800,80419.73,8041.84,8041840,"Gahana",https://gahanaonline.com/gold-rate-history/,Secondary-only
2022-07-18,2079/04/02,Silver,"Silver Rate Per Tola",1165,998.8,99.88,99880,"NotifyNepal",https://notifynepal.com/en/silver-price-history-nepal,Secondary-only
2022-07-18,2079/04/02,Gold,"Gold Rate Per Tola",94000,80591.2,8058.98,8058980,"Gahana",https://gahanaonline.com/gold-rate-history/,Secondary-only
2022-07-17,2079/04/01,Silver,"Silver Rate Per Tola",1160,994.51,99.45,99450,"NotifyNepal",https://notifynepal.com/en/silver-price-history-nepal,Secondary-only
2022-07-17,2079/04/01,Gold,"Gold Rate Per Tola",93600,80248.26,8024.69,8024690,"Gahana",https://gahanaonline.com/gold-rate-history/,Secondary-only
2022-07-15,2079/03/31,Silver,"Silver Rate Per Tola",1145,981.65,98.17,98170,"NotifyNepal",https://notifynepal.com/en/silver-price-history-nepal,Secondary-only
2022-07-15,2079/03/31,Gold,"Gold Rate Per Tola",93800,80419.73,8041.84,8041840,"Gahana",https://gahanaonline.com/gold-rate-history/,Secondary-only
2022-07-14,2079/03/30,Silver,"Silver Rate Per Tola",1180,1011.66,101.17,101170,"NotifyNepal",https://notifynepal.com/en/silver-price-history-nepal,Secondary-only
2022-07-14,2079/03/30,Gold,"Gold Rate Per Tola",94600,81105.62,8110.43,8110430,"Gahana",https://gahanaonline.com/gold-rate-history/,Secondary-only
2022-07-13,2079/03/29,Silver,"Silver Rate Per Tola",1170,1003.09,100.31,100310,"NotifyNepal",https://notifynepal.com/en/silver-price-history-nepal,Secondary-only
2022-07-13,2079/03/29,Gold,"Gold Rate Per Tola",94300,80848.41,8084.71,8084710,"Gahana",https://gahanaonline.com/gold-rate-history/,Secondary-only
2022-07-12,2079/03/28,Silver,"Silver Rate Per Tola",1175,1007.37,100.74,100740,"NotifyNepal",https://notifynepal.com/en/silver-price-history-nepal,Secondary-only
2022-07-12,2079/03/28,Gold,"Gold Rate Per Tola",94500,81019.88,8101.85,8101850,"Gahana",https://gahanaonline.com/gold-rate-history/,Secondary-only
2022-07-11,2079/03/27,Silver,"Silver Rate Per Tola",1185,1015.95,101.59,101590,"NotifyNepal",https://notifynepal.com/en/silver-price-history-nepal,Secondary-only
2022-07-11,2079/03/27,Gold,"Gold Rate Per Tola",94700,81191.35,8119,8119000,"Gahana",https://gahanaonline.com/gold-rate-history/,Secondary-only
2022-07-10,2079/03/26,Gold,"Gold Rate Per Tola",94800,81277.09,8127.57,8127570,"Gahana",https://gahanaonline.com/gold-rate-history/,Secondary-only
2022-07-08,2079/03/24,Silver,"Silver Rate Per Tola",1175,1007.37,100.74,100740,"NotifyNepal",https://notifynepal.com/en/silver-price-history-nepal,Secondary-only
2022-07-08,2079/03/24,Gold,"Gold Rate Per Tola",94600,81105.62,8110.43,8110430,"Gahana",https://gahanaonline.com/gold-rate-history/,Secondary-only
2022-07-07,2079/03/23,Silver,"Silver Rate Per Tola",1185,1015.95,101.59,101590,"NotifyNepal",https://notifynepal.com/en/silver-price-history-nepal,Secondary-only
2022-07-07,2079/03/23,Gold,"Gold Rate Per Tola",94600,81105.62,8110.43,8110430,"Gahana",https://gahanaonline.com/gold-rate-history/,Secondary-only
2022-07-06,2079/03/22,Silver,"Silver Rate Per Tola",1175,1007.37,100.74,100740,"NotifyNepal",https://notifynepal.com/en/silver-price-history-nepal,Secondary-only
2022-07-06,2079/03/22,Gold,"Gold Rate Per Tola",96000,82305.91,8230.45,8230450,"Gahana",https://gahanaonline.com/gold-rate-history/,Secondary-only
2022-07-05,2079/03/21,Silver,"Silver Rate Per Tola",1205,1033.09,103.31,103310,"NotifyNepal",https://notifynepal.com/en/silver-price-history-nepal,Secondary-only
2022-07-05,2079/03/21,Gold,"Gold Rate Per Tola",97600,83677.68,8367.63,8367630,"Gahana",https://gahanaonline.com/gold-rate-history/,Secondary-only
2022-07-04,2079/03/20,Silver,"Silver Rate Per Tola",1200,1028.81,102.88,102880,"NotifyNepal",https://notifynepal.com/en/silver-price-history-nepal,Secondary-only
2022-07-04,2079/03/20,Gold,"Gold Rate Per Tola",97500,83591.94,8359.05,8359050,"Gahana",https://gahanaonline.com/gold-rate-history/,Secondary-only
2022-07-03,2079/03/19,Silver,"Silver Rate Per Tola",1200,1028.81,102.88,102880,"NotifyNepal",https://notifynepal.com/en/silver-price-history-nepal,Secondary-only
2022-07-03,2079/03/19,Gold,"Gold Rate Per Tola",97500,83591.94,8359.05,8359050,"Gahana",https://gahanaonline.com/gold-rate-history/,Secondary-only
2022-07-01,2079/03/17,Silver,"Silver Rate Per Tola",1210,1037.38,103.74,103740,"NotifyNepal",https://notifynepal.com/en/silver-price-history-nepal,Secondary-only
2022-07-01,2079/03/17,Gold,"Gold Rate Per Tola",97200,83334.74,8333.33,8333330,"Gahana",https://gahanaonline.com/gold-rate-history/,Secondary-only
2022-06-30,2079/03/16,Gold,"Gold Rate Per Tola",97500,83591.94,8359.05,8359050,"Gahana",https://gahanaonline.com/gold-rate-history/,Secondary-only
2022-06-29,2079/03/15,Silver,"Silver Rate Per Tola",1240,1063.1,106.31,106310,"NotifyNepal",https://notifynepal.com/en/silver-price-history-nepal,Secondary-only
2022-06-29,2079/03/15,Gold,"Gold Rate Per Tola",97800,83849.15,8384.77,8384770,"Gahana",https://gahanaonline.com/gold-rate-history/,Secondary-only
2022-06-28,2079/03/14,Gold,"Gold Rate Per Tola",97700,83763.41,8376.2,8376200,"Gahana",https://gahanaonline.com/gold-rate-history/,Secondary-only
2022-06-27,2079/03/13,Silver,"Silver Rate Per Tola",1255,1075.96,107.6,107600,"NotifyNepal",https://notifynepal.com/en/silver-price-history-nepal,Secondary-only
2022-06-27,2079/03/13,Gold,"Gold Rate Per Tola",97700,83763.41,8376.2,8376200,"Gahana",https://gahanaonline.com/gold-rate-history/,Secondary-only
2022-06-26,2079/03/12,Silver,"Silver Rate Per Tola",1245,1067.39,106.74,106740,"NotifyNepal",https://notifynepal.com/en/silver-price-history-nepal,Secondary-only
2022-06-26,2079/03/12,Gold,"Gold Rate Per Tola",97300,83420.47,8341.91,8341910,"Gahana",https://gahanaonline.com/gold-rate-history/,Secondary-only
2022-06-24,2079/03/10,Silver,"Silver Rate Per Tola",1240,1063.1,106.31,106310,"NotifyNepal",https://notifynepal.com/en/silver-price-history-nepal,Secondary-only
2022-06-24,2079/03/10,Gold,"Gold Rate Per Tola",97200,83334.74,8333.33,8333330,"Gahana",https://gahanaonline.com/gold-rate-history/,Secondary-only
2022-06-23,2079/03/09,Silver,"Silver Rate Per Tola",1250,1071.67,107.17,107170,"NotifyNepal",https://notifynepal.com/en/silver-price-history-nepal,Secondary-only
2022-06-23,2079/03/09,Gold,"Gold Rate Per Tola",97500,83591.94,8359.05,8359050,"Gahana",https://gahanaonline.com/gold-rate-history/,Secondary-only
2022-06-22,2079/03/08,Silver,"Silver Rate Per Tola",1255,1075.96,107.6,107600,"NotifyNepal",https://notifynepal.com/en/silver-price-history-nepal,Secondary-only
2022-06-22,2079/03/08,Gold,"Gold Rate Per Tola",97300,83420.47,8341.91,8341910,"Gahana",https://gahanaonline.com/gold-rate-history/,Secondary-only
2022-06-21,2079/03/07,Silver,"Silver Rate Per Tola",1265,1084.53,108.45,108450,"NotifyNepal",https://notifynepal.com/en/silver-price-history-nepal,Secondary-only
2022-06-21,2079/03/07,Gold,"Gold Rate Per Tola",97700,83763.41,8376.2,8376200,"Gahana",https://gahanaonline.com/gold-rate-history/,Secondary-only
2022-06-20,2079/03/06,Silver,"Silver Rate Per Tola",1265,1084.53,108.45,108450,"NotifyNepal",https://notifynepal.com/en/silver-price-history-nepal,Secondary-only
2022-06-20,2079/03/06,Gold,"Gold Rate Per Tola",97700,83763.41,8376.2,8376200,"Gahana",https://gahanaonline.com/gold-rate-history/,Secondary-only
2022-06-19,2079/03/05,Silver,"Silver Rate Per Tola",1265,1084.53,108.45,108450,"NotifyNepal",https://notifynepal.com/en/silver-price-history-nepal,Secondary-only
2022-06-19,2079/03/05,Gold,"Gold Rate Per Tola",97500,83591.94,8359.05,8359050,"Gahana",https://gahanaonline.com/gold-rate-history/,Secondary-only
2022-06-17,2079/03/03,Silver,"Silver Rate Per Tola",1275,1093.11,109.31,109310,"NotifyNepal",https://notifynepal.com/en/silver-price-history-nepal,Secondary-only
2022-06-17,2079/03/03,Gold,"Gold Rate Per Tola",97800,83849.15,8384.77,8384770,"Gahana",https://gahanaonline.com/gold-rate-history/,Secondary-only
2022-06-16,2079/02/03,Silver,"Silver Rate Per Tola",1265,1084.53,108.45,108450,"NotifyNepal",https://notifynepal.com/en/silver-price-history-nepal,Secondary-only
2022-06-16,2079/02/03,Gold,"Gold Rate Per Tola",97300,83420.47,8341.91,8341910,"Gahana",https://gahanaonline.com/gold-rate-history/,Secondary-only
2022-06-15,2079/01/03,Silver,"Silver Rate Per Tola",1245,1067.39,106.74,106740,"NotifyNepal",https://notifynepal.com/en/silver-price-history-nepal,Secondary-only
2022-06-15,2079/01/03,Gold,"Gold Rate Per Tola",96500,82734.59,8273.32,8273320,"Gahana",https://gahanaonline.com/gold-rate-history/,Secondary-only
2022-06-14,2079/31/02,Silver,"Silver Rate Per Tola",1245,1067.39,106.74,106740,"NotifyNepal",https://notifynepal.com/en/silver-price-history-nepal,Secondary-only
2022-06-14,2079/31/02,Gold,"Gold Rate Per Tola",97100,83249,8324.76,8324760,"Gahana",https://gahanaonline.com/gold-rate-history/,Secondary-only
2022-06-13,2079/30/02,Silver,"Silver Rate Per Tola",1265,1084.53,108.45,108450,"NotifyNepal",https://notifynepal.com/en/silver-price-history-nepal,Secondary-only
2022-06-13,2079/30/02,Gold,"Gold Rate Per Tola",98900,84792.24,8479.08,8479080,"Gahana",https://gahanaonline.com/gold-rate-history/,Secondary-only
2022-06-12,2079/29/02,Silver,"Silver Rate Per Tola",1280,1097.39,109.74,109740,"NotifyNepal",https://notifynepal.com/en/silver-price-history-nepal,Secondary-only
2022-06-12,2079/29/02,Gold,"Gold Rate Per Tola",99200,85049.44,8504.8,8504800,"Gahana",https://gahanaonline.com/gold-rate-history/,Secondary-only
2022-06-10,2079/27/02,Silver,"Silver Rate Per Tola",1265,1084.53,108.45,108450,"NotifyNepal",https://notifynepal.com/en/silver-price-history-nepal,Secondary-only
2022-06-10,2079/27/02,Gold,"Gold Rate Per Tola",97700,83763.41,8376.2,8376200,"Gahana",https://gahanaonline.com/gold-rate-history/,Secondary-only
2022-06-09,2079/26/02,Silver,"Silver Rate Per Tola",1280,1097.39,109.74,109740,"NotifyNepal",https://notifynepal.com/en/silver-price-history-nepal,Secondary-only
2022-06-09,2079/26/02,Gold,"Gold Rate Per Tola",98000,84020.62,8401.92,8401920,"Gahana",https://gahanaonline.com/gold-rate-history/,Secondary-only
2022-06-08,2079/25/02,Silver,"Silver Rate Per Tola",1280,1097.39,109.74,109740,"NotifyNepal",https://notifynepal.com/en/silver-price-history-nepal,Secondary-only
2022-06-08,2079/25/02,Gold,"Gold Rate Per Tola",97500,83591.94,8359.05,8359050,"Gahana",https://gahanaonline.com/gold-rate-history/,Secondary-only
2022-06-07,2079/24/02,Silver,"Silver Rate Per Tola",1275,1093.11,109.31,109310,"NotifyNepal",https://notifynepal.com/en/silver-price-history-nepal,Secondary-only
2022-06-07,2079/24/02,Gold,"Gold Rate Per Tola",97500,83591.94,8359.05,8359050,"Gahana",https://gahanaonline.com/gold-rate-history/,Secondary-only
2022-06-06,2079/23/02,Silver,"Silver Rate Per Tola",1290,1105.97,110.6,110600,"NotifyNepal",https://notifynepal.com/en/silver-price-history-nepal,Secondary-only
2022-06-06,2079/23/02,Gold,"Gold Rate Per Tola",98100,84106.35,8410.49,8410490,"Gahana",https://gahanaonline.com/gold-rate-history/,Secondary-only
2022-06-05,2079/22/02,Silver,"Silver Rate Per Tola",1275,1093.11,109.31,109310,"NotifyNepal",https://notifynepal.com/en/silver-price-history-nepal,Secondary-only
2022-06-05,2079/22/02,Gold,"Gold Rate Per Tola",97900,83934.88,8393.35,8393350,"Gahana",https://gahanaonline.com/gold-rate-history/,Secondary-only
2022-06-03,,Silver,"Silver Rate Per Tola",1290,1105.97,110.6,110600,"NotifyNepal",https://notifynepal.com/en/silver-price-history-nepal,Secondary-only
2022-06-02,2079/19/02,Silver,"Silver Rate Per Tola",1265,1084.53,108.45,108450,"NotifyNepal",https://notifynepal.com/en/silver-price-history-nepal,Secondary-only
2022-06-02,2079/19/02,Gold,"Gold Rate Per Tola",97600,83677.68,8367.63,8367630,"Gahana",https://gahanaonline.com/gold-rate-history/,Secondary-only
2022-06-01,2079/18/02,Silver,"Silver Rate Per Tola",1250,1071.67,107.17,107170,"NotifyNepal",https://notifynepal.com/en/silver-price-history-nepal,Secondary-only
2022-06-01,2079/18/02,Gold,"Gold Rate Per Tola",97200,83334.74,8333.33,8333330,"Gahana",https://gahanaonline.com/gold-rate-history/,Secondary-only
2022-05-31,2079/17/02,Silver,"Silver Rate Per Tola",1270,1088.82,108.88,108880,"NotifyNepal",https://notifynepal.com/en/silver-price-history-nepal,Secondary-only
2022-05-31,2079/17/02,Gold,"Gold Rate Per Tola",98000,84020.62,8401.92,8401920,"Gahana",https://gahanaonline.com/gold-rate-history/,Secondary-only
2022-05-30,,Silver,"Silver Rate Per Tola",1285,1101.68,110.17,110170,"NotifyNepal",https://notifynepal.com/en/silver-price-history-nepal,Secondary-only
2022-05-29,,Silver,"Silver Rate Per Tola",1280,1097.39,109.74,109740,"NotifyNepal",https://notifynepal.com/en/silver-price-history-nepal,Secondary-only
2022-05-27,,Silver,"Silver Rate Per Tola",1280,1097.39,109.74,109740,"NotifyNepal",https://notifynepal.com/en/silver-price-history-nepal,Secondary-only
2022-05-26,,Silver,"Silver Rate Per Tola",1270,1088.82,108.88,108880,"NotifyNepal",https://notifynepal.com/en/silver-price-history-nepal,Secondary-only
2022-05-25,,Silver,"Silver Rate Per Tola",1275,1093.11,109.31,109310,"NotifyNepal",https://notifynepal.com/en/silver-price-history-nepal,Secondary-only
2022-05-24,,Silver,"Silver Rate Per Tola",1270,1088.82,108.88,108880,"NotifyNepal",https://notifynepal.com/en/silver-price-history-nepal,Secondary-only
2022-05-23,,Silver,"Silver Rate Per Tola",1270,1088.82,108.88,108880,"NotifyNepal",https://notifynepal.com/en/silver-price-history-nepal,Secondary-only
2022-05-22,,Silver,"Silver Rate Per Tola",1270,1088.82,108.88,108880,"NotifyNepal",https://notifynepal.com/en/silver-price-history-nepal,Secondary-only
2022-05-20,,Silver,"Silver Rate Per Tola",1270,1088.82,108.88,108880,"NotifyNepal",https://notifynepal.com/en/silver-price-history-nepal,Secondary-only
2022-05-19,,Silver,"Silver Rate Per Tola",1255,1075.96,107.6,107600,"NotifyNepal",https://notifynepal.com/en/silver-price-history-nepal,Secondary-only
2022-05-18,,Silver,"Silver Rate Per Tola",1250,1071.67,107.17,107170,"NotifyNepal",https://notifynepal.com/en/silver-price-history-nepal,Secondary-only
2022-05-17,,Silver,"Silver Rate Per Tola",1260,1080.25,108.02,108020,"NotifyNepal",https://notifynepal.com/en/silver-price-history-nepal,Secondary-only
2022-05-15,,Silver,"Silver Rate Per Tola",1240,1063.1,106.31,106310,"NotifyNepal",https://notifynepal.com/en/silver-price-history-nepal,Secondary-only
2022-05-12,,Silver,"Silver Rate Per Tola",1250,1071.67,107.17,107170,"NotifyNepal",https://notifynepal.com/en/silver-price-history-nepal,Secondary-only
2022-05-11,,Silver,"Silver Rate Per Tola",1245,1067.39,106.74,106740,"NotifyNepal",https://notifynepal.com/en/silver-price-history-nepal,Secondary-only
2022-05-10,,Silver,"Silver Rate Per Tola",1275,1093.11,109.31,109310,"NotifyNepal",https://notifynepal.com/en/silver-price-history-nepal,Secondary-only
2022-05-09,,Silver,"Silver Rate Per Tola",1285,1101.68,110.17,110170,"NotifyNepal",https://notifynepal.com/en/silver-price-history-nepal,Secondary-only
2022-05-08,,Silver,"Silver Rate Per Tola",1285,1101.68,110.17,110170,"NotifyNepal",https://notifynepal.com/en/silver-price-history-nepal,Secondary-only
2022-05-06,,Silver,"Silver Rate Per Tola",1280,1097.39,109.74,109740,"NotifyNepal",https://notifynepal.com/en/silver-price-history-nepal,Secondary-only
2022-05-05,,Silver,"Silver Rate Per Tola",1305,1118.83,111.88,111880,"NotifyNepal",https://notifynepal.com/en/silver-price-history-nepal,Secondary-only
2022-05-04,,Silver,"Silver Rate Per Tola",1290,1105.97,110.6,110600,"NotifyNepal",https://notifynepal.com/en/silver-price-history-nepal,Secondary-only
2022-05-03,,Silver,"Silver Rate Per Tola",1290,1105.97,110.6,110600,"NotifyNepal",https://notifynepal.com/en/silver-price-history-nepal,Secondary-only
2022-05-02,,Silver,"Silver Rate Per Tola",1290,1105.97,110.6,110600,"NotifyNepal",https://notifynepal.com/en/silver-price-history-nepal,Secondary-only
2022-05-01,,Silver,"Silver Rate Per Tola",1300,1114.54,111.45,111450,"NotifyNepal",https://notifynepal.com/en/silver-price-history-nepal,Secondary-only
2022-04-29,,Silver,"Silver Rate Per Tola",1320,1131.69,113.17,113170,"NotifyNepal",https://notifynepal.com/en/silver-price-history-nepal,Secondary-only
2022-04-28,,Silver,"Silver Rate Per Tola",1320,1131.69,113.17,113170,"NotifyNepal",https://notifynepal.com/en/silver-price-history-nepal,Secondary-only
2022-04-27,,Silver,"Silver Rate Per Tola",1340,1148.83,114.88,114880,"NotifyNepal",https://notifynepal.com/en/silver-price-history-nepal,Secondary-only
2022-04-26,,Silver,"Silver Rate Per Tola",1350,1157.41,115.74,115740,"NotifyNepal",https://notifynepal.com/en/silver-price-history-nepal,Secondary-only
2022-04-25,,Silver,"Silver Rate Per Tola",1350,1157.41,115.74,115740,"NotifyNepal",https://notifynepal.com/en/silver-price-history-nepal,Secondary-only
2022-04-24,,Silver,"Silver Rate Per Tola",1360,1165.98,116.6,116600,"NotifyNepal",https://notifynepal.com/en/silver-price-history-nepal,Secondary-only
2022-04-22,,Silver,"Silver Rate Per Tola",1360,1165.98,116.6,116600,"NotifyNepal",https://notifynepal.com/en/silver-price-history-nepal,Secondary-only
2022-04-21,,Silver,"Silver Rate Per Tola",1380,1183.13,118.31,118310,"NotifyNepal",https://notifynepal.com/en/silver-price-history-nepal,Secondary-only
2022-04-20,,Silver,"Silver Rate Per Tola",1385,1187.41,118.74,118740,"NotifyNepal",https://notifynepal.com/en/silver-price-history-nepal,Secondary-only
2022-04-19,,Silver,"Silver Rate Per Tola",1420,1217.42,121.74,121740,"NotifyNepal",https://notifynepal.com/en/silver-price-history-nepal,Secondary-only
2022-04-18,,Silver,"Silver Rate Per Tola",1420,1217.42,121.74,121740,"NotifyNepal",https://notifynepal.com/en/silver-price-history-nepal,Secondary-only
2022-04-17,,Silver,"Silver Rate Per Tola",1415,1213.13,121.31,121310,"NotifyNepal",https://notifynepal.com/en/silver-price-history-nepal,Secondary-only
2022-04-15,,Silver,"Silver Rate Per Tola",1415,1213.13,121.31,121310,"NotifyNepal",https://notifynepal.com/en/silver-price-history-nepal,Secondary-only
2022-04-13,,Silver,"Silver Rate Per Tola",1400,1200.27,120.03,120030,"NotifyNepal",https://notifynepal.com/en/silver-price-history-nepal,Secondary-only
2022-04-12,,Silver,"Silver Rate Per Tola",1380,1183.13,118.31,118310,"NotifyNepal",https://notifynepal.com/en/silver-price-history-nepal,Secondary-only
2022-04-11,,Silver,"Silver Rate Per Tola",1365,1170.27,117.03,117030,"NotifyNepal",https://notifynepal.com/en/silver-price-history-nepal,Secondary-only
2022-04-10,,Silver,"Silver Rate Per Tola",1365,1170.27,117.03,117030,"NotifyNepal",https://notifynepal.com/en/silver-price-history-nepal,Secondary-only
2022-04-08,,Silver,"Silver Rate Per Tola",1355,1161.69,116.17,116170,"NotifyNepal",https://notifynepal.com/en/silver-price-history-nepal,Secondary-only
2022-04-07,,Silver,"Silver Rate Per Tola",1345,1153.12,115.31,115310,"NotifyNepal",https://notifynepal.com/en/silver-price-history-nepal,Secondary-only
2022-04-05,,Silver,"Silver Rate Per Tola",1340,1148.83,114.88,114880,"NotifyNepal",https://notifynepal.com/en/silver-price-history-nepal,Secondary-only
2022-04-04,,Silver,"Silver Rate Per Tola",1350,1157.41,115.74,115740,"NotifyNepal",https://notifynepal.com/en/silver-price-history-nepal,Secondary-only
2022-04-03,,Silver,"Silver Rate Per Tola",1360,1165.98,116.6,116600,"NotifyNepal",https://notifynepal.com/en/silver-price-history-nepal,Secondary-only
2022-04-01,,Silver,"Silver Rate Per Tola",1360,1165.98,116.6,116600,"NotifyNepal",https://notifynepal.com/en/silver-price-history-nepal,Secondary-only
2022-03-31,,Silver,"Silver Rate Per Tola",1350,1157.41,115.74,115740,"NotifyNepal",https://notifynepal.com/en/silver-price-history-nepal,Secondary-only
2022-03-30,,Silver,"Silver Rate Per Tola",1360,1165.98,116.6,116600,"NotifyNepal",https://notifynepal.com/en/silver-price-history-nepal,Secondary-only
2022-03-29,,Silver,"Silver Rate Per Tola",1370,1174.55,117.46,117460,"NotifyNepal",https://notifynepal.com/en/silver-price-history-nepal,Secondary-only
2022-03-27,,Silver,"Silver Rate Per Tola",1400,1200.27,120.03,120030,"NotifyNepal",https://notifynepal.com/en/silver-price-history-nepal,Secondary-only
2022-03-25,,Silver,"Silver Rate Per Tola",1400,1200.27,120.03,120030,"NotifyNepal",https://notifynepal.com/en/silver-price-history-nepal,Secondary-only
2022-03-24,,Silver,"Silver Rate Per Tola",1375,1178.84,117.88,117880,"NotifyNepal",https://notifynepal.com/en/silver-price-history-nepal,Secondary-only
2022-03-23,,Silver,"Silver Rate Per Tola",1370,1174.55,117.46,117460,"NotifyNepal",https://notifynepal.com/en/silver-price-history-nepal,Secondary-only
2022-03-22,,Silver,"Silver Rate Per Tola",1395,1195.99,119.6,119600,"NotifyNepal",https://notifynepal.com/en/silver-price-history-nepal,Secondary-only
2022-03-21,,Silver,"Silver Rate Per Tola",1375,1178.84,117.88,117880,"NotifyNepal",https://notifynepal.com/en/silver-price-history-nepal,Secondary-only
2022-03-20,,Silver,"Silver Rate Per Tola",1375,1178.84,117.88,117880,"NotifyNepal",https://notifynepal.com/en/silver-price-history-nepal,Secondary-only
2022-03-18,,Silver,"Silver Rate Per Tola",1385,1187.41,118.74,118740,"NotifyNepal",https://notifynepal.com/en/silver-price-history-nepal,Secondary-only
2022-03-17,,Silver,"Silver Rate Per Tola",1390,1191.7,119.17,119170,"NotifyNepal",https://notifynepal.com/en/silver-price-history-nepal,Secondary-only
2022-03-16,,Silver,"Silver Rate Per Tola",1370,1174.55,117.46,117460,"NotifyNepal",https://notifynepal.com/en/silver-price-history-nepal,Secondary-only
2022-03-15,,Silver,"Silver Rate Per Tola",1380,1183.13,118.31,118310,"NotifyNepal",https://notifynepal.com/en/silver-price-history-nepal,Secondary-only
2022-03-14,,Silver,"Silver Rate Per Tola",1415,1213.13,121.31,121310,"NotifyNepal",https://notifynepal.com/en/silver-price-history-nepal,Secondary-only
2022-03-13,,Silver,"Silver Rate Per Tola",1425,1221.71,122.17,122170,"NotifyNepal",https://notifynepal.com/en/silver-price-history-nepal,Secondary-only
2022-03-11,,Silver,"Silver Rate Per Tola",1415,1213.13,121.31,121310,"NotifyNepal",https://notifynepal.com/en/silver-price-history-nepal,Secondary-only
2022-03-10,,Silver,"Silver Rate Per Tola",1405,1204.56,120.46,120460,"NotifyNepal",https://notifynepal.com/en/silver-price-history-nepal,Secondary-only
2022-03-09,,Silver,"Silver Rate Per Tola",1450,1243.14,124.31,124310,"NotifyNepal",https://notifynepal.com/en/silver-price-history-nepal,Secondary-only
2022-03-08,,Silver,"Silver Rate Per Tola",1410,1208.85,120.88,120880,"NotifyNepal",https://notifynepal.com/en/silver-price-history-nepal,Secondary-only
2022-03-07,,Silver,"Silver Rate Per Tola",1425,1221.71,122.17,122170,"NotifyNepal",https://notifynepal.com/en/silver-price-history-nepal,Secondary-only
2022-03-06,,Silver,"Silver Rate Per Tola",1415,1213.13,121.31,121310,"NotifyNepal",https://notifynepal.com/en/silver-price-history-nepal,Secondary-only
2022-03-04,,Silver,"Silver Rate Per Tola",1380,1183.13,118.31,118310,"NotifyNepal",https://notifynepal.com/en/silver-price-history-nepal,Secondary-only
2022-03-03,,Silver,"Silver Rate Per Tola",1380,1183.13,118.31,118310,"NotifyNepal",https://notifynepal.com/en/silver-price-history-nepal,Secondary-only
2022-03-02,,Silver,"Silver Rate Per Tola",1375,1178.84,117.88,117880,"NotifyNepal",https://notifynepal.com/en/silver-price-history-nepal,Secondary-only
2022-03-01,,Silver,"Silver Rate Per Tola",1335,1144.55,114.45,114450,"NotifyNepal",https://notifynepal.com/en/silver-price-history-nepal,Secondary-only
2022-02-28,,Silver,"Silver Rate Per Tola",1340,1148.83,114.88,114880,"NotifyNepal",https://notifynepal.com/en/silver-price-history-nepal,Secondary-only
2022-02-27,,Silver,"Silver Rate Per Tola",1295,1110.25,111.03,111030,"NotifyNepal",https://notifynepal.com/en/silver-price-history-nepal,Secondary-only
2022-02-25,,Silver,"Silver Rate Per Tola",1335,1144.55,114.45,114450,"NotifyNepal",https://notifynepal.com/en/silver-price-history-nepal,Secondary-only
2022-02-24,,Silver,"Silver Rate Per Tola",1355,1161.69,116.17,116170,"NotifyNepal",https://notifynepal.com/en/silver-price-history-nepal,Secondary-only
2022-02-23,,Silver,"Silver Rate Per Tola",1320,1131.69,113.17,113170,"NotifyNepal",https://notifynepal.com/en/silver-price-history-nepal,Secondary-only
2022-02-22,,Silver,"Silver Rate Per Tola",1315,1127.4,112.74,112740,"NotifyNepal",https://notifynepal.com/en/silver-price-history-nepal,Secondary-only
2022-02-21,,Silver,"Silver Rate Per Tola",1300,1114.54,111.45,111450,"NotifyNepal",https://notifynepal.com/en/silver-price-history-nepal,Secondary-only
2022-02-18,,Silver,"Silver Rate Per Tola",1305,1118.83,111.88,111880,"NotifyNepal",https://notifynepal.com/en/silver-price-history-nepal,Secondary-only
2022-02-17,,Silver,"Silver Rate Per Tola",1295,1110.25,111.03,111030,"NotifyNepal",https://notifynepal.com/en/silver-price-history-nepal,Secondary-only
2022-02-16,,Silver,"Silver Rate Per Tola",1285,1101.68,110.17,110170,"NotifyNepal",https://notifynepal.com/en/silver-price-history-nepal,Secondary-only
2022-02-15,,Silver,"Silver Rate Per Tola",1320,1131.69,113.17,113170,"NotifyNepal",https://notifynepal.com/en/silver-price-history-nepal,Secondary-only
2022-02-14,,Silver,"Silver Rate Per Tola",1300,1114.54,111.45,111450,"NotifyNepal",https://notifynepal.com/en/silver-price-history-nepal,Secondary-only
2022-02-13,,Silver,"Silver Rate Per Tola",1300,1114.54,111.45,111450,"NotifyNepal",https://notifynepal.com/en/silver-price-history-nepal,Secondary-only
2022-02-11,,Silver,"Silver Rate Per Tola",1280,1097.39,109.74,109740,"NotifyNepal",https://notifynepal.com/en/silver-price-history-nepal,Secondary-only
2022-02-10,,Silver,"Silver Rate Per Tola",1280,1097.39,109.74,109740,"NotifyNepal",https://notifynepal.com/en/silver-price-history-nepal,Secondary-only
2022-02-09,,Silver,"Silver Rate Per Tola",1280,1097.39,109.74,109740,"NotifyNepal",https://notifynepal.com/en/silver-price-history-nepal,Secondary-only
2022-02-08,,Silver,"Silver Rate Per Tola",1260,1080.25,108.02,108020,"NotifyNepal",https://notifynepal.com/en/silver-price-history-nepal,Secondary-only
2022-02-07,,Silver,"Silver Rate Per Tola",1255,1075.96,107.6,107600,"NotifyNepal",https://notifynepal.com/en/silver-price-history-nepal,Secondary-only
2022-02-06,,Silver,"Silver Rate Per Tola",1250,1071.67,107.17,107170,"NotifyNepal",https://notifynepal.com/en/silver-price-history-nepal,Secondary-only
2022-02-04,,Silver,"Silver Rate Per Tola",1250,1071.67,107.17,107170,"NotifyNepal",https://notifynepal.com/en/silver-price-history-nepal,Secondary-only
2022-02-03,,Silver,"Silver Rate Per Tola",1255,1075.96,107.6,107600,"NotifyNepal",https://notifynepal.com/en/silver-price-history-nepal,Secondary-only
2022-02-02,,Silver,"Silver Rate Per Tola",1255,1075.96,107.6,107600,"NotifyNepal",https://notifynepal.com/en/silver-price-history-nepal,Secondary-only
2022-02-01,,Silver,"Silver Rate Per Tola",1240,1063.1,106.31,106310,"NotifyNepal",https://notifynepal.com/en/silver-price-history-nepal,Secondary-only
2022-01-31,,Silver,"Silver Rate Per Tola",1240,1063.1,106.31,106310,"NotifyNepal",https://notifynepal.com/en/silver-price-history-nepal,Secondary-only
2022-01-30,,Silver,"Silver Rate Per Tola",1250,1071.67,107.17,107170,"NotifyNepal",https://notifynepal.com/en/silver-price-history-nepal,Secondary-only
2022-01-28,,Silver,"Silver Rate Per Tola",1265,1084.53,108.45,108450,"NotifyNepal",https://notifynepal.com/en/silver-price-history-nepal,Secondary-only
2022-01-27,,Silver,"Silver Rate Per Tola",1290,1105.97,110.6,110600,"NotifyNepal",https://notifynepal.com/en/silver-price-history-nepal,Secondary-only
2022-01-26,,Silver,"Silver Rate Per Tola",1300,1114.54,111.45,111450,"NotifyNepal",https://notifynepal.com/en/silver-price-history-nepal,Secondary-only
2022-01-25,,Silver,"Silver Rate Per Tola",1300,1114.54,111.45,111450,"NotifyNepal",https://notifynepal.com/en/silver-price-history-nepal,Secondary-only
2022-01-24,,Silver,"Silver Rate Per Tola",1315,1127.4,112.74,112740,"NotifyNepal",https://notifynepal.com/en/silver-price-history-nepal,Secondary-only
2022-01-23,,Silver,"Silver Rate Per Tola",1315,1127.4,112.74,112740,"NotifyNepal",https://notifynepal.com/en/silver-price-history-nepal,Secondary-only
2022-01-21,,Silver,"Silver Rate Per Tola",1325,1135.97,113.6,113600,"NotifyNepal",https://notifynepal.com/en/silver-price-history-nepal,Secondary-only
2022-01-20,,Silver,"Silver Rate Per Tola",1315,1127.4,112.74,112740,"NotifyNepal",https://notifynepal.com/en/silver-price-history-nepal,Secondary-only
2022-01-19,,Silver,"Silver Rate Per Tola",1285,1101.68,110.17,110170,"NotifyNepal",https://notifynepal.com/en/silver-price-history-nepal,Secondary-only
2022-01-18,,Silver,"Silver Rate Per Tola",1255,1075.96,107.6,107600,"NotifyNepal",https://notifynepal.com/en/silver-price-history-nepal,Secondary-only
2022-01-17,,Silver,"Silver Rate Per Tola",1255,1075.96,107.6,107600,"NotifyNepal",https://notifynepal.com/en/silver-price-history-nepal,Secondary-only
2022-01-16,,Silver,"Silver Rate Per Tola",1250,1071.67,107.17,107170,"NotifyNepal",https://notifynepal.com/en/silver-price-history-nepal,Secondary-only
2022-01-14,,Silver,"Silver Rate Per Tola",1260,1080.25,108.02,108020,"NotifyNepal",https://notifynepal.com/en/silver-price-history-nepal,Secondary-only
2022-01-13,,Silver,"Silver Rate Per Tola",1255,1075.96,107.6,107600,"NotifyNepal",https://notifynepal.com/en/silver-price-history-nepal,Secondary-only
2022-01-12,,Silver,"Silver Rate Per Tola",1235,1058.81,105.88,105880,"NotifyNepal",https://notifynepal.com/en/silver-price-history-nepal,Secondary-only
2022-01-11,,Silver,"Silver Rate Per Tola",1230,1054.53,105.45,105450,"NotifyNepal",https://notifynepal.com/en/silver-price-history-nepal,Secondary-only
2022-01-10,,Silver,"Silver Rate Per Tola",1220,1045.95,104.6,104600,"NotifyNepal",https://notifynepal.com/en/silver-price-history-nepal,Secondary-only
2022-01-09,,Silver,"Silver Rate Per Tola",1225,1050.24,105.02,105020,"NotifyNepal",https://notifynepal.com/en/silver-price-history-nepal,Secondary-only
2022-01-07,,Silver,"Silver Rate Per Tola",1225,1050.24,105.02,105020,"NotifyNepal",https://notifynepal.com/en/silver-price-history-nepal,Secondary-only
2022-01-06,,Silver,"Silver Rate Per Tola",1235,1058.81,105.88,105880,"NotifyNepal",https://notifynepal.com/en/silver-price-history-nepal,Secondary-only
2022-01-05,,Silver,"Silver Rate Per Tola",1260,1080.25,108.02,108020,"NotifyNepal",https://notifynepal.com/en/silver-price-history-nepal,Secondary-only
2022-01-04,,Silver,"Silver Rate Per Tola",1250,1071.67,107.17,107170,"NotifyNepal",https://notifynepal.com/en/silver-price-history-nepal,Secondary-only
2022-01-03,,Silver,"Silver Rate Per Tola",1265,1084.53,108.45,108450,"NotifyNepal",https://notifynepal.com/en/silver-price-history-nepal,Secondary-only
2022-01-02,,Silver,"Silver Rate Per Tola",1270,1088.82,108.88,108880,"NotifyNepal",https://notifynepal.com/en/silver-price-history-nepal,Secondary-only
2021-12-31,,Silver,"Silver Rate Per Tola",1260,1080.25,108.02,108020,"NotifyNepal",https://notifynepal.com/en/silver-price-history-nepal,Secondary-only
2021-12-30,,Silver,"Silver Rate Per Tola",1245,1067.39,106.74,106740,"NotifyNepal",https://notifynepal.com/en/silver-price-history-nepal,Secondary-only
2021-12-28,,Silver,"Silver Rate Per Tola",1260,1080.25,108.02,108020,"NotifyNepal",https://notifynepal.com/en/silver-price-history-nepal,Secondary-only
2021-12-27,,Silver,"Silver Rate Per Tola",1250,1071.67,107.17,107170,"NotifyNepal",https://notifynepal.com/en/silver-price-history-nepal,Secondary-only
2021-12-26,,Silver,"Silver Rate Per Tola",1260,1080.25,108.02,108020,"NotifyNepal",https://notifynepal.com/en/silver-price-history-nepal,Secondary-only
2021-12-24,,Silver,"Silver Rate Per Tola",1260,1080.25,108.02,108020,"NotifyNepal",https://notifynepal.com/en/silver-price-history-nepal,Secondary-only
2021-12-23,,Silver,"Silver Rate Per Tola",1260,1080.25,108.02,108020,"NotifyNepal",https://notifynepal.com/en/silver-price-history-nepal,Secondary-only
2021-12-22,,Silver,"Silver Rate Per Tola",1245,1067.39,106.74,106740,"NotifyNepal",https://notifynepal.com/en/silver-price-history-nepal,Secondary-only
2021-12-21,,Silver,"Silver Rate Per Tola",1235,1058.81,105.88,105880,"NotifyNepal",https://notifynepal.com/en/silver-price-history-nepal,Secondary-only
2021-12-20,,Silver,"Silver Rate Per Tola",1245,1067.39,106.74,106740,"NotifyNepal",https://notifynepal.com/en/silver-price-history-nepal,Secondary-only
2021-12-19,,Silver,"Silver Rate Per Tola",1245,1067.39,106.74,106740,"NotifyNepal",https://notifynepal.com/en/silver-price-history-nepal,Secondary-only
2021-12-17,,Silver,"Silver Rate Per Tola",1250,1071.67,107.17,107170,"NotifyNepal",https://notifynepal.com/en/silver-price-history-nepal,Secondary-only
2021-12-16,,Silver,"Silver Rate Per Tola",1235,1058.81,105.88,105880,"NotifyNepal",https://notifynepal.com/en/silver-price-history-nepal,Secondary-only
2021-12-15,,Silver,"Silver Rate Per Tola",1210,1037.38,103.74,103740,"NotifyNepal",https://notifynepal.com/en/silver-price-history-nepal,Secondary-only
2021-12-14,,Silver,"Silver Rate Per Tola",1210,1037.38,103.74,103740,"NotifyNepal",https://notifynepal.com/en/silver-price-history-nepal,Secondary-only
2021-12-13,,Silver,"Silver Rate Per Tola",1190,1020.23,102.02,102020,"NotifyNepal",https://notifynepal.com/en/silver-price-history-nepal,Secondary-only
2021-12-12,,Silver,"Silver Rate Per Tola",1190,1020.23,102.02,102020,"NotifyNepal",https://notifynepal.com/en/silver-price-history-nepal,Secondary-only
2021-12-10,,Silver,"Silver Rate Per Tola",1185,1015.95,101.59,101590,"NotifyNepal",https://notifynepal.com/en/silver-price-history-nepal,Secondary-only
2021-12-09,,Silver,"Silver Rate Per Tola",1200,1028.81,102.88,102880,"NotifyNepal",https://notifynepal.com/en/silver-price-history-nepal,Secondary-only
2021-12-08,,Silver,"Silver Rate Per Tola",1200,1028.81,102.88,102880,"NotifyNepal",https://notifynepal.com/en/silver-price-history-nepal,Secondary-only
2021-12-07,,Silver,"Silver Rate Per Tola",1190,1020.23,102.02,102020,"NotifyNepal",https://notifynepal.com/en/silver-price-history-nepal,Secondary-only
2021-12-06,,Silver,"Silver Rate Per Tola",1200,1028.81,102.88,102880,"NotifyNepal",https://notifynepal.com/en/silver-price-history-nepal,Secondary-only
2021-12-05,,Silver,"Silver Rate Per Tola",1200,1028.81,102.88,102880,"NotifyNepal",https://notifynepal.com/en/silver-price-history-nepal,Secondary-only
2021-12-03,,Silver,"Silver Rate Per Tola",1190,1020.23,102.02,102020,"NotifyNepal",https://notifynepal.com/en/silver-price-history-nepal,Secondary-only
2021-12-02,,Silver,"Silver Rate Per Tola",1190,1020.23,102.02,102020,"NotifyNepal",https://notifynepal.com/en/silver-price-history-nepal,Secondary-only
2021-12-01,,Silver,"Silver Rate Per Tola",1200,1028.81,102.88,102880,"NotifyNepal",https://notifynepal.com/en/silver-price-history-nepal,Secondary-only
2021-11-30,,Silver,"Silver Rate Per Tola",1205,1033.09,103.31,103310,"NotifyNepal",https://notifynepal.com/en/silver-price-history-nepal,Secondary-only
2021-11-29,,Silver,"Silver Rate Per Tola",1220,1045.95,104.6,104600,"NotifyNepal",https://notifynepal.com/en/silver-price-history-nepal,Secondary-only
2021-11-26,,Silver,"Silver Rate Per Tola",1225,1050.24,105.02,105020,"NotifyNepal",https://notifynepal.com/en/silver-price-history-nepal,Secondary-only
2021-11-25,,Silver,"Silver Rate Per Tola",1230,1054.53,105.45,105450,"NotifyNepal",https://notifynepal.com/en/silver-price-history-nepal,Secondary-only
2021-11-24,,Silver,"Silver Rate Per Tola",1225,1050.24,105.02,105020,"NotifyNepal",https://notifynepal.com/en/silver-price-history-nepal,Secondary-only
2021-11-23,,Silver,"Silver Rate Per Tola",1255,1075.96,107.6,107600,"NotifyNepal",https://notifynepal.com/en/silver-price-history-nepal,Secondary-only
2021-11-22,,Silver,"Silver Rate Per Tola",1270,1088.82,108.88,108880,"NotifyNepal",https://notifynepal.com/en/silver-price-history-nepal,Secondary-only
2021-11-21,,Silver,"Silver Rate Per Tola",1260,1080.25,108.02,108020,"NotifyNepal",https://notifynepal.com/en/silver-price-history-nepal,Secondary-only
2021-11-19,,Silver,"Silver Rate Per Tola",1275,1093.11,109.31,109310,"NotifyNepal",https://notifynepal.com/en/silver-price-history-nepal,Secondary-only
2021-11-18,,Silver,"Silver Rate Per Tola",1280,1097.39,109.74,109740,"NotifyNepal",https://notifynepal.com/en/silver-price-history-nepal,Secondary-only
2021-11-17,,Silver,"Silver Rate Per Tola",1280,1097.39,109.74,109740,"NotifyNepal",https://notifynepal.com/en/silver-price-history-nepal,Secondary-only
2021-11-16,,Silver,"Silver Rate Per Tola",1290,1105.97,110.6,110600,"NotifyNepal",https://notifynepal.com/en/silver-price-history-nepal,Secondary-only
2021-11-15,,Silver,"Silver Rate Per Tola",1280,1097.39,109.74,109740,"NotifyNepal",https://notifynepal.com/en/silver-price-history-nepal,Secondary-only
2021-11-14,,Silver,"Silver Rate Per Tola",1295,1110.25,111.03,111030,"NotifyNepal",https://notifynepal.com/en/silver-price-history-nepal,Secondary-only
2021-11-12,,Silver,"Silver Rate Per Tola",1285,1101.68,110.17,110170,"NotifyNepal",https://notifynepal.com/en/silver-price-history-nepal,Secondary-only
2021-11-11,,Silver,"Silver Rate Per Tola",1270,1088.82,108.88,108880,"NotifyNepal",https://notifynepal.com/en/silver-price-history-nepal,Secondary-only
2021-11-10,,Silver,"Silver Rate Per Tola",1250,1071.67,107.17,107170,"NotifyNepal",https://notifynepal.com/en/silver-price-history-nepal,Secondary-only
2021-11-09,,Silver,"Silver Rate Per Tola",1250,1071.67,107.17,107170,"NotifyNepal",https://notifynepal.com/en/silver-price-history-nepal,Secondary-only
2021-11-08,,Silver,"Silver Rate Per Tola",1250,1071.67,107.17,107170,"NotifyNepal",https://notifynepal.com/en/silver-price-history-nepal,Secondary-only
2021-11-04,,Silver,"Silver Rate Per Tola",1225,1050.24,105.02,105020,"NotifyNepal",https://notifynepal.com/en/silver-price-history-nepal,Secondary-only
2021-11-03,,Silver,"Silver Rate Per Tola",1225,1050.24,105.02,105020,"NotifyNepal",https://notifynepal.com/en/silver-price-history-nepal,Secondary-only
2021-11-02,,Silver,"Silver Rate Per Tola",1250,1071.67,107.17,107170,"NotifyNepal",https://notifynepal.com/en/silver-price-history-nepal,Secondary-only
2021-11-01,,Silver,"Silver Rate Per Tola",1245,1067.39,106.74,106740,"NotifyNepal",https://notifynepal.com/en/silver-price-history-nepal,Secondary-only
2021-10-31,,Silver,"Silver Rate Per Tola",1240,1063.1,106.31,106310,"NotifyNepal",https://notifynepal.com/en/silver-price-history-nepal,Secondary-only
2021-10-29,,Silver,"Silver Rate Per Tola",1245,1067.39,106.74,106740,"NotifyNepal",https://notifynepal.com/en/silver-price-history-nepal,Secondary-only
2021-10-28,,Silver,"Silver Rate Per Tola",1250,1071.67,107.17,107170,"NotifyNepal",https://notifynepal.com/en/silver-price-history-nepal,Secondary-only
2021-10-27,,Silver,"Silver Rate Per Tola",1250,1071.67,107.17,107170,"NotifyNepal",https://notifynepal.com/en/silver-price-history-nepal,Secondary-only
2021-10-26,,Silver,"Silver Rate Per Tola",1265,1084.53,108.45,108450,"NotifyNepal",https://notifynepal.com/en/silver-price-history-nepal,Secondary-only
2021-10-25,,Silver,"Silver Rate Per Tola",1265,1084.53,108.45,108450,"NotifyNepal",https://notifynepal.com/en/silver-price-history-nepal,Secondary-only
2021-10-24,,Silver,"Silver Rate Per Tola",1260,1080.25,108.02,108020,"NotifyNepal",https://notifynepal.com/en/silver-price-history-nepal,Secondary-only
2021-10-22,,Silver,"Silver Rate Per Tola",1250,1071.67,107.17,107170,"NotifyNepal",https://notifynepal.com/en/silver-price-history-nepal,Secondary-only
2021-10-21,,Silver,"Silver Rate Per Tola",1260,1080.25,108.02,108020,"NotifyNepal",https://notifynepal.com/en/silver-price-history-nepal,Secondary-only
2021-10-20,,Silver,"Silver Rate Per Tola",1235,1058.81,105.88,105880,"NotifyNepal",https://notifynepal.com/en/silver-price-history-nepal,Secondary-only
2021-10-18,,Silver,"Silver Rate Per Tola",1225,1050.24,105.02,105020,"NotifyNepal",https://notifynepal.com/en/silver-price-history-nepal,Secondary-only
2021-10-11,,Silver,"Silver Rate Per Tola",1180,1011.66,101.17,101170,"NotifyNepal",https://notifynepal.com/en/silver-price-history-nepal,Secondary-only
2021-10-10,,Silver,"Silver Rate Per Tola",1175,1007.37,100.74,100740,"NotifyNepal",https://notifynepal.com/en/silver-price-history-nepal,Secondary-only
2021-10-08,,Silver,"Silver Rate Per Tola",1170,1003.09,100.31,100310,"NotifyNepal",https://notifynepal.com/en/silver-price-history-nepal,Secondary-only
2021-10-07,,Silver,"Silver Rate Per Tola",1170,1003.09,100.31,100310,"NotifyNepal",https://notifynepal.com/en/silver-price-history-nepal,Secondary-only
2021-10-06,,Silver,"Silver Rate Per Tola",1160,994.51,99.45,99450,"NotifyNepal",https://notifynepal.com/en/silver-price-history-nepal,Secondary-only
2021-10-05,,Silver,"Silver Rate Per Tola",1160,994.51,99.45,99450,"NotifyNepal",https://notifynepal.com/en/silver-price-history-nepal,Secondary-only
2021-10-04,,Silver,"Silver Rate Per Tola",1160,994.51,99.45,99450,"NotifyNepal",https://notifynepal.com/en/silver-price-history-nepal,Secondary-only
2021-10-03,,Silver,"Silver Rate Per Tola",1160,994.51,99.45,99450,"NotifyNepal",https://notifynepal.com/en/silver-price-history-nepal,Secondary-only
2021-10-01,,Silver,"Silver Rate Per Tola",1140,977.37,97.74,97740,"NotifyNepal",https://notifynepal.com/en/silver-price-history-nepal,Secondary-only
2021-09-30,,Silver,"Silver Rate Per Tola",1120,960.22,96.02,96020,"NotifyNepal",https://notifynepal.com/en/silver-price-history-nepal,Secondary-only
2021-09-29,,Silver,"Silver Rate Per Tola",1155,990.23,99.02,99020,"NotifyNepal",https://notifynepal.com/en/silver-price-history-nepal,Secondary-only
2021-09-28,,Silver,"Silver Rate Per Tola",1155,990.23,99.02,99020,"NotifyNepal",https://notifynepal.com/en/silver-price-history-nepal,Secondary-only
2021-09-27,,Silver,"Silver Rate Per Tola",1160,994.51,99.45,99450,"NotifyNepal",https://notifynepal.com/en/silver-price-history-nepal,Secondary-only
2021-09-26,,Silver,"Silver Rate Per Tola",1150,985.94,98.59,98590,"NotifyNepal",https://notifynepal.com/en/silver-price-history-nepal,Secondary-only
2021-09-24,,Silver,"Silver Rate Per Tola",1160,994.51,99.45,99450,"NotifyNepal",https://notifynepal.com/en/silver-price-history-nepal,Secondary-only
2021-09-23,,Silver,"Silver Rate Per Tola",1155,990.23,99.02,99020,"NotifyNepal",https://notifynepal.com/en/silver-price-history-nepal,Secondary-only
2021-09-22,,Silver,"Silver Rate Per Tola",1165,998.8,99.88,99880,"NotifyNepal",https://notifynepal.com/en/silver-price-history-nepal,Secondary-only
2021-09-21,,Silver,"Silver Rate Per Tola",1140,977.37,97.74,97740,"NotifyNepal",https://notifynepal.com/en/silver-price-history-nepal,Secondary-only
2021-09-20,,Silver,"Silver Rate Per Tola",1135,973.08,97.31,97310,"NotifyNepal",https://notifynepal.com/en/silver-price-history-nepal,Secondary-only
2021-09-17,,Silver,"Silver Rate Per Tola",1170,1003.09,100.31,100310,"NotifyNepal",https://notifynepal.com/en/silver-price-history-nepal,Secondary-only
2021-09-16,,Silver,"Silver Rate Per Tola",1200,1028.81,102.88,102880,"NotifyNepal",https://notifynepal.com/en/silver-price-history-nepal,Secondary-only
2021-09-15,,Silver,"Silver Rate Per Tola",1200,1028.81,102.88,102880,"NotifyNepal",https://notifynepal.com/en/silver-price-history-nepal,Secondary-only
2021-09-14,,Silver,"Silver Rate Per Tola",1200,1028.81,102.88,102880,"NotifyNepal",https://notifynepal.com/en/silver-price-history-nepal,Secondary-only
2021-09-13,,Silver,"Silver Rate Per Tola",1200,1028.81,102.88,102880,"NotifyNepal",https://notifynepal.com/en/silver-price-history-nepal,Secondary-only
2021-09-12,,Silver,"Silver Rate Per Tola",1195,1024.52,102.45,102450,"NotifyNepal",https://notifynepal.com/en/silver-price-history-nepal,Secondary-only
2021-09-10,,Silver,"Silver Rate Per Tola",1215,1041.67,104.17,104170,"NotifyNepal",https://notifynepal.com/en/silver-price-history-nepal,Secondary-only
2021-09-09,,Silver,"Silver Rate Per Tola",1210,1037.38,103.74,103740,"NotifyNepal",https://notifynepal.com/en/silver-price-history-nepal,Secondary-only
2021-09-08,,Silver,"Silver Rate Per Tola",1220,1045.95,104.6,104600,"NotifyNepal",https://notifynepal.com/en/silver-price-history-nepal,Secondary-only
2021-09-07,,Silver,"Silver Rate Per Tola",1230,1054.53,105.45,105450,"NotifyNepal",https://notifynepal.com/en/silver-price-history-nepal,Secondary-only
2021-09-06,,Silver,"Silver Rate Per Tola",1230,1054.53,105.45,105450,"NotifyNepal",https://notifynepal.com/en/silver-price-history-nepal,Secondary-only
2021-09-05,,Silver,"Silver Rate Per Tola",1230,1054.53,105.45,105450,"NotifyNepal",https://notifynepal.com/en/silver-price-history-nepal,Secondary-only
2021-09-03,,Silver,"Silver Rate Per Tola",1195,1024.52,102.45,102450,"NotifyNepal",https://notifynepal.com/en/silver-price-history-nepal,Secondary-only
2021-09-02,,Silver,"Silver Rate Per Tola",1205,1033.09,103.31,103310,"NotifyNepal",https://notifynepal.com/en/silver-price-history-nepal,Secondary-only
2021-09-01,,Silver,"Silver Rate Per Tola",1195,1024.52,102.45,102450,"NotifyNepal",https://notifynepal.com/en/silver-price-history-nepal,Secondary-only
2021-08-31,,Silver,"Silver Rate Per Tola",1205,1033.09,103.31,103310,"NotifyNepal",https://notifynepal.com/en/silver-price-history-nepal,Secondary-only
2021-08-30,,Silver,"Silver Rate Per Tola",1210,1037.38,103.74,103740,"NotifyNepal",https://notifynepal.com/en/silver-price-history-nepal,Secondary-only
2021-08-27,,Silver,"Silver Rate Per Tola",1200,1028.81,102.88,102880,"NotifyNepal",https://notifynepal.com/en/silver-price-history-nepal,Secondary-only
2021-08-26,,Silver,"Silver Rate Per Tola",1210,1037.38,103.74,103740,"NotifyNepal",https://notifynepal.com/en/silver-price-history-nepal,Secondary-only
2021-08-25,,Silver,"Silver Rate Per Tola",1210,1037.38,103.74,103740,"NotifyNepal",https://notifynepal.com/en/silver-price-history-nepal,Secondary-only
2021-08-24,,Silver,"Silver Rate Per Tola",1200,1028.81,102.88,102880,"NotifyNepal",https://notifynepal.com/en/silver-price-history-nepal,Secondary-only
2021-08-23,,Silver,"Silver Rate Per Tola",1190,1020.23,102.02,102020,"NotifyNepal",https://notifynepal.com/en/silver-price-history-nepal,Secondary-only
2021-08-20,,Silver,"Silver Rate Per Tola",1195,1024.52,102.45,102450,"NotifyNepal",https://notifynepal.com/en/silver-price-history-nepal,Secondary-only
2021-08-19,,Silver,"Silver Rate Per Tola",1180,1011.66,101.17,101170,"NotifyNepal",https://notifynepal.com/en/silver-price-history-nepal,Secondary-only
2021-08-17,,Silver,"Silver Rate Per Tola",1210,1037.38,103.74,103740,"NotifyNepal",https://notifynepal.com/en/silver-price-history-nepal,Secondary-only
2021-08-16,,Silver,"Silver Rate Per Tola",1200,1028.81,102.88,102880,"NotifyNepal",https://notifynepal.com/en/silver-price-history-nepal,Secondary-only
2021-08-15,,Silver,"Silver Rate Per Tola",1205,1033.09,103.31,103310,"NotifyNepal",https://notifynepal.com/en/silver-price-history-nepal,Secondary-only
2021-08-13,,Silver,"Silver Rate Per Tola",1185,1015.95,101.59,101590,"NotifyNepal",https://notifynepal.com/en/silver-price-history-nepal,Secondary-only
2021-08-12,,Silver,"Silver Rate Per Tola",1190,1020.23,102.02,102020,"NotifyNepal",https://notifynepal.com/en/silver-price-history-nepal,Secondary-only
2021-08-11,,Silver,"Silver Rate Per Tola",1190,1020.23,102.02,102020,"NotifyNepal",https://notifynepal.com/en/silver-price-history-nepal,Secondary-only
2021-08-10,,Silver,"Silver Rate Per Tola",1205,1033.09,103.31,103310,"NotifyNepal",https://notifynepal.com/en/silver-price-history-nepal,Secondary-only
2021-07-28,,Silver,"Silver Rate Per Tola",1255,1075.96,107.6,107600,"NotifyNepal",https://notifynepal.com/en/silver-price-history-nepal,Secondary-only
2021-07-27,,Silver,"Silver Rate Per Tola",1270,1088.82,108.88,108880,"NotifyNepal",https://notifynepal.com/en/silver-price-history-nepal,Secondary-only
2021-07-26,,Silver,"Silver Rate Per Tola",1270,1088.82,108.88,108880,"NotifyNepal",https://notifynepal.com/en/silver-price-history-nepal,Secondary-only
2021-07-23,,Silver,"Silver Rate Per Tola",1280,1097.39,109.74,109740,"NotifyNepal",https://notifynepal.com/en/silver-price-history-nepal,Secondary-only
2021-07-22,,Silver,"Silver Rate Per Tola",1270,1088.82,108.88,108880,"NotifyNepal",https://notifynepal.com/en/silver-price-history-nepal,Secondary-only
2021-07-21,,Silver,"Silver Rate Per Tola",1260,1080.25,108.02,108020,"NotifyNepal",https://notifynepal.com/en/silver-price-history-nepal,Secondary-only
2021-07-20,,Silver,"Silver Rate Per Tola",1280,1097.39,109.74,109740,"NotifyNepal",https://notifynepal.com/en/silver-price-history-nepal,Secondary-only
2021-07-19,,Silver,"Silver Rate Per Tola",1290,1105.97,110.6,110600,"NotifyNepal",https://notifynepal.com/en/silver-price-history-nepal,Secondary-only
2021-07-18,,Silver,"Silver Rate Per Tola",1295,1110.25,111.03,111030,"NotifyNepal",https://notifynepal.com/en/silver-price-history-nepal,Secondary-only
2021-07-16,,Silver,"Silver Rate Per Tola",1320,1131.69,113.17,113170,"NotifyNepal",https://notifynepal.com/en/silver-price-history-nepal,Secondary-only
2021-07-15,,Silver,"Silver Rate Per Tola",1320,1131.69,113.17,113170,"NotifyNepal",https://notifynepal.com/en/silver-price-history-nepal,Secondary-only
2021-07-14,,Silver,"Silver Rate Per Tola",1315,1127.4,112.74,112740,"NotifyNepal",https://notifynepal.com/en/silver-price-history-nepal,Secondary-only
2021-07-13,,Silver,"Silver Rate Per Tola",1320,1131.69,113.17,113170,"NotifyNepal",https://notifynepal.com/en/silver-price-history-nepal,Secondary-only
2021-07-12,,Silver,"Silver Rate Per Tola",1310,1123.11,112.31,112310,"NotifyNepal",https://notifynepal.com/en/silver-price-history-nepal,Secondary-only
2021-07-11,,Silver,"Silver Rate Per Tola",1315,1127.4,112.74,112740,"NotifyNepal",https://notifynepal.com/en/silver-price-history-nepal,Secondary-only
2021-07-09,,Silver,"Silver Rate Per Tola",1305,1118.83,111.88,111880,"NotifyNepal",https://notifynepal.com/en/silver-price-history-nepal,Secondary-only
2021-07-08,,Silver,"Silver Rate Per Tola",1310,1123.11,112.31,112310,"NotifyNepal",https://notifynepal.com/en/silver-price-history-nepal,Secondary-only
2021-07-07,,Silver,"Silver Rate Per Tola",1320,1131.69,113.17,113170,"NotifyNepal",https://notifynepal.com/en/silver-price-history-nepal,Secondary-only
2021-07-06,,Silver,"Silver Rate Per Tola",1330,1140.26,114.03,114030,"NotifyNepal",https://notifynepal.com/en/silver-price-history-nepal,Secondary-only
2021-07-04,,Silver,"Silver Rate Per Tola",1325,1135.97,113.6,113600,"NotifyNepal",https://notifynepal.com/en/silver-price-history-nepal,Secondary-only
2021-07-02,,Silver,"Silver Rate Per Tola",1310,1123.11,112.31,112310,"NotifyNepal",https://notifynepal.com/en/silver-price-history-nepal,Secondary-only
2021-07-01,,Silver,"Silver Rate Per Tola",1310,1123.11,112.31,112310,"NotifyNepal",https://notifynepal.com/en/silver-price-history-nepal,Secondary-only
2021-06-30,,Silver,"Silver Rate Per Tola",1290,1105.97,110.6,110600,"NotifyNepal",https://notifynepal.com/en/silver-price-history-nepal,Secondary-only
2021-06-29,,Silver,"Silver Rate Per Tola",1300,1114.54,111.45,111450,"NotifyNepal",https://notifynepal.com/en/silver-price-history-nepal,Secondary-only
2021-06-28,,Silver,"Silver Rate Per Tola",1255,1075.96,107.6,107600,"NotifyNepal",https://notifynepal.com/en/silver-price-history-nepal,Secondary-only
2021-06-25,,Silver,"Silver Rate Per Tola",1300,1114.54,111.45,111450,"NotifyNepal",https://notifynepal.com/en/silver-price-history-nepal,Secondary-only
2021-06-24,,Silver,"Silver Rate Per Tola",1295,1110.25,111.03,111030,"NotifyNepal",https://notifynepal.com/en/silver-price-history-nepal,Secondary-only
2021-06-23,,Silver,"Silver Rate Per Tola",1295,1110.25,111.03,111030,"NotifyNepal",https://notifynepal.com/en/silver-price-history-nepal,Secondary-only
2021-06-22,,Silver,"Silver Rate Per Tola",1300,1114.54,111.45,111450,"NotifyNepal",https://notifynepal.com/en/silver-price-history-nepal,Secondary-only
2021-06-21,,Silver,"Silver Rate Per Tola",1295,1110.25,111.03,111030,"NotifyNepal",https://notifynepal.com/en/silver-price-history-nepal,Secondary-only
2021-06-20,,Silver,"Silver Rate Per Tola",1290,1105.97,110.6,110600,"NotifyNepal",https://notifynepal.com/en/silver-price-history-nepal,Secondary-only
2021-06-18,,Silver,"Silver Rate Per Tola",1305,1118.83,111.88,111880,"NotifyNepal",https://notifynepal.com/en/silver-price-history-nepal,Secondary-only
2021-06-16,,Silver,"Silver Rate Per Tola",1360,1165.98,116.6,116600,"NotifyNepal",https://notifynepal.com/en/silver-price-history-nepal,Secondary-only
2021-06-15,,Silver,"Silver Rate Per Tola",1355,1161.69,116.17,116170,"NotifyNepal",https://notifynepal.com/en/silver-price-history-nepal,Secondary-only
2021-06-14,,Silver,"Silver Rate Per Tola",1365,1170.27,117.03,117030,"NotifyNepal",https://notifynepal.com/en/silver-price-history-nepal,Secondary-only
2021-06-11,,Silver,"Silver Rate Per Tola",1370,1174.55,117.46,117460,"NotifyNepal",https://notifynepal.com/en/silver-price-history-nepal,Secondary-only
2021-06-10,,Silver,"Silver Rate Per Tola",1355,1161.69,116.17,116170,"NotifyNepal",https://notifynepal.com/en/silver-price-history-nepal,Secondary-only
2021-06-09,,Silver,"Silver Rate Per Tola",1350,1157.41,115.74,115740,"NotifyNepal",https://notifynepal.com/en/silver-price-history-nepal,Secondary-only
2021-06-08,,Silver,"Silver Rate Per Tola",1355,1161.69,116.17,116170,"NotifyNepal",https://notifynepal.com/en/silver-price-history-nepal,Secondary-only
2021-06-07,,Silver,"Silver Rate Per Tola",1350,1157.41,115.74,115740,"NotifyNepal",https://notifynepal.com/en/silver-price-history-nepal,Secondary-only
2021-06-06,,Silver,"Silver Rate Per Tola",1355,1161.69,116.17,116170,"NotifyNepal",https://notifynepal.com/en/silver-price-history-nepal,Secondary-only
2021-06-04,,Silver,"Silver Rate Per Tola",1340,1148.83,114.88,114880,"NotifyNepal",https://notifynepal.com/en/silver-price-history-nepal,Secondary-only
2021-06-03,,Silver,"Silver Rate Per Tola",1375,1178.84,117.88,117880,"NotifyNepal",https://notifynepal.com/en/silver-price-history-nepal,Secondary-only
2021-06-02,,Silver,"Silver Rate Per Tola",1360,1165.98,116.6,116600,"NotifyNepal",https://notifynepal.com/en/silver-price-history-nepal,Secondary-only
2021-06-01,,Silver,"Silver Rate Per Tola",1370,1174.55,117.46,117460,"NotifyNepal",https://notifynepal.com/en/silver-price-history-nepal,Secondary-only
2021-05-31,,Silver,"Silver Rate Per Tola",1360,1165.98,116.6,116600,"NotifyNepal",https://notifynepal.com/en/silver-price-history-nepal,Secondary-only
2021-05-30,,Silver,"Silver Rate Per Tola",1355,1161.69,116.17,116170,"NotifyNepal",https://notifynepal.com/en/silver-price-history-nepal,Secondary-only
2021-05-28,,Silver,"Silver Rate Per Tola",1350,1157.41,115.74,115740,"NotifyNepal",https://notifynepal.com/en/silver-price-history-nepal,Secondary-only
2021-05-27,,Silver,"Silver Rate Per Tola",1350,1157.41,115.74,115740,"NotifyNepal",https://notifynepal.com/en/silver-price-history-nepal,Secondary-only
2021-05-25,,Silver,"Silver Rate Per Tola",1350,1157.41,115.74,115740,"NotifyNepal",https://notifynepal.com/en/silver-price-history-nepal,Secondary-only
2021-05-24,,Silver,"Silver Rate Per Tola",1350,1157.41,115.74,115740,"NotifyNepal",https://notifynepal.com/en/silver-price-history-nepal,Secondary-only
2021-05-23,,Silver,"Silver Rate Per Tola",1345,1153.12,115.31,115310,"NotifyNepal",https://notifynepal.com/en/silver-price-history-nepal,Secondary-only
2021-05-21,,Silver,"Silver Rate Per Tola",1350,1157.41,115.74,115740,"NotifyNepal",https://notifynepal.com/en/silver-price-history-nepal,Secondary-only
2021-05-20,,Silver,"Silver Rate Per Tola",1360,1165.98,116.6,116600,"NotifyNepal",https://notifynepal.com/en/silver-price-history-nepal,Secondary-only
2021-05-19,,Silver,"Silver Rate Per Tola",1370,1174.55,117.46,117460,"NotifyNepal",https://notifynepal.com/en/silver-price-history-nepal,Secondary-only
2021-05-18,,Silver,"Silver Rate Per Tola",1390,1191.7,119.17,119170,"NotifyNepal",https://notifynepal.com/en/silver-price-history-nepal,Secondary-only
2021-05-17,,Silver,"Silver Rate Per Tola",1355,1161.69,116.17,116170,"NotifyNepal",https://notifynepal.com/en/silver-price-history-nepal,Secondary-only
2021-05-14,,Silver,"Silver Rate Per Tola",1330,1140.26,114.03,114030,"NotifyNepal",https://notifynepal.com/en/silver-price-history-nepal,Secondary-only
2021-05-13,,Silver,"Silver Rate Per Tola",1335,1144.55,114.45,114450,"NotifyNepal",https://notifynepal.com/en/silver-price-history-nepal,Secondary-only
2021-05-12,,Silver,"Silver Rate Per Tola",1345,1153.12,115.31,115310,"NotifyNepal",https://notifynepal.com/en/silver-price-history-nepal,Secondary-only
2021-05-11,,Silver,"Silver Rate Per Tola",1345,1153.12,115.31,115310,"NotifyNepal",https://notifynepal.com/en/silver-price-history-nepal,Secondary-only
2021-05-10,,Silver,"Silver Rate Per Tola",1360,1165.98,116.6,116600,"NotifyNepal",https://notifynepal.com/en/silver-price-history-nepal,Secondary-only
2021-05-09,,Silver,"Silver Rate Per Tola",1345,1153.12,115.31,115310,"NotifyNepal",https://notifynepal.com/en/silver-price-history-nepal,Secondary-only
2021-05-07,,Silver,"Silver Rate Per Tola",1350,1157.41,115.74,115740,"NotifyNepal",https://notifynepal.com/en/silver-price-history-nepal,Secondary-only
2021-05-06,,Silver,"Silver Rate Per Tola",1315,1127.4,112.74,112740,"NotifyNepal",https://notifynepal.com/en/silver-price-history-nepal,Secondary-only
2021-05-05,,Silver,"Silver Rate Per Tola",1320,1131.69,113.17,113170,"NotifyNepal",https://notifynepal.com/en/silver-price-history-nepal,Secondary-only
2021-05-04,,Silver,"Silver Rate Per Tola",1325,1135.97,113.6,113600,"NotifyNepal",https://notifynepal.com/en/silver-price-history-nepal,Secondary-only
2021-05-03,,Silver,"Silver Rate Per Tola",1300,1114.54,111.45,111450,"NotifyNepal",https://notifynepal.com/en/silver-price-history-nepal,Secondary-only
2021-05-02,,Silver,"Silver Rate Per Tola",1295,1110.25,111.03,111030,"NotifyNepal",https://notifynepal.com/en/silver-price-history-nepal,Secondary-only
2021-04-30,,Silver,"Silver Rate Per Tola",1295,1110.25,111.03,111030,"NotifyNepal",https://notifynepal.com/en/silver-price-history-nepal,Secondary-only
2021-04-29,,Silver,"Silver Rate Per Tola",1315,1127.4,112.74,112740,"NotifyNepal",https://notifynepal.com/en/silver-price-history-nepal,Secondary-only
2021-04-28,,Silver,"Silver Rate Per Tola",1305,1118.83,111.88,111880,"NotifyNepal",https://notifynepal.com/en/silver-price-history-nepal,Secondary-only
2021-04-27,,Silver,"Silver Rate Per Tola",1315,1127.4,112.74,112740,"NotifyNepal",https://notifynepal.com/en/silver-price-history-nepal,Secondary-only
2021-04-26,,Silver,"Silver Rate Per Tola",1310,1123.11,112.31,112310,"NotifyNepal",https://notifynepal.com/en/silver-price-history-nepal,Secondary-only
2021-04-25,,Silver,"Silver Rate Per Tola",1310,1123.11,112.31,112310,"NotifyNepal",https://notifynepal.com/en/silver-price-history-nepal,Secondary-only
2021-04-23,,Silver,"Silver Rate Per Tola",1320,1131.69,113.17,113170,"NotifyNepal",https://notifynepal.com/en/silver-price-history-nepal,Secondary-only
2021-04-22,,Silver,"Silver Rate Per Tola",1335,1144.55,114.45,114450,"NotifyNepal",https://notifynepal.com/en/silver-price-history-nepal,Secondary-only
2021-04-21,,Silver,"Silver Rate Per Tola",1310,1123.11,112.31,112310,"NotifyNepal",https://notifynepal.com/en/silver-price-history-nepal,Secondary-only
2021-04-20,,Silver,"Silver Rate Per Tola",1300,1114.54,111.45,111450,"NotifyNepal",https://notifynepal.com/en/silver-price-history-nepal,Secondary-only
2021-04-19,,Silver,"Silver Rate Per Tola",1300,1114.54,111.45,111450,"NotifyNepal",https://notifynepal.com/en/silver-price-history-nepal,Secondary-only
2021-04-18,,Silver,"Silver Rate Per Tola",1300,1114.54,111.45,111450,"NotifyNepal",https://notifynepal.com/en/silver-price-history-nepal,Secondary-only
2021-04-16,,Silver,"Silver Rate Per Tola",1300,1114.54,111.45,111450,"NotifyNepal",https://notifynepal.com/en/silver-price-history-nepal,Secondary-only
2021-04-13,,Silver,"Silver Rate Per Tola",1260,1080.25,108.02,108020,"NotifyNepal",https://notifynepal.com/en/silver-price-history-nepal,Secondary-only
2021-04-12,,Silver,"Silver Rate Per Tola",1275,1093.11,109.31,109310,"NotifyNepal",https://notifynepal.com/en/silver-price-history-nepal,Secondary-only
2021-04-11,,Silver,"Silver Rate Per Tola",1275,1093.11,109.31,109310,"NotifyNepal",https://notifynepal.com/en/silver-price-history-nepal,Secondary-only
2021-04-09,,Silver,"Silver Rate Per Tola",1280,1097.39,109.74,109740,"NotifyNepal",https://notifynepal.com/en/silver-price-history-nepal,Secondary-only
2021-04-08,,Silver,"Silver Rate Per Tola",1260,1080.25,108.02,108020,"NotifyNepal",https://notifynepal.com/en/silver-price-history-nepal,Secondary-only
2021-04-07,,Silver,"Silver Rate Per Tola",1245,1067.39,106.74,106740,"NotifyNepal",https://notifynepal.com/en/silver-price-history-nepal,Secondary-only
2021-04-06,,Silver,"Silver Rate Per Tola",1235,1058.81,105.88,105880,"NotifyNepal",https://notifynepal.com/en/silver-price-history-nepal,Secondary-only
2021-04-05,,Silver,"Silver Rate Per Tola",1235,1058.81,105.88,105880,"NotifyNepal",https://notifynepal.com/en/silver-price-history-nepal,Secondary-only
2021-04-04,,Silver,"Silver Rate Per Tola",1240,1063.1,106.31,106310,"NotifyNepal",https://notifynepal.com/en/silver-price-history-nepal,Secondary-only
2021-04-02,,Silver,"Silver Rate Per Tola",1240,1063.1,106.31,106310,"NotifyNepal",https://notifynepal.com/en/silver-price-history-nepal,Secondary-only
2021-04-01,,Silver,"Silver Rate Per Tola",1210,1037.38,103.74,103740,"NotifyNepal",https://notifynepal.com/en/silver-price-history-nepal,Secondary-only
2021-03-31,,Silver,"Silver Rate Per Tola",1195,1024.52,102.45,102450,"NotifyNepal",https://notifynepal.com/en/silver-price-history-nepal,Secondary-only
2021-03-30,,Silver,"Silver Rate Per Tola",1215,1041.67,104.17,104170,"NotifyNepal",https://notifynepal.com/en/silver-price-history-nepal,Secondary-only
2021-03-29,,Silver,"Silver Rate Per Tola",1225,1050.24,105.02,105020,"NotifyNepal",https://notifynepal.com/en/silver-price-history-nepal,Secondary-only
2021-03-26,,Silver,"Silver Rate Per Tola",1230,1054.53,105.45,105450,"NotifyNepal",https://notifynepal.com/en/silver-price-history-nepal,Secondary-only
2021-03-25,,Silver,"Silver Rate Per Tola",1230,1054.53,105.45,105450,"NotifyNepal",https://notifynepal.com/en/silver-price-history-nepal,Secondary-only
2021-03-24,,Silver,"Silver Rate Per Tola",1240,1063.1,106.31,106310,"NotifyNepal",https://notifynepal.com/en/silver-price-history-nepal,Secondary-only
2021-03-23,,Silver,"Silver Rate Per Tola",1250,1071.67,107.17,107170,"NotifyNepal",https://notifynepal.com/en/silver-price-history-nepal,Secondary-only
2021-03-22,,Silver,"Silver Rate Per Tola",1260,1080.25,108.02,108020,"NotifyNepal",https://notifynepal.com/en/silver-price-history-nepal,Secondary-only
2021-03-19,,Silver,"Silver Rate Per Tola",1275,1093.11,109.31,109310,"NotifyNepal",https://notifynepal.com/en/silver-price-history-nepal,Secondary-only
2021-03-18,,Silver,"Silver Rate Per Tola",1290,1105.97,110.6,110600,"NotifyNepal",https://notifynepal.com/en/silver-price-history-nepal,Secondary-only
2021-03-17,,Silver,"Silver Rate Per Tola",1270,1088.82,108.88,108880,"NotifyNepal",https://notifynepal.com/en/silver-price-history-nepal,Secondary-only
2021-03-16,,Silver,"Silver Rate Per Tola",1280,1097.39,109.74,109740,"NotifyNepal",https://notifynepal.com/en/silver-price-history-nepal,Secondary-only
2021-03-15,,Silver,"Silver Rate Per Tola",1275,1093.11,109.31,109310,"NotifyNepal",https://notifynepal.com/en/silver-price-history-nepal,Secondary-only
2021-03-12,,Silver,"Silver Rate Per Tola",1270,1088.82,108.88,108880,"NotifyNepal",https://notifynepal.com/en/silver-price-history-nepal,Secondary-only
2021-03-11,,Silver,"Silver Rate Per Tola",1285,1101.68,110.17,110170,"NotifyNepal",https://notifynepal.com/en/silver-price-history-nepal,Secondary-only
2021-03-10,,Silver,"Silver Rate Per Tola",1270,1088.82,108.88,108880,"NotifyNepal",https://notifynepal.com/en/silver-price-history-nepal,Secondary-only
2021-03-09,,Silver,"Silver Rate Per Tola",1255,1075.96,107.6,107600,"NotifyNepal",https://notifynepal.com/en/silver-price-history-nepal,Secondary-only
2021-03-08,,Silver,"Silver Rate Per Tola",1266,1085.39,108.54,108540,"NotifyNepal",https://notifynepal.com/en/silver-price-history-nepal,Secondary-only
2021-03-07,,Silver,"Silver Rate Per Tola",1250,1071.67,107.17,107170,"NotifyNepal",https://notifynepal.com/en/silver-price-history-nepal,Secondary-only
2021-03-05,,Silver,"Silver Rate Per Tola",1250,1071.67,107.17,107170,"NotifyNepal",https://notifynepal.com/en/silver-price-history-nepal,Secondary-only
2021-03-04,,Silver,"Silver Rate Per Tola",1285,1101.68,110.17,110170,"NotifyNepal",https://notifynepal.com/en/silver-price-history-nepal,Secondary-only
2021-03-03,,Silver,"Silver Rate Per Tola",1316,1128.26,112.83,112830,"NotifyNepal",https://notifynepal.com/en/silver-price-history-nepal,Secondary-only
2021-03-02,,Silver,"Silver Rate Per Tola",1290,1105.97,110.6,110600,"NotifyNepal",https://notifynepal.com/en/silver-price-history-nepal,Secondary-only
2021-03-01,,Silver,"Silver Rate Per Tola",1331,1141.12,114.11,114110,"NotifyNepal",https://notifynepal.com/en/silver-price-history-nepal,Secondary-only
2021-02-28,,Silver,"Silver Rate Per Tola",1325,1135.97,113.6,113600,"NotifyNepal",https://notifynepal.com/en/silver-price-history-nepal,Secondary-only
2021-02-21,,Silver,"Silver Rate Per Tola",1331,1141.12,114.11,114110,"NotifyNepal",https://notifynepal.com/en/silver-price-history-nepal,Secondary-only
2021-02-19,,Silver,"Silver Rate Per Tola",1305,1118.83,111.88,111880,"NotifyNepal",https://notifynepal.com/en/silver-price-history-nepal,Secondary-only
2021-02-18,,Silver,"Silver Rate Per Tola",1336,1145.4,114.54,114540,"NotifyNepal",https://notifynepal.com/en/silver-price-history-nepal,Secondary-only
2021-02-17,,Silver,"Silver Rate Per Tola",1340,1148.83,114.88,114880,"NotifyNepal",https://notifynepal.com/en/silver-price-history-nepal,Secondary-only
2021-02-16,,Silver,"Silver Rate Per Tola",1360,1165.98,116.6,116600,"NotifyNepal",https://notifynepal.com/en/silver-price-history-nepal,Secondary-only
2021-02-15,,Silver,"Silver Rate Per Tola",1340,1148.83,114.88,114880,"NotifyNepal",https://notifynepal.com/en/silver-price-history-nepal,Secondary-only
2021-02-14,,Silver,"Silver Rate Per Tola",1336,1145.4,114.54,114540,"NotifyNepal",https://notifynepal.com/en/silver-price-history-nepal,Secondary-only
2021-02-12,,Silver,"Silver Rate Per Tola",1320,1131.69,113.17,113170,"NotifyNepal",https://notifynepal.com/en/silver-price-history-nepal,Secondary-only
2021-02-11,,Silver,"Silver Rate Per Tola",1316,1128.26,112.83,112830,"NotifyNepal",https://notifynepal.com/en/silver-price-history-nepal,Secondary-only
2021-02-10,,Silver,"Silver Rate Per Tola",1340,1148.83,114.88,114880,"NotifyNepal",https://notifynepal.com/en/silver-price-history-nepal,Secondary-only
2021-02-09,,Silver,"Silver Rate Per Tola",1340,1148.83,114.88,114880,"NotifyNepal",https://notifynepal.com/en/silver-price-history-nepal,Secondary-only
2021-02-08,,Silver,"Silver Rate Per Tola",1316,1128.26,112.83,112830,"NotifyNepal",https://notifynepal.com/en/silver-price-history-nepal,Secondary-only
2021-02-07,,Silver,"Silver Rate Per Tola",1310,1123.11,112.31,112310,"NotifyNepal",https://notifynepal.com/en/silver-price-history-nepal,Secondary-only
2021-02-05,,Silver,"Silver Rate Per Tola",1290,1105.97,110.6,110600,"NotifyNepal",https://notifynepal.com/en/silver-price-history-nepal,Secondary-only
2021-02-04,,Silver,"Silver Rate Per Tola",1301,1115.4,111.54,111540,"NotifyNepal",https://notifynepal.com/en/silver-price-history-nepal,Secondary-only
2021-02-03,,Silver,"Silver Rate Per Tola",1320,1131.69,113.17,113170,"NotifyNepal",https://notifynepal.com/en/silver-price-history-nepal,Secondary-only
2021-02-02,,Silver,"Silver Rate Per Tola",1380,1183.13,118.31,118310,"NotifyNepal",https://notifynepal.com/en/silver-price-history-nepal,Secondary-only
2021-02-01,,Silver,"Silver Rate Per Tola",1400,1200.27,120.03,120030,"NotifyNepal",https://notifynepal.com/en/silver-price-history-nepal,Secondary-only
2021-01-31,,Silver,"Silver Rate Per Tola",1320,1131.69,113.17,113170,"NotifyNepal",https://notifynepal.com/en/silver-price-history-nepal,Secondary-only
2021-01-29,,Silver,"Silver Rate Per Tola",1285,1101.68,110.17,110170,"NotifyNepal",https://notifynepal.com/en/silver-price-history-nepal,Secondary-only
2021-01-28,,Silver,"Silver Rate Per Tola",1246,1068.24,106.82,106820,"NotifyNepal",https://notifynepal.com/en/silver-price-history-nepal,Secondary-only
2021-01-27,,Silver,"Silver Rate Per Tola",1250,1071.67,107.17,107170,"NotifyNepal",https://notifynepal.com/en/silver-price-history-nepal,Secondary-only
2021-01-26,,Silver,"Silver Rate Per Tola",1255,1075.96,107.6,107600,"NotifyNepal",https://notifynepal.com/en/silver-price-history-nepal,Secondary-only
2021-01-25,,Silver,"Silver Rate Per Tola",1260,1080.25,108.02,108020,"NotifyNepal",https://notifynepal.com/en/silver-price-history-nepal,Secondary-only
2021-01-24,,Silver,"Silver Rate Per Tola",1260,1080.25,108.02,108020,"NotifyNepal",https://notifynepal.com/en/silver-price-history-nepal,Secondary-only
2021-01-22,,Silver,"Silver Rate Per Tola",1260,1080.25,108.02,108020,"NotifyNepal",https://notifynepal.com/en/silver-price-history-nepal,Secondary-only
2021-01-21,,Silver,"Silver Rate Per Tola",1275,1093.11,109.31,109310,"NotifyNepal",https://notifynepal.com/en/silver-price-history-nepal,Secondary-only
2021-01-20,,Silver,"Silver Rate Per Tola",1260,1080.25,108.02,108020,"NotifyNepal",https://notifynepal.com/en/silver-price-history-nepal,Secondary-only
2021-01-19,,Silver,"Silver Rate Per Tola",1246,1068.24,106.82,106820,"NotifyNepal",https://notifynepal.com/en/silver-price-history-nepal,Secondary-only
2021-01-18,,Silver,"Silver Rate Per Tola",1231,1055.38,105.54,105540,"NotifyNepal",https://notifynepal.com/en/silver-price-history-nepal,Secondary-only
2021-01-17,,Silver,"Silver Rate Per Tola",1231,1055.38,105.54,105540,"NotifyNepal",https://notifynepal.com/en/silver-price-history-nepal,Secondary-only
2021-01-15,,Silver,"Silver Rate Per Tola",1260,1080.25,108.02,108020,"NotifyNepal",https://notifynepal.com/en/silver-price-history-nepal,Secondary-only
2021-01-14,,Silver,"Silver Rate Per Tola",1246,1068.24,106.82,106820,"NotifyNepal",https://notifynepal.com/en/silver-price-history-nepal,Secondary-only
2021-01-13,,Silver,"Silver Rate Per Tola",1260,1080.25,108.02,108020,"NotifyNepal",https://notifynepal.com/en/silver-price-history-nepal,Secondary-only
2021-01-12,,Silver,"Silver Rate Per Tola",1250,1071.67,107.17,107170,"NotifyNepal",https://notifynepal.com/en/silver-price-history-nepal,Secondary-only
2021-01-11,,Silver,"Silver Rate Per Tola",1231,1055.38,105.54,105540,"NotifyNepal",https://notifynepal.com/en/silver-price-history-nepal,Secondary-only
2021-01-10,,Silver,"Silver Rate Per Tola",1270,1088.82,108.88,108880,"NotifyNepal",https://notifynepal.com/en/silver-price-history-nepal,Secondary-only
2021-01-08,,Silver,"Silver Rate Per Tola",1330,1140.26,114.03,114030,"NotifyNepal",https://notifynepal.com/en/silver-price-history-nepal,Secondary-only
2021-01-07,,Silver,"Silver Rate Per Tola",1330,1140.26,114.03,114030,"NotifyNepal",https://notifynepal.com/en/silver-price-history-nepal,Secondary-only
2021-01-06,,Silver,"Silver Rate Per Tola",1340,1148.83,114.88,114880,"NotifyNepal",https://notifynepal.com/en/silver-price-history-nepal,Secondary-only
2021-01-05,,Silver,"Silver Rate Per Tola",1336,1145.4,114.54,114540,"NotifyNepal",https://notifynepal.com/en/silver-price-history-nepal,Secondary-only
2021-01-04,,Silver,"Silver Rate Per Tola",1325,1135.97,113.6,113600,"NotifyNepal",https://notifynepal.com/en/silver-price-history-nepal,Secondary-only
2021-01-03,,Silver,"Silver Rate Per Tola",1301,1115.4,111.54,111540,"NotifyNepal",https://notifynepal.com/en/silver-price-history-nepal,Secondary-only
2021-01-01,,Silver,"Silver Rate Per Tola",1301,1115.4,111.54,111540,"NotifyNepal",https://notifynepal.com/en/silver-price-history-nepal,Secondary-only
2020-12-31,,Silver,"Silver Rate Per Tola",1301,1115.4,111.54,111540,"NotifyNepal",https://notifynepal.com/en/silver-price-history-nepal,Secondary-only
2020-12-30,,Silver,"Silver Rate Per Tola",1305,1118.83,111.88,111880,"NotifyNepal",https://notifynepal.com/en/silver-price-history-nepal,Secondary-only
2020-12-29,,Silver,"Silver Rate Per Tola",1301,1115.4,111.54,111540,"NotifyNepal",https://notifynepal.com/en/silver-price-history-nepal,Secondary-only
2020-12-28,,Silver,"Silver Rate Per Tola",1316,1128.26,112.83,112830,"NotifyNepal",https://notifynepal.com/en/silver-price-history-nepal,Secondary-only
2020-12-27,,Silver,"Silver Rate Per Tola",1281,1098.25,109.83,109830,"NotifyNepal",https://notifynepal.com/en/silver-price-history-nepal,Secondary-only
2020-12-25,,Silver,"Silver Rate Per Tola",1281,1098.25,109.83,109830,"NotifyNepal",https://notifynepal.com/en/silver-price-history-nepal,Secondary-only
2020-12-24,,Silver,"Silver Rate Per Tola",1281,1098.25,109.83,109830,"NotifyNepal",https://notifynepal.com/en/silver-price-history-nepal,Secondary-only
2020-12-23,,Silver,"Silver Rate Per Tola",1266,1085.39,108.54,108540,"NotifyNepal",https://notifynepal.com/en/silver-price-history-nepal,Secondary-only
2020-12-22,,Silver,"Silver Rate Per Tola",1316,1128.26,112.83,112830,"NotifyNepal",https://notifynepal.com/en/silver-price-history-nepal,Secondary-only
2020-12-21,,Silver,"Silver Rate Per Tola",1320,1131.69,113.17,113170,"NotifyNepal",https://notifynepal.com/en/silver-price-history-nepal,Secondary-only
2020-12-20,,Silver,"Silver Rate Per Tola",1281,1098.25,109.83,109830,"NotifyNepal",https://notifynepal.com/en/silver-price-history-nepal,Secondary-only
2020-12-18,,Silver,"Silver Rate Per Tola",1281,1098.25,109.83,109830,"NotifyNepal",https://notifynepal.com/en/silver-price-history-nepal,Secondary-only
2020-12-17,,Silver,"Silver Rate Per Tola",1255,1075.96,107.6,107600,"NotifyNepal",https://notifynepal.com/en/silver-price-history-nepal,Secondary-only
2020-12-16,,Silver,"Silver Rate Per Tola",1231,1055.38,105.54,105540,"NotifyNepal",https://notifynepal.com/en/silver-price-history-nepal,Secondary-only
2020-12-15,,Silver,"Silver Rate Per Tola",1200,1028.81,102.88,102880,"NotifyNepal",https://notifynepal.com/en/silver-price-history-nepal,Secondary-only
2020-12-14,,Silver,"Silver Rate Per Tola",1200,1028.81,102.88,102880,"NotifyNepal",https://notifynepal.com/en/silver-price-history-nepal,Secondary-only
2020-12-13,,Silver,"Silver Rate Per Tola",1200,1028.81,102.88,102880,"NotifyNepal",https://notifynepal.com/en/silver-price-history-nepal,Secondary-only
2020-12-11,,Silver,"Silver Rate Per Tola",1200,1028.81,102.88,102880,"NotifyNepal",https://notifynepal.com/en/silver-price-history-nepal,Secondary-only
2020-12-10,,Silver,"Silver Rate Per Tola",1200,1028.81,102.88,102880,"NotifyNepal",https://notifynepal.com/en/silver-price-history-nepal,Secondary-only
2020-12-09,,Silver,"Silver Rate Per Tola",1215,1041.67,104.17,104170,"NotifyNepal",https://notifynepal.com/en/silver-price-history-nepal,Secondary-only
2020-12-08,,Silver,"Silver Rate Per Tola",1235,1058.81,105.88,105880,"NotifyNepal",https://notifynepal.com/en/silver-price-history-nepal,Secondary-only
2020-12-07,,Silver,"Silver Rate Per Tola",1205,1033.09,103.31,103310,"NotifyNepal",https://notifynepal.com/en/silver-price-history-nepal,Secondary-only
2020-12-06,,Silver,"Silver Rate Per Tola",1211,1038.24,103.82,103820,"NotifyNepal",https://notifynepal.com/en/silver-price-history-nepal,Secondary-only
2020-12-04,,Silver,"Silver Rate Per Tola",1211,1038.24,103.82,103820,"NotifyNepal",https://notifynepal.com/en/silver-price-history-nepal,Secondary-only
2020-12-03,,Silver,"Silver Rate Per Tola",1205,1033.09,103.31,103310,"NotifyNepal",https://notifynepal.com/en/silver-price-history-nepal,Secondary-only
2020-12-02,,Silver,"Silver Rate Per Tola",1185,1015.95,101.59,101590,"NotifyNepal",https://notifynepal.com/en/silver-price-history-nepal,Secondary-only
2020-12-01,,Silver,"Silver Rate Per Tola",1155,990.23,99.02,99020,"NotifyNepal",https://notifynepal.com/en/silver-price-history-nepal,Secondary-only
2020-11-30,,Silver,"Silver Rate Per Tola",1120,960.22,96.02,96020,"NotifyNepal",https://notifynepal.com/en/silver-price-history-nepal,Secondary-only
2020-11-29,,Silver,"Silver Rate Per Tola",1150,985.94,98.59,98590,"NotifyNepal",https://notifynepal.com/en/silver-price-history-nepal,Secondary-only
2020-11-27,,Silver,"Silver Rate Per Tola",1165,998.8,99.88,99880,"NotifyNepal",https://notifynepal.com/en/silver-price-history-nepal,Secondary-only
2020-11-26,,Silver,"Silver Rate Per Tola",1176,1008.23,100.82,100820,"NotifyNepal",https://notifynepal.com/en/silver-price-history-nepal,Secondary-only
2020-11-25,,Silver,"Silver Rate Per Tola",1176,1008.23,100.82,100820,"NotifyNepal",https://notifynepal.com/en/silver-price-history-nepal,Secondary-only
2020-11-24,,Silver,"Silver Rate Per Tola",1180,1011.66,101.17,101170,"NotifyNepal",https://notifynepal.com/en/silver-price-history-nepal,Secondary-only
2020-11-23,,Silver,"Silver Rate Per Tola",1211,1038.24,103.82,103820,"NotifyNepal",https://notifynepal.com/en/silver-price-history-nepal,Secondary-only
2020-11-22,,Silver,"Silver Rate Per Tola",1211,1038.24,103.82,103820,"NotifyNepal",https://notifynepal.com/en/silver-price-history-nepal,Secondary-only
2020-11-20,,Silver,"Silver Rate Per Tola",1211,1038.24,103.82,103820,"NotifyNepal",https://notifynepal.com/en/silver-price-history-nepal,Secondary-only
2020-11-19,,Silver,"Silver Rate Per Tola",1215,1041.67,104.17,104170,"NotifyNepal",https://notifynepal.com/en/silver-price-history-nepal,Secondary-only
2020-11-18,,Silver,"Silver Rate Per Tola",1231,1055.38,105.54,105540,"NotifyNepal",https://notifynepal.com/en/silver-price-history-nepal,Secondary-only
2020-11-13,,Silver,"Silver Rate Per Tola",1220,1045.95,104.6,104600,"NotifyNepal",https://notifynepal.com/en/silver-price-history-nepal,Secondary-only
2020-11-12,,Silver,"Silver Rate Per Tola",1220,1045.95,104.6,104600,"NotifyNepal",https://notifynepal.com/en/silver-price-history-nepal,Secondary-only
2020-11-11,,Silver,"Silver Rate Per Tola",1220,1045.95,104.6,104600,"NotifyNepal",https://notifynepal.com/en/silver-price-history-nepal,Secondary-only
2020-11-10,,Silver,"Silver Rate Per Tola",1215,1041.67,104.17,104170,"NotifyNepal",https://notifynepal.com/en/silver-price-history-nepal,Secondary-only
2020-11-09,,Silver,"Silver Rate Per Tola",1285,1101.68,110.17,110170,"NotifyNepal",https://notifynepal.com/en/silver-price-history-nepal,Secondary-only
2020-11-08,,Silver,"Silver Rate Per Tola",1275,1093.11,109.31,109310,"NotifyNepal",https://notifynepal.com/en/silver-price-history-nepal,Secondary-only
2020-11-06,,Silver,"Silver Rate Per Tola",1255,1075.96,107.6,107600,"NotifyNepal",https://notifynepal.com/en/silver-price-history-nepal,Secondary-only
2020-11-05,,Silver,"Silver Rate Per Tola",1211,1038.24,103.82,103820,"NotifyNepal",https://notifynepal.com/en/silver-price-history-nepal,Secondary-only
2020-11-04,,Silver,"Silver Rate Per Tola",1205,1033.09,103.31,103310,"NotifyNepal",https://notifynepal.com/en/silver-price-history-nepal,Secondary-only
2020-11-03,,Silver,"Silver Rate Per Tola",1211,1038.24,103.82,103820,"NotifyNepal",https://notifynepal.com/en/silver-price-history-nepal,Secondary-only
2020-11-02,,Silver,"Silver Rate Per Tola",1205,1033.09,103.31,103310,"NotifyNepal",https://notifynepal.com/en/silver-price-history-nepal,Secondary-only
2020-11-01,,Silver,"Silver Rate Per Tola",1196,1025.38,102.54,102540,"NotifyNepal",https://notifynepal.com/en/silver-price-history-nepal,Secondary-only
2020-10-30,,Silver,"Silver Rate Per Tola",1180,1011.66,101.17,101170,"NotifyNepal",https://notifynepal.com/en/silver-price-history-nepal,Secondary-only
2020-10-29,,Silver,"Silver Rate Per Tola",1180,1011.66,101.17,101170,"NotifyNepal",https://notifynepal.com/en/silver-price-history-nepal,Secondary-only
2020-10-22,,Silver,"Silver Rate Per Tola",1231,1055.38,105.54,105540,"NotifyNepal",https://notifynepal.com/en/silver-price-history-nepal,Secondary-only
2020-10-21,,Silver,"Silver Rate Per Tola",1240,1063.1,106.31,106310,"NotifyNepal",https://notifynepal.com/en/silver-price-history-nepal,Secondary-only
2020-10-20,,Silver,"Silver Rate Per Tola",1211,1038.24,103.82,103820,"NotifyNepal",https://notifynepal.com/en/silver-price-history-nepal,Secondary-only
2020-10-19,,Silver,"Silver Rate Per Tola",1200,1028.81,102.88,102880,"NotifyNepal",https://notifynepal.com/en/silver-price-history-nepal,Secondary-only
2020-10-18,,Silver,"Silver Rate Per Tola",1200,1028.81,102.88,102880,"NotifyNepal",https://notifynepal.com/en/silver-price-history-nepal,Secondary-only
2020-10-16,,Silver,"Silver Rate Per Tola",1200,1028.81,102.88,102880,"NotifyNepal",https://notifynepal.com/en/silver-price-history-nepal,Secondary-only
2020-10-15,,Silver,"Silver Rate Per Tola",1200,1028.81,102.88,102880,"NotifyNepal",https://notifynepal.com/en/silver-price-history-nepal,Secondary-only
2020-10-14,,Silver,"Silver Rate Per Tola",1205,1033.09,103.31,103310,"NotifyNepal",https://notifynepal.com/en/silver-price-history-nepal,Secondary-only
2020-10-13,,Silver,"Silver Rate Per Tola",1225,1050.24,105.02,105020,"NotifyNepal",https://notifynepal.com/en/silver-price-history-nepal,Secondary-only
2020-10-12,,Silver,"Silver Rate Per Tola",1246,1068.24,106.82,106820,"NotifyNepal",https://notifynepal.com/en/silver-price-history-nepal,Secondary-only
2020-10-11,,Silver,"Silver Rate Per Tola",1235,1058.81,105.88,105880,"NotifyNepal",https://notifynepal.com/en/silver-price-history-nepal,Secondary-only
2020-10-09,,Silver,"Silver Rate Per Tola",1196,1025.38,102.54,102540,"NotifyNepal",https://notifynepal.com/en/silver-price-history-nepal,Secondary-only
2020-10-08,,Silver,"Silver Rate Per Tola",1180,1011.66,101.17,101170,"NotifyNepal",https://notifynepal.com/en/silver-price-history-nepal,Secondary-only
2020-10-07,,Silver,"Silver Rate Per Tola",1176,1008.23,100.82,100820,"NotifyNepal",https://notifynepal.com/en/silver-price-history-nepal,Secondary-only
2020-10-06,,Silver,"Silver Rate Per Tola",1200,1028.81,102.88,102880,"NotifyNepal",https://notifynepal.com/en/silver-price-history-nepal,Secondary-only
2020-10-05,,Silver,"Silver Rate Per Tola",1180,1011.66,101.17,101170,"NotifyNepal",https://notifynepal.com/en/silver-price-history-nepal,Secondary-only
2020-10-04,,Silver,"Silver Rate Per Tola",1180,1011.66,101.17,101170,"NotifyNepal",https://notifynepal.com/en/silver-price-history-nepal,Secondary-only
2020-10-02,,Silver,"Silver Rate Per Tola",1176,1008.23,100.82,100820,"NotifyNepal",https://notifynepal.com/en/silver-price-history-nepal,Secondary-only
2020-10-01,,Silver,"Silver Rate Per Tola",1176,1008.23,100.82,100820,"NotifyNepal",https://notifynepal.com/en/silver-price-history-nepal,Secondary-only
2020-09-30,,Silver,"Silver Rate Per Tola",1190,1020.23,102.02,102020,"NotifyNepal",https://notifynepal.com/en/silver-price-history-nepal,Secondary-only
2020-09-29,,Silver,"Silver Rate Per Tola",1176,1008.23,100.82,100820,"NotifyNepal",https://notifynepal.com/en/silver-price-history-nepal,Secondary-only
2020-09-28,,Silver,"Silver Rate Per Tola",1150,985.94,98.59,98590,"NotifyNepal",https://notifynepal.com/en/silver-price-history-nepal,Secondary-only
2020-09-27,,Silver,"Silver Rate Per Tola",1150,985.94,98.59,98590,"NotifyNepal",https://notifynepal.com/en/silver-price-history-nepal,Secondary-only
2020-09-25,,Silver,"Silver Rate Per Tola",1161,995.37,99.54,99540,"NotifyNepal",https://notifynepal.com/en/silver-price-history-nepal,Secondary-only
2020-09-24,,Silver,"Silver Rate Per Tola",1120,960.22,96.02,96020,"NotifyNepal",https://notifynepal.com/en/silver-price-history-nepal,Secondary-only
2020-09-23,,Silver,"Silver Rate Per Tola",1191,1021.09,102.11,102110,"NotifyNepal",https://notifynepal.com/en/silver-price-history-nepal,Secondary-only
2020-09-22,,Silver,"Silver Rate Per Tola",1231,1055.38,105.54,105540,"NotifyNepal",https://notifynepal.com/en/silver-price-history-nepal,Secondary-only
2020-09-21,,Silver,"Silver Rate Per Tola",1320,1131.69,113.17,113170,"NotifyNepal",https://notifynepal.com/en/silver-price-history-nepal,Secondary-only
2020-09-20,,Silver,"Silver Rate Per Tola",1316,1128.26,112.83,112830,"NotifyNepal",https://notifynepal.com/en/silver-price-history-nepal,Secondary-only
2020-09-18,,Silver,"Silver Rate Per Tola",1330,1140.26,114.03,114030,"NotifyNepal",https://notifynepal.com/en/silver-price-history-nepal,Secondary-only
2020-09-17,,Silver,"Silver Rate Per Tola",1320,1131.69,113.17,113170,"NotifyNepal",https://notifynepal.com/en/silver-price-history-nepal,Secondary-only
2020-09-16,,Silver,"Silver Rate Per Tola",1340,1148.83,114.88,114880,"NotifyNepal",https://notifynepal.com/en/silver-price-history-nepal,Secondary-only
2020-09-15,,Silver,"Silver Rate Per Tola",1340,1148.83,114.88,114880,"NotifyNepal",https://notifynepal.com/en/silver-price-history-nepal,Secondary-only
2020-09-14,,Silver,"Silver Rate Per Tola",1320,1131.69,113.17,113170,"NotifyNepal",https://notifynepal.com/en/silver-price-history-nepal,Secondary-only
2020-09-13,,Silver,"Silver Rate Per Tola",1310,1123.11,112.31,112310,"NotifyNepal",https://notifynepal.com/en/silver-price-history-nepal,Secondary-only
2020-09-11,,Silver,"Silver Rate Per Tola",1310,1123.11,112.31,112310,"NotifyNepal",https://notifynepal.com/en/silver-price-history-nepal,Secondary-only
2020-09-10,,Silver,"Silver Rate Per Tola",1325,1135.97,113.6,113600,"NotifyNepal",https://notifynepal.com/en/silver-price-history-nepal,Secondary-only
2020-09-09,,Silver,"Silver Rate Per Tola",1316,1128.26,112.83,112830,"NotifyNepal",https://notifynepal.com/en/silver-price-history-nepal,Secondary-only
2020-09-08,,Silver,"Silver Rate Per Tola",1310,1123.11,112.31,112310,"NotifyNepal",https://notifynepal.com/en/silver-price-history-nepal,Secondary-only
2020-09-07,,Silver,"Silver Rate Per Tola",1320,1131.69,113.17,113170,"NotifyNepal",https://notifynepal.com/en/silver-price-history-nepal,Secondary-only
2020-09-06,,Silver,"Silver Rate Per Tola",1320,1131.69,113.17,113170,"NotifyNepal",https://notifynepal.com/en/silver-price-history-nepal,Secondary-only
2020-09-04,,Silver,"Silver Rate Per Tola",1310,1123.11,112.31,112310,"NotifyNepal",https://notifynepal.com/en/silver-price-history-nepal,Secondary-only
2020-09-03,,Silver,"Silver Rate Per Tola",1345,1153.12,115.31,115310,"NotifyNepal",https://notifynepal.com/en/silver-price-history-nepal,Secondary-only
2020-09-02,,Silver,"Silver Rate Per Tola",1365,1170.27,117.03,117030,"NotifyNepal",https://notifynepal.com/en/silver-price-history-nepal,Secondary-only
2020-09-01,,Silver,"Silver Rate Per Tola",1395,1195.99,119.6,119600,"NotifyNepal",https://notifynepal.com/en/silver-price-history-nepal,Secondary-only
2020-08-31,,Silver,"Silver Rate Per Tola",1365,1170.27,117.03,117030,"NotifyNepal",https://notifynepal.com/en/silver-price-history-nepal,Secondary-only
2020-08-30,,Silver,"Silver Rate Per Tola",1340,1148.83,114.88,114880,"NotifyNepal",https://notifynepal.com/en/silver-price-history-nepal,Secondary-only
2020-08-28,,Silver,"Silver Rate Per Tola",1340,1148.83,114.88,114880,"NotifyNepal",https://notifynepal.com/en/silver-price-history-nepal,Secondary-only
2020-08-27,,Silver,"Silver Rate Per Tola",1345,1153.12,115.31,115310,"NotifyNepal",https://notifynepal.com/en/silver-price-history-nepal,Secondary-only
2020-08-26,,Silver,"Silver Rate Per Tola",1310,1123.11,112.31,112310,"NotifyNepal",https://notifynepal.com/en/silver-price-history-nepal,Secondary-only
2020-08-25,,Silver,"Silver Rate Per Tola",1320,1131.69,113.17,113170,"NotifyNepal",https://notifynepal.com/en/silver-price-history-nepal,Secondary-only
2020-08-24,,Silver,"Silver Rate Per Tola",1320,1131.69,113.17,113170,"NotifyNepal",https://notifynepal.com/en/silver-price-history-nepal,Secondary-only
2020-08-23,,Silver,"Silver Rate Per Tola",1345,1153.12,115.31,115310,"NotifyNepal",https://notifynepal.com/en/silver-price-history-nepal,Secondary-only
2020-08-21,,Silver,"Silver Rate Per Tola",1370,1174.55,117.46,117460,"NotifyNepal",https://notifynepal.com/en/silver-price-history-nepal,Secondary-only
2020-08-20,,Silver,"Silver Rate Per Tola",1360,1165.98,116.6,116600,"NotifyNepal",https://notifynepal.com/en/silver-price-history-nepal,Secondary-only
2020-08-19,,Silver,"Silver Rate Per Tola",1375,1178.84,117.88,117880,"NotifyNepal",https://notifynepal.com/en/silver-price-history-nepal,Secondary-only
2020-08-18,,Silver,"Silver Rate Per Tola",1380,1183.13,118.31,118310,"NotifyNepal",https://notifynepal.com/en/silver-price-history-nepal,Secondary-only
2020-08-17,,Silver,"Silver Rate Per Tola",1316,1128.26,112.83,112830,"NotifyNepal",https://notifynepal.com/en/silver-price-history-nepal,Secondary-only
2020-08-16,,Silver,"Silver Rate Per Tola",1325,1135.97,113.6,113600,"NotifyNepal",https://notifynepal.com/en/silver-price-history-nepal,Secondary-only
2020-08-14,,Silver,"Silver Rate Per Tola",1355,1161.69,116.17,116170,"NotifyNepal",https://notifynepal.com/en/silver-price-history-nepal,Secondary-only
2020-08-13,,Silver,"Silver Rate Per Tola",1295,1110.25,111.03,111030,"NotifyNepal",https://notifynepal.com/en/silver-price-history-nepal,Secondary-only
2020-08-12,,Silver,"Silver Rate Per Tola",1211,1038.24,103.82,103820,"NotifyNepal",https://notifynepal.com/en/silver-price-history-nepal,Secondary-only
2020-08-11,,Silver,"Silver Rate Per Tola",1435,1230.28,123.03,123030,"NotifyNepal",https://notifynepal.com/en/silver-price-history-nepal,Secondary-only
2020-08-10,,Silver,"Silver Rate Per Tola",1395,1195.99,119.6,119600,"NotifyNepal",https://notifynepal.com/en/silver-price-history-nepal,Secondary-only
2020-08-09,,Silver,"Silver Rate Per Tola",1410,1208.85,120.88,120880,"NotifyNepal",https://notifynepal.com/en/silver-price-history-nepal,Secondary-only
2020-08-07,,Silver,"Silver Rate Per Tola",1405,1204.56,120.46,120460,"NotifyNepal",https://notifynepal.com/en/silver-price-history-nepal,Secondary-only
2020-08-06,,Silver,"Silver Rate Per Tola",1345,1153.12,115.31,115310,"NotifyNepal",https://notifynepal.com/en/silver-price-history-nepal,Secondary-only
2020-08-05,,Silver,"Silver Rate Per Tola",1295,1110.25,111.03,111030,"NotifyNepal",https://notifynepal.com/en/silver-price-history-nepal,Secondary-only
2020-08-04,,Silver,"Silver Rate Per Tola",1231,1055.38,105.54,105540,"NotifyNepal",https://notifynepal.com/en/silver-price-history-nepal,Secondary-only
2020-08-03,,Silver,"Silver Rate Per Tola",1231,1055.38,105.54,105540,"NotifyNepal",https://notifynepal.com/en/silver-price-history-nepal,Secondary-only
2020-08-02,,Silver,"Silver Rate Per Tola",1231,1055.38,105.54,105540,"NotifyNepal",https://notifynepal.com/en/silver-price-history-nepal,Secondary-only
2020-07-31,,Silver,"Silver Rate Per Tola",1200,1028.81,102.88,102880,"NotifyNepal",https://notifynepal.com/en/silver-price-history-nepal,Secondary-only
2020-07-30,,Silver,"Silver Rate Per Tola",1225,1050.24,105.02,105020,"NotifyNepal",https://notifynepal.com/en/silver-price-history-nepal,Secondary-only
2020-07-29,,Silver,"Silver Rate Per Tola",1225,1050.24,105.02,105020,"NotifyNepal",https://notifynepal.com/en/silver-price-history-nepal,Secondary-only
2020-07-28,,Silver,"Silver Rate Per Tola",1246,1068.24,106.82,106820,"NotifyNepal",https://notifynepal.com/en/silver-price-history-nepal,Secondary-only
2020-07-27,,Silver,"Silver Rate Per Tola",1211,1038.24,103.82,103820,"NotifyNepal",https://notifynepal.com/en/silver-price-history-nepal,Secondary-only
2020-07-26,,Silver,"Silver Rate Per Tola",1155,990.23,99.02,99020,"NotifyNepal",https://notifynepal.com/en/silver-price-history-nepal,Secondary-only
2020-07-24,,Silver,"Silver Rate Per Tola",1150,985.94,98.59,98590,"NotifyNepal",https://notifynepal.com/en/silver-price-history-nepal,Secondary-only
2020-07-23,,Silver,"Silver Rate Per Tola",1145,981.65,98.17,98170,"NotifyNepal",https://notifynepal.com/en/silver-price-history-nepal,Secondary-only
2020-07-22,,Silver,"Silver Rate Per Tola",1135,973.08,97.31,97310,"NotifyNepal",https://notifynepal.com/en/silver-price-history-nepal,Secondary-only
2020-07-21,,Silver,"Silver Rate Per Tola",1040,891.63,89.16,89160,"NotifyNepal",https://notifynepal.com/en/silver-price-history-nepal,Secondary-only
2020-07-20,,Silver,"Silver Rate Per Tola",1001,858.2,85.82,85820,"NotifyNepal",https://notifynepal.com/en/silver-price-history-nepal,Secondary-only
2020-07-19,,Silver,"Silver Rate Per Tola",1005,861.63,86.16,86160,"NotifyNepal",https://notifynepal.com/en/silver-price-history-nepal,Secondary-only
2020-07-17,,Silver,"Silver Rate Per Tola",995,853.05,85.31,85310,"NotifyNepal",https://notifynepal.com/en/silver-price-history-nepal,Secondary-only
2020-07-16,,Silver,"Silver Rate Per Tola",1005,861.63,86.16,86160,"NotifyNepal",https://notifynepal.com/en/silver-price-history-nepal,Secondary-only
2020-07-15,,Silver,"Silver Rate Per Tola",1005,861.63,86.16,86160,"NotifyNepal",https://notifynepal.com/en/silver-price-history-nepal,Secondary-only
2020-07-14,,Silver,"Silver Rate Per Tola",995,853.05,85.31,85310,"NotifyNepal",https://notifynepal.com/en/silver-price-history-nepal,Secondary-only
2020-07-13,,Silver,"Silver Rate Per Tola",990,848.77,84.88,84880,"NotifyNepal",https://notifynepal.com/en/silver-price-history-nepal,Secondary-only
2020-07-12,,Silver,"Silver Rate Per Tola",980,840.19,84.02,84020,"NotifyNepal",https://notifynepal.com/en/silver-price-history-nepal,Secondary-only
2020-07-10,,Silver,"Silver Rate Per Tola",980,840.19,84.02,84020,"NotifyNepal",https://notifynepal.com/en/silver-price-history-nepal,Secondary-only
2020-07-09,,Silver,"Silver Rate Per Tola",980,840.19,84.02,84020,"NotifyNepal",https://notifynepal.com/en/silver-price-history-nepal,Secondary-only
2020-07-08,,Silver,"Silver Rate Per Tola",955,818.76,81.88,81880,"NotifyNepal",https://notifynepal.com/en/silver-price-history-nepal,Secondary-only
2020-07-07,,Silver,"Silver Rate Per Tola",951,815.33,81.53,81530,"NotifyNepal",https://notifynepal.com/en/silver-price-history-nepal,Secondary-only
2020-07-06,,Silver,"Silver Rate Per Tola",940,805.9,80.59,80590,"NotifyNepal",https://notifynepal.com/en/silver-price-history-nepal,Secondary-only
2020-07-05,,Silver,"Silver Rate Per Tola",940,805.9,80.59,80590,"NotifyNepal",https://notifynepal.com/en/silver-price-history-nepal,Secondary-only
2020-07-03,,Silver,"Silver Rate Per Tola",940,805.9,80.59,80590,"NotifyNepal",https://notifynepal.com/en/silver-price-history-nepal,Secondary-only
2020-07-02,,Silver,"Silver Rate Per Tola",951,815.33,81.53,81530,"NotifyNepal",https://notifynepal.com/en/silver-price-history-nepal,Secondary-only
2020-07-01,,Silver,"Silver Rate Per Tola",960,823.05,82.3,82300,"NotifyNepal",https://notifynepal.com/en/silver-price-history-nepal,Secondary-only
2020-06-30,,Silver,"Silver Rate Per Tola",945,810.19,81.02,81020,"NotifyNepal",https://notifynepal.com/en/silver-price-history-nepal,Secondary-only
2020-06-29,,Silver,"Silver Rate Per Tola",945,810.19,81.02,81020,"NotifyNepal",https://notifynepal.com/en/silver-price-history-nepal,Secondary-only
2020-06-28,,Silver,"Silver Rate Per Tola",945,810.19,81.02,81020,"NotifyNepal",https://notifynepal.com/en/silver-price-history-nepal,Secondary-only
2020-06-26,,Silver,"Silver Rate Per Tola",940,805.9,80.59,80590,"NotifyNepal",https://notifynepal.com/en/silver-price-history-nepal,Secondary-only
2020-06-25,,Silver,"Silver Rate Per Tola",935,801.61,80.16,80160,"NotifyNepal",https://notifynepal.com/en/silver-price-history-nepal,Secondary-only
2020-06-24,,Silver,"Silver Rate Per Tola",945,810.19,81.02,81020,"NotifyNepal",https://notifynepal.com/en/silver-price-history-nepal,Secondary-only
2020-06-23,,Silver,"Silver Rate Per Tola",940,805.9,80.59,80590,"NotifyNepal",https://notifynepal.com/en/silver-price-history-nepal,Secondary-only
2020-06-22,,Silver,"Silver Rate Per Tola",951,815.33,81.53,81530,"NotifyNepal",https://notifynepal.com/en/silver-price-history-nepal,Secondary-only
2020-06-21,,Silver,"Silver Rate Per Tola",940,805.9,80.59,80590,"NotifyNepal",https://notifynepal.com/en/silver-price-history-nepal,Secondary-only
2020-06-19,,Silver,"Silver Rate Per Tola",931,798.18,79.82,79820,"NotifyNepal",https://notifynepal.com/en/silver-price-history-nepal,Secondary-only
2020-06-18,,Silver,"Silver Rate Per Tola",935,801.61,80.16,80160,"NotifyNepal",https://notifynepal.com/en/silver-price-history-nepal,Secondary-only
2020-06-17,,Silver,"Silver Rate Per Tola",931,798.18,79.82,79820,"NotifyNepal",https://notifynepal.com/en/silver-price-history-nepal,Secondary-only
2020-06-16,,Silver,"Silver Rate Per Tola",925,793.04,79.3,79300,"NotifyNepal",https://notifynepal.com/en/silver-price-history-nepal,Secondary-only
2020-06-15,,Silver,"Silver Rate Per Tola",925,793.04,79.3,79300,"NotifyNepal",https://notifynepal.com/en/silver-price-history-nepal,Secondary-only
2020-06-14,,Silver,"Silver Rate Per Tola",935,801.61,80.16,80160,"NotifyNepal",https://notifynepal.com/en/silver-price-history-nepal,Secondary-only
2020-06-12,,Silver,"Silver Rate Per Tola",935,801.61,80.16,80160,"NotifyNepal",https://notifynepal.com/en/silver-price-history-nepal,Secondary-only
2020-06-11,,Silver,"Silver Rate Per Tola",951,815.33,81.53,81530,"NotifyNepal",https://notifynepal.com/en/silver-price-history-nepal,Secondary-only
2020-06-10,,Silver,"Silver Rate Per Tola",935,801.61,80.16,80160,"NotifyNepal",https://notifynepal.com/en/silver-price-history-nepal,Secondary-only
2020-06-09,,Silver,"Silver Rate Per Tola",931,798.18,79.82,79820,"NotifyNepal",https://notifynepal.com/en/silver-price-history-nepal,Secondary-only
2020-06-08,,Silver,"Silver Rate Per Tola",931,798.18,79.82,79820,"NotifyNepal",https://notifynepal.com/en/silver-price-history-nepal,Secondary-only
2020-06-07,,Silver,"Silver Rate Per Tola",925,793.04,79.3,79300,"NotifyNepal",https://notifynepal.com/en/silver-price-history-nepal,Secondary-only
2020-03-23,,Silver,"Silver Rate Per Tola",721,618.14,61.81,61810,"NotifyNepal",https://notifynepal.com/en/silver-price-history-nepal,Secondary-only
2020-03-22,,Silver,"Silver Rate Per Tola",721,618.14,61.81,61810,"NotifyNepal",https://notifynepal.com/en/silver-price-history-nepal,Secondary-only
2020-03-20,,Silver,"Silver Rate Per Tola",700,600.14,60.01,60010,"NotifyNepal",https://notifynepal.com/en/silver-price-history-nepal,Secondary-only
2020-03-19,,Silver,"Silver Rate Per Tola",680,582.99,58.3,58300,"NotifyNepal",https://notifynepal.com/en/silver-price-history-nepal,Secondary-only
2020-03-18,,Silver,"Silver Rate Per Tola",710,608.71,60.87,60870,"NotifyNepal",https://notifynepal.com/en/silver-price-history-nepal,Secondary-only
2020-03-17,,Silver,"Silver Rate Per Tola",710,608.71,60.87,60870,"NotifyNepal",https://notifynepal.com/en/silver-price-history-nepal,Secondary-only
2020-03-16,,Silver,"Silver Rate Per Tola",791,678.16,67.82,67820,"NotifyNepal",https://notifynepal.com/en/silver-price-history-nepal,Secondary-only
2020-03-15,,Silver,"Silver Rate Per Tola",791,678.16,67.82,67820,"NotifyNepal",https://notifynepal.com/en/silver-price-history-nepal,Secondary-only
2020-03-13,,Silver,"Silver Rate Per Tola",820,703.02,70.3,70300,"NotifyNepal",https://notifynepal.com/en/silver-price-history-nepal,Secondary-only
2020-03-12,,Silver,"Silver Rate Per Tola",861,738.17,73.82,73820,"NotifyNepal",https://notifynepal.com/en/silver-price-history-nepal,Secondary-only
2020-03-11,,Silver,"Silver Rate Per Tola",881,755.32,75.53,75530,"NotifyNepal",https://notifynepal.com/en/silver-price-history-nepal,Secondary-only
2020-03-10,,Silver,"Silver Rate Per Tola",881,755.32,75.53,75530,"NotifyNepal",https://notifynepal.com/en/silver-price-history-nepal,Secondary-only
2020-03-08,,Silver,"Silver Rate Per Tola",890,763.03,76.3,76300,"NotifyNepal",https://notifynepal.com/en/silver-price-history-nepal,Secondary-only
2020-03-06,,Silver,"Silver Rate Per Tola",890,763.03,76.3,76300,"NotifyNepal",https://notifynepal.com/en/silver-price-history-nepal,Secondary-only
2020-02-04,,Silver,"Silver Rate Per Tola",881,755.32,75.53,75530,"NotifyNepal",https://notifynepal.com/en/silver-price-history-nepal,Secondary-only
2020-02-03,,Silver,"Silver Rate Per Tola",890,763.03,76.3,76300,"NotifyNepal",https://notifynepal.com/en/silver-price-history-nepal,Secondary-only
2020-02-02,,Silver,"Silver Rate Per Tola",896,768.18,76.82,76820,"NotifyNepal",https://notifynepal.com/en/silver-price-history-nepal,Secondary-only
2020-01-31,,Silver,"Silver Rate Per Tola",890,763.03,76.3,76300,"NotifyNepal",https://notifynepal.com/en/silver-price-history-nepal,Secondary-only
2020-01-30,,Silver,"Silver Rate Per Tola",881,755.32,75.53,75530,"NotifyNepal",https://notifynepal.com/en/silver-price-history-nepal,Secondary-only
2020-01-29,,Silver,"Silver Rate Per Tola",870,745.88,74.59,74590,"NotifyNepal",https://notifynepal.com/en/silver-price-history-nepal,Secondary-only
2020-01-28,,Silver,"Silver Rate Per Tola",896,768.18,76.82,76820,"NotifyNepal",https://notifynepal.com/en/silver-price-history-nepal,Secondary-only
2020-01-27,,Silver,"Silver Rate Per Tola",900,771.6,77.16,77160,"NotifyNepal",https://notifynepal.com/en/silver-price-history-nepal,Secondary-only
2020-01-26,,Silver,"Silver Rate Per Tola",896,768.18,76.82,76820,"NotifyNepal",https://notifynepal.com/en/silver-price-history-nepal,Secondary-only
2020-01-24,,Silver,"Silver Rate Per Tola",885,758.74,75.87,75870,"NotifyNepal",https://notifynepal.com/en/silver-price-history-nepal,Secondary-only
2020-01-23,,Silver,"Silver Rate Per Tola",885,758.74,75.87,75870,"NotifyNepal",https://notifynepal.com/en/silver-price-history-nepal,Secondary-only
2020-01-22,,Silver,"Silver Rate Per Tola",881,755.32,75.53,75530,"NotifyNepal",https://notifynepal.com/en/silver-price-history-nepal,Secondary-only
2020-01-21,,Silver,"Silver Rate Per Tola",896,768.18,76.82,76820,"NotifyNepal",https://notifynepal.com/en/silver-price-history-nepal,Secondary-only
2020-01-20,,Silver,"Silver Rate Per Tola",890,763.03,76.3,76300,"NotifyNepal",https://notifynepal.com/en/silver-price-history-nepal,Secondary-only
2020-01-19,,Silver,"Silver Rate Per Tola",890,763.03,76.3,76300,"NotifyNepal",https://notifynepal.com/en/silver-price-history-nepal,Secondary-only
2020-01-17,,Silver,"Silver Rate Per Tola",890,763.03,76.3,76300,"NotifyNepal",https://notifynepal.com/en/silver-price-history-nepal,Secondary-only
2020-01-16,,Silver,"Silver Rate Per Tola",885,758.74,75.87,75870,"NotifyNepal",https://notifynepal.com/en/silver-price-history-nepal,Secondary-only
2020-01-15,,Silver,"Silver Rate Per Tola",885,758.74,75.87,75870,"NotifyNepal",https://notifynepal.com/en/silver-price-history-nepal,Secondary-only
2020-01-14,,Silver,"Silver Rate Per Tola",881,755.32,75.53,75530,"NotifyNepal",https://notifynepal.com/en/silver-price-history-nepal,Secondary-only
2020-01-13,,Silver,"Silver Rate Per Tola",890,763.03,76.3,76300,"NotifyNepal",https://notifynepal.com/en/silver-price-history-nepal,Secondary-only
2020-01-12,,Silver,"Silver Rate Per Tola",890,763.03,76.3,76300,"NotifyNepal",https://notifynepal.com/en/silver-price-history-nepal,Secondary-only
2020-01-10,,Silver,"Silver Rate Per Tola",885,758.74,75.87,75870,"NotifyNepal",https://notifynepal.com/en/silver-price-history-nepal,Secondary-only
2020-01-09,,Silver,"Silver Rate Per Tola",900,771.6,77.16,77160,"NotifyNepal",https://notifynepal.com/en/silver-price-history-nepal,Secondary-only
2020-01-08,,Silver,"Silver Rate Per Tola",920,788.75,78.88,78880,"NotifyNepal",https://notifynepal.com/en/silver-price-history-nepal,Secondary-only
2020-01-07,,Silver,"Silver Rate Per Tola",900,771.6,77.16,77160,"NotifyNepal",https://notifynepal.com/en/silver-price-history-nepal,Secondary-only
2020-01-06,,Silver,"Silver Rate Per Tola",920,788.75,78.88,78880,"NotifyNepal",https://notifynepal.com/en/silver-price-history-nepal,Secondary-only
2020-01-05,,Silver,"Silver Rate Per Tola",900,771.6,77.16,77160,"NotifyNepal",https://notifynepal.com/en/silver-price-history-nepal,Secondary-only
2020-01-03,,Silver,"Silver Rate Per Tola",900,771.6,77.16,77160,"NotifyNepal",https://notifynepal.com/en/silver-price-history-nepal,Secondary-only
2020-01-02,,Silver,"Silver Rate Per Tola",890,763.03,76.3,76300,"NotifyNepal",https://notifynepal.com/en/silver-price-history-nepal,Secondary-only
2020-01-01,,Silver,"Silver Rate Per Tola",890,763.03,76.3,76300,"NotifyNepal",https://notifynepal.com/en/silver-price-history-nepal,Secondary-only
2019-12-31,,Silver,"Silver Rate Per Tola",900,771.6,77.16,77160,"NotifyNepal",https://notifynepal.com/en/silver-price-history-nepal,Secondary-only
2019-12-30,,Silver,"Silver Rate Per Tola",890,763.03,76.3,76300,"NotifyNepal",https://notifynepal.com/en/silver-price-history-nepal,Secondary-only
2019-12-29,,Silver,"Silver Rate Per Tola",885,758.74,75.87,75870,"NotifyNepal",https://notifynepal.com/en/silver-price-history-nepal,Secondary-only
2019-12-27,,Silver,"Silver Rate Per Tola",890,763.03,76.3,76300,"NotifyNepal",https://notifynepal.com/en/silver-price-history-nepal,Secondary-only
2019-12-26,,Silver,"Silver Rate Per Tola",890,763.03,76.3,76300,"NotifyNepal",https://notifynepal.com/en/silver-price-history-nepal,Secondary-only
2019-12-25,,Silver,"Silver Rate Per Tola",885,758.74,75.87,75870,"NotifyNepal",https://notifynepal.com/en/silver-price-history-nepal,Secondary-only
2019-12-24,,Silver,"Silver Rate Per Tola",875,750.17,75.02,75020,"NotifyNepal",https://notifynepal.com/en/silver-price-history-nepal,Secondary-only
2019-12-23,,Silver,"Silver Rate Per Tola",861,738.17,73.82,73820,"NotifyNepal",https://notifynepal.com/en/silver-price-history-nepal,Secondary-only
2019-12-22,,Silver,"Silver Rate Per Tola",855,733.02,73.3,73300,"NotifyNepal",https://notifynepal.com/en/silver-price-history-nepal,Secondary-only
2019-12-20,,Silver,"Silver Rate Per Tola",850,728.74,72.87,72870,"NotifyNepal",https://notifynepal.com/en/silver-price-history-nepal,Secondary-only
2019-12-19,,Silver,"Silver Rate Per Tola",850,728.74,72.87,72870,"NotifyNepal",https://notifynepal.com/en/silver-price-history-nepal,Secondary-only
2019-12-18,,Silver,"Silver Rate Per Tola",850,728.74,72.87,72870,"NotifyNepal",https://notifynepal.com/en/silver-price-history-nepal,Secondary-only
2019-12-17,,Silver,"Silver Rate Per Tola",850,728.74,72.87,72870,"NotifyNepal",https://notifynepal.com/en/silver-price-history-nepal,Secondary-only
2019-12-16,,Silver,"Silver Rate Per Tola",846,725.31,72.53,72530,"NotifyNepal",https://notifynepal.com/en/silver-price-history-nepal,Secondary-only
2019-12-15,,Silver,"Silver Rate Per Tola",846,725.31,72.53,72530,"NotifyNepal",https://notifynepal.com/en/silver-price-history-nepal,Secondary-only
2019-12-13,,Silver,"Silver Rate Per Tola",840,720.16,72.02,72020,"NotifyNepal",https://notifynepal.com/en/silver-price-history-nepal,Secondary-only
2019-12-12,,Silver,"Silver Rate Per Tola",840,720.16,72.02,72020,"NotifyNepal",https://notifynepal.com/en/silver-price-history-nepal,Secondary-only
2019-12-11,,Silver,"Silver Rate Per Tola",830,711.59,71.16,71160,"NotifyNepal",https://notifynepal.com/en/silver-price-history-nepal,Secondary-only
2019-12-10,,Silver,"Silver Rate Per Tola",830,711.59,71.16,71160,"NotifyNepal",https://notifynepal.com/en/silver-price-history-nepal,Secondary-only
2019-12-09,,Silver,"Silver Rate Per Tola",835,715.88,71.59,71590,"NotifyNepal",https://notifynepal.com/en/silver-price-history-nepal,Secondary-only
2019-12-08,,Silver,"Silver Rate Per Tola",840,720.16,72.02,72020,"NotifyNepal",https://notifynepal.com/en/silver-price-history-nepal,Secondary-only
2019-12-06,,Silver,"Silver Rate Per Tola",850,728.74,72.87,72870,"NotifyNepal",https://notifynepal.com/en/silver-price-history-nepal,Secondary-only
2019-12-05,,Silver,"Silver Rate Per Tola",850,728.74,72.87,72870,"NotifyNepal",https://notifynepal.com/en/silver-price-history-nepal,Secondary-only
2019-12-04,,Silver,"Silver Rate Per Tola",865,741.6,74.16,74160,"NotifyNepal",https://notifynepal.com/en/silver-price-history-nepal,Secondary-only
2019-12-03,,Silver,"Silver Rate Per Tola",850,728.74,72.87,72870,"NotifyNepal",https://notifynepal.com/en/silver-price-history-nepal,Secondary-only
2019-12-02,,Silver,"Silver Rate Per Tola",850,728.74,72.87,72870,"NotifyNepal",https://notifynepal.com/en/silver-price-history-nepal,Secondary-only
2019-12-01,,Silver,"Silver Rate Per Tola",855,733.02,73.3,73300,"NotifyNepal",https://notifynepal.com/en/silver-price-history-nepal,Secondary-only
2019-11-29,,Silver,"Silver Rate Per Tola",855,733.02,73.3,73300,"NotifyNepal",https://notifynepal.com/en/silver-price-history-nepal,Secondary-only
2019-11-28,,Silver,"Silver Rate Per Tola",850,728.74,72.87,72870,"NotifyNepal",https://notifynepal.com/en/silver-price-history-nepal,Secondary-only
2019-11-27,,Silver,"Silver Rate Per Tola",855,733.02,73.3,73300,"NotifyNepal",https://notifynepal.com/en/silver-price-history-nepal,Secondary-only
2019-11-26,,Silver,"Silver Rate Per Tola",850,728.74,72.87,72870,"NotifyNepal",https://notifynepal.com/en/silver-price-history-nepal,Secondary-only
2019-11-25,,Silver,"Silver Rate Per Tola",855,733.02,73.3,73300,"NotifyNepal",https://notifynepal.com/en/silver-price-history-nepal,Secondary-only
2019-11-24,,Silver,"Silver Rate Per Tola",855,733.02,73.3,73300,"NotifyNepal",https://notifynepal.com/en/silver-price-history-nepal,Secondary-only
2019-11-22,,Silver,"Silver Rate Per Tola",861,738.17,73.82,73820,"NotifyNepal",https://notifynepal.com/en/silver-price-history-nepal,Secondary-only
2019-11-21,,Silver,"Silver Rate Per Tola",861,738.17,73.82,73820,"NotifyNepal",https://notifynepal.com/en/silver-price-history-nepal,Secondary-only
2019-11-20,,Silver,"Silver Rate Per Tola",865,741.6,74.16,74160,"NotifyNepal",https://notifynepal.com/en/silver-price-history-nepal,Secondary-only
2019-11-19,,Silver,"Silver Rate Per Tola",861,738.17,73.82,73820,"NotifyNepal",https://notifynepal.com/en/silver-price-history-nepal,Secondary-only
2019-11-18,,Silver,"Silver Rate Per Tola",850,728.74,72.87,72870,"NotifyNepal",https://notifynepal.com/en/silver-price-history-nepal,Secondary-only
2019-11-17,,Silver,"Silver Rate Per Tola",855,733.02,73.3,73300,"NotifyNepal",https://notifynepal.com/en/silver-price-history-nepal,Secondary-only
2019-11-15,,Silver,"Silver Rate Per Tola",855,733.02,73.3,73300,"NotifyNepal",https://notifynepal.com/en/silver-price-history-nepal,Secondary-only
2019-11-14,,Silver,"Silver Rate Per Tola",861,738.17,73.82,73820,"NotifyNepal",https://notifynepal.com/en/silver-price-history-nepal,Secondary-only
2019-11-13,,Silver,"Silver Rate Per Tola",850,728.74,72.87,72870,"NotifyNepal",https://notifynepal.com/en/silver-price-history-nepal,Secondary-only
2019-11-12,,Silver,"Silver Rate Per Tola",846,725.31,72.53,72530,"NotifyNepal",https://notifynepal.com/en/silver-price-history-nepal,Secondary-only
2019-11-11,,Silver,"Silver Rate Per Tola",846,725.31,72.53,72530,"NotifyNepal",https://notifynepal.com/en/silver-price-history-nepal,Secondary-only
2019-11-10,,Silver,"Silver Rate Per Tola",840,720.16,72.02,72020,"NotifyNepal",https://notifynepal.com/en/silver-price-history-nepal,Secondary-only
2019-11-08,,Silver,"Silver Rate Per Tola",835,715.88,71.59,71590,"NotifyNepal",https://notifynepal.com/en/silver-price-history-nepal,Secondary-only
2019-11-07,,Silver,"Silver Rate Per Tola",850,728.74,72.87,72870,"NotifyNepal",https://notifynepal.com/en/silver-price-history-nepal,Secondary-only
2019-11-06,,Silver,"Silver Rate Per Tola",846,725.31,72.53,72530,"NotifyNepal",https://notifynepal.com/en/silver-price-history-nepal,Secondary-only
2019-11-05,,Silver,"Silver Rate Per Tola",865,741.6,74.16,74160,"NotifyNepal",https://notifynepal.com/en/silver-price-history-nepal,Secondary-only
2019-11-04,,Silver,"Silver Rate Per Tola",870,745.88,74.59,74590,"NotifyNepal",https://notifynepal.com/en/silver-price-history-nepal,Secondary-only
2019-11-03,,Silver,"Silver Rate Per Tola",870,745.88,74.59,74590,"NotifyNepal",https://notifynepal.com/en/silver-price-history-nepal,Secondary-only
2019-11-01,,Silver,"Silver Rate Per Tola",870,745.88,74.59,74590,"NotifyNepal",https://notifynepal.com/en/silver-price-history-nepal,Secondary-only
2019-10-31,,Silver,"Silver Rate Per Tola",861,738.17,73.82,73820,"NotifyNepal",https://notifynepal.com/en/silver-price-history-nepal,Secondary-only
2019-10-25,,Silver,"Silver Rate Per Tola",861,738.17,73.82,73820,"NotifyNepal",https://notifynepal.com/en/silver-price-history-nepal,Secondary-only
2019-10-24,,Silver,"Silver Rate Per Tola",850,728.74,72.87,72870,"NotifyNepal",https://notifynepal.com/en/silver-price-history-nepal,Secondary-only
2019-10-23,,Silver,"Silver Rate Per Tola",850,728.74,72.87,72870,"NotifyNepal",https://notifynepal.com/en/silver-price-history-nepal,Secondary-only
2019-10-22,,Silver,"Silver Rate Per Tola",850,728.74,72.87,72870,"NotifyNepal",https://notifynepal.com/en/silver-price-history-nepal,Secondary-only
2019-10-21,,Silver,"Silver Rate Per Tola",850,728.74,72.87,72870,"NotifyNepal",https://notifynepal.com/en/silver-price-history-nepal,Secondary-only
2019-10-20,,Silver,"Silver Rate Per Tola",850,728.74,72.87,72870,"NotifyNepal",https://notifynepal.com/en/silver-price-history-nepal,Secondary-only
2019-10-18,,Silver,"Silver Rate Per Tola",850,728.74,72.87,72870,"NotifyNepal",https://notifynepal.com/en/silver-price-history-nepal,Secondary-only
2019-10-17,,Silver,"Silver Rate Per Tola",846,725.31,72.53,72530,"NotifyNepal",https://notifynepal.com/en/silver-price-history-nepal,Secondary-only
2019-10-16,,Silver,"Silver Rate Per Tola",850,728.74,72.87,72870,"NotifyNepal",https://notifynepal.com/en/silver-price-history-nepal,Secondary-only
2019-10-15,,Silver,"Silver Rate Per Tola",861,738.17,73.82,73820,"NotifyNepal",https://notifynepal.com/en/silver-price-history-nepal,Secondary-only
2019-10-14,,Silver,"Silver Rate Per Tola",846,725.31,72.53,72530,"NotifyNepal",https://notifynepal.com/en/silver-price-history-nepal,Secondary-only
2019-10-13,,Silver,"Silver Rate Per Tola",846,725.31,72.53,72530,"NotifyNepal",https://notifynepal.com/en/silver-price-history-nepal,Secondary-only
2019-10-11,,Silver,"Silver Rate Per Tola",846,725.31,72.53,72530,"NotifyNepal",https://notifynepal.com/en/silver-price-history-nepal,Secondary-only
2019-10-04,,Silver,"Silver Rate Per Tola",850,728.74,72.87,72870,"NotifyNepal",https://notifynepal.com/en/silver-price-history-nepal,Secondary-only
2019-10-03,,Silver,"Silver Rate Per Tola",850,728.74,72.87,72870,"NotifyNepal",https://notifynepal.com/en/silver-price-history-nepal,Secondary-only
2019-10-02,,Silver,"Silver Rate Per Tola",835,715.88,71.59,71590,"NotifyNepal",https://notifynepal.com/en/silver-price-history-nepal,Secondary-only
2019-10-01,,Silver,"Silver Rate Per Tola",826,708.16,70.82,70820,"NotifyNepal",https://notifynepal.com/en/silver-price-history-nepal,Secondary-only
2019-09-30,,Silver,"Silver Rate Per Tola",840,720.16,72.02,72020,"NotifyNepal",https://notifynepal.com/en/silver-price-history-nepal,Secondary-only
2019-09-29,,Silver,"Silver Rate Per Tola",846,725.31,72.53,72530,"NotifyNepal",https://notifynepal.com/en/silver-price-history-nepal,Secondary-only
2019-09-27,,Silver,"Silver Rate Per Tola",860,737.31,73.73,73730,"NotifyNepal",https://notifynepal.com/en/silver-price-history-nepal,Secondary-only
2019-09-26,,Silver,"Silver Rate Per Tola",865,741.6,74.16,74160,"NotifyNepal",https://notifynepal.com/en/silver-price-history-nepal,Secondary-only
2019-09-25,,Silver,"Silver Rate Per Tola",890,763.03,76.3,76300,"NotifyNepal",https://notifynepal.com/en/silver-price-history-nepal,Secondary-only
2019-09-24,,Silver,"Silver Rate Per Tola",885,758.74,75.87,75870,"NotifyNepal",https://notifynepal.com/en/silver-price-history-nepal,Secondary-only
2019-09-23,,Silver,"Silver Rate Per Tola",875,750.17,75.02,75020,"NotifyNepal",https://notifynepal.com/en/silver-price-history-nepal,Secondary-only
2019-09-22,,Silver,"Silver Rate Per Tola",865,741.6,74.16,74160,"NotifyNepal",https://notifynepal.com/en/silver-price-history-nepal,Secondary-only
2019-09-20,,Silver,"Silver Rate Per Tola",860,737.31,73.73,73730,"NotifyNepal",https://notifynepal.com/en/silver-price-history-nepal,Secondary-only
2019-09-19,,Silver,"Silver Rate Per Tola",855,733.02,73.3,73300,"NotifyNepal",https://notifynepal.com/en/silver-price-history-nepal,Secondary-only